SYMBOL,QUARTER,SIGNAL_TYPE,PREDICTED_TREND,CONFIDENCE_PCT,OPTIONS_ACTION,ACTION_RECOMMENDED,ENTRY_WINDOW,M1_PERIOD,M1_TREND,M1_BODY_PCT,M1_CLOSE_ABOVE_OPEN,M2_PERIOD,M2_TREND,M2_BODY_PCT,M2_CLOSE_ABOVE_OPEN,M3_PERIOD,M3_TREND
21STCENMGM,2026-Q1,ALL3_AGREE,DOWN,96.18,SELL CALLS,ADD_POSITION,Month 3 (late add),2026-01,DOWN,75.5,NO,2026-02,DOWN,29.1,NO,2026-03,DOWN
360ONE,2025-Q4,ALL3_AGREE,UP,96.18,SELL PUTS,ADD_POSITION,Month 3 (late add),2025-10,UP,29.5,YES,2025-11,UP,66.5,YES,2025-12,UP
3IINFOLTD,2026-Q1,ALL3_AGREE,DOWN,96.18,SELL CALLS,ADD_POSITION,Month 3 (late add),2026-01,DOWN,65.6,NO,2026-02,DOWN,34.4,NO,2026-03,DOWN
3MINDIA,2025-Q4,ALL3_AGREE,UP,96.18,SELL PUTS,ADD_POSITION,Month 3 (late add),2025-10,UP,24.2,YES,2025-11,UP,69.0,YES,2025-12,UP
3PLAND,2025-Q4,ALL3_AGREE,DOWN,96.18,SELL CALLS,ADD_POSITION,Month 3 (late add),2025-10,DOWN,5.3,YES,2025-11,DOWN,18.4,NO,2025-12,DOWN
63MOONS,2026-Q1,ALL3_AGREE,DOWN,96.18,SELL CALLS,ADD_POSITION,Month 3 (late add),2026-01,DOWN,41.8,NO,2026-02,DOWN,24.1,NO,2026-03,DOWN
AARTECH,2026-Q1,ALL3_AGREE,DOWN,96.18,SELL CALLS,ADD_POSITION,Month 3 (late add),2026-01,DOWN,25.0,NO,2026-02,DOWN,16.3,NO,2026-03,DOWN
AARTIDRUGS,2026-Q1,ALL3_AGREE,DOWN,96.18,SELL CALLS,ADD_POSITION,Month 3 (late add),2026-01,DOWN,58.7,NO,2026-02,DOWN,10.5,NO,2026-03,DOWN
ABAN,2025-Q4,ALL3_AGREE,DOWN,96.18,SELL CALLS,ADD_POSITION,Month 3 (late add),2025-10,DOWN,55.7,NO,2025-11,DOWN,80.8,NO,2025-12,DOWN
ABB,2026-Q1,ALL3_AGREE,UP,96.18,SELL PUTS,ADD_POSITION,Month 3 (late add),2026-01,UP,38.0,YES,2026-02,UP,55.4,YES,2026-03,UP
ABCOTS,2025-Q4,ALL3_AGREE,DOWN,96.18,SELL CALLS,ADD_POSITION,Month 3 (late add),2025-10,DOWN,34.5,NO,2025-11,DOWN,16.9,NO,2025-12,DOWN
ABINFRA,2025-Q4,ALL3_AGREE,DOWN,96.18,SELL CALLS,ADD_POSITION,Month 3 (late add),2025-10,DOWN,88.4,NO,2025-11,DOWN,3.7,NO,2025-12,DOWN
ABINFRA,2026-Q1,ALL3_AGREE,DOWN,96.18,SELL CALLS,ADD_POSITION,Month 3 (late add),2026-01,DOWN,67.8,YES,2026-02,DOWN,30.0,NO,2026-03,DOWN
ABSLPSE,2026-Q1,ALL3_AGREE,UP,96.18,SELL PUTS,ADD_POSITION,Month 3 (late add),2026-01,UP,17.1,YES,2026-02,UP,31.4,YES,2026-03,UP
ACC,2026-Q1,ALL3_AGREE,DOWN,96.18,SELL CALLS,ADD_POSITION,Month 3 (late add),2026-01,DOWN,62.8,NO,2026-02,DOWN,49.4,NO,2026-03,DOWN
ACCURACY,2025-Q4,ALL3_AGREE,DOWN,96.18,SELL CALLS,ADD_POSITION,Month 3 (late add),2025-10,DOWN,55.1,NO,2025-11,DOWN,45.9,NO,2025-12,DOWN
ACCURACY,2026-Q1,ALL3_AGREE,DOWN,96.18,SELL CALLS,ADD_POSITION,Month 3 (late add),2026-01,DOWN,62.5,NO,2026-02,DOWN,44.9,NO,2026-03,DOWN
ACEINTEG,2026-Q1,ALL3_AGREE,DOWN,96.18,SELL CALLS,ADD_POSITION,Month 3 (late add),2026-01,DOWN,55.5,NO,2026-02,DOWN,33.6,NO,2026-03,DOWN
ACL,2026-Q1,ALL3_AGREE,DOWN,96.18,SELL CALLS,ADD_POSITION,Month 3 (late add),2026-01,DOWN,47.2,NO,2026-02,DOWN,2.3,NO,2026-03,DOWN
ACUTAAS,2026-Q1,ALL3_AGREE,UP,96.18,SELL PUTS,ADD_POSITION,Month 3 (late add),2026-01,UP,50.0,YES,2026-02,UP,59.1,YES,2026-03,UP
ADANIENSOL,2025-Q4,ALL3_AGREE,UP,96.18,SELL PUTS,ADD_POSITION,Month 3 (late add),2025-10,UP,77.4,YES,2025-11,UP,6.7,YES,2025-12,UP
ADANIENT,2025-Q4,ALL3_AGREE,DOWN,96.18,SELL CALLS,ADD_POSITION,Month 3 (late add),2025-10,DOWN,28.5,NO,2025-11,DOWN,65.0,NO,2025-12,DOWN
ADSL,2026-Q1,ALL3_AGREE,DOWN,96.18,SELL CALLS,ADD_POSITION,Month 3 (late add),2026-01,DOWN,64.3,NO,2026-02,DOWN,19.9,NO,2026-03,DOWN
ADVANIHOTR,2025-Q4,ALL3_AGREE,DOWN,96.18,SELL CALLS,ADD_POSITION,Month 3 (late add),2025-10,DOWN,15.5,NO,2025-11,DOWN,21.9,NO,2025-12,DOWN
ADVENTHTL,2026-Q1,ALL3_AGREE,DOWN,96.18,SELL CALLS,ADD_POSITION,Month 3 (late add),2026-01,DOWN,34.2,NO,2026-02,DOWN,10.3,NO,2026-03,DOWN
AERONEU,2026-Q1,ALL3_AGREE,DOWN,96.18,SELL CALLS,ADD_POSITION,Month 3 (late add),2026-01,DOWN,47.8,NO,2026-02,DOWN,1.7,YES,2026-03,DOWN
AFCONS,2025-Q4,ALL3_AGREE,DOWN,96.18,SELL CALLS,ADD_POSITION,Month 3 (late add),2025-10,DOWN,7.4,NO,2025-11,DOWN,61.1,NO,2025-12,DOWN
AFFLE,2026-Q1,ALL3_AGREE,DOWN,96.18,SELL CALLS,ADD_POSITION,Month 3 (late add),2026-01,DOWN,75.4,NO,2026-02,DOWN,53.9,NO,2026-03,DOWN
AFIL,2025-Q4,ALL3_AGREE,DOWN,96.18,SELL CALLS,ADD_POSITION,Month 3 (late add),2025-10,DOWN,38.4,NO,2025-11,DOWN,72.4,NO,2025-12,DOWN
AGARIND,2025-Q4,ALL3_AGREE,DOWN,96.18,SELL CALLS,ADD_POSITION,Month 3 (late add),2025-10,DOWN,85.5,NO,2025-11,DOWN,87.3,NO,2025-12,DOWN
AGARIND,2026-Q1,ALL3_AGREE,DOWN,96.18,SELL CALLS,ADD_POSITION,Month 3 (late add),2026-01,DOWN,13.7,YES,2026-02,DOWN,85.2,NO,2026-03,DOWN
AGI,2025-Q4,ALL3_AGREE,DOWN,96.18,SELL CALLS,ADD_POSITION,Month 3 (late add),2025-10,DOWN,26.1,NO,2025-11,DOWN,64.0,NO,2025-12,DOWN
AGRITECH,2026-Q1,ALL3_AGREE,DOWN,96.18,SELL CALLS,ADD_POSITION,Month 3 (late add),2026-01,DOWN,39.1,NO,2026-02,DOWN,56.4,NO,2026-03,DOWN
AGSTRA,2026-Q1,ALL3_AGREE,DOWN,96.18,SELL CALLS,ADD_POSITION,Month 3 (late add),2026-01,DOWN,34.6,NO,2026-02,DOWN,58.8,NO,2026-03,DOWN
AHLADA,2025-Q4,ALL3_AGREE,DOWN,96.18,SELL CALLS,ADD_POSITION,Month 3 (late add),2025-10,DOWN,27.1,NO,2025-11,DOWN,65.9,NO,2025-12,DOWN
AIAENG,2025-Q4,ALL3_AGREE,UP,96.18,SELL PUTS,ADD_POSITION,Month 3 (late add),2025-10,UP,60.5,YES,2025-11,UP,82.9,YES,2025-12,UP
AIRAN,2025-Q4,ALL3_AGREE,DOWN,96.18,SELL CALLS,ADD_POSITION,Month 3 (late add),2025-10,DOWN,39.0,NO,2025-11,DOWN,86.9,NO,2025-12,DOWN
AJAXENGG,2026-Q1,ALL3_AGREE,DOWN,96.18,SELL CALLS,ADD_POSITION,Month 3 (late add),2026-01,DOWN,55.4,NO,2026-02,DOWN,41.8,NO,2026-03,DOWN
AJMERA,2026-Q1,ALL3_AGREE,DOWN,96.18,SELL CALLS,ADD_POSITION,Month 3 (late add),2026-01,DOWN,94.0,NO,2026-02,DOWN,85.2,NO,2026-03,DOWN
AJOONI,2025-Q4,ALL3_AGREE,DOWN,96.18,SELL CALLS,ADD_POSITION,Month 3 (late add),2025-10,DOWN,29.2,NO,2025-11,DOWN,26.7,NO,2025-12,DOWN
AKG,2025-Q4,ALL3_AGREE,DOWN,96.18,SELL CALLS,ADD_POSITION,Month 3 (late add),2025-10,DOWN,7.5,NO,2025-11,DOWN,86.9,NO,2025-12,DOWN
AKI,2026-Q1,ALL3_AGREE,DOWN,96.18,SELL CALLS,ADD_POSITION,Month 3 (late add),2026-01,DOWN,70.4,NO,2026-02,DOWN,69.8,NO,2026-03,DOWN
AKSHAR,2025-Q4,ALL3_AGREE,DOWN,96.18,SELL CALLS,ADD_POSITION,Month 3 (late add),2025-10,DOWN,5.3,YES,2025-11,DOWN,66.7,NO,2025-12,DOWN
AKSHAR,2026-Q1,ALL3_AGREE,DOWN,96.18,SELL CALLS,ADD_POSITION,Month 3 (late add),2026-01,DOWN,66.7,NO,2026-02,DOWN,60.0,NO,2026-03,DOWN
AKSHARCHEM,2026-Q1,ALL3_AGREE,DOWN,96.18,SELL CALLS,ADD_POSITION,Month 3 (late add),2026-01,DOWN,34.8,NO,2026-02,DOWN,23.7,NO,2026-03,DOWN
ALANKIT,2026-Q1,ALL3_AGREE,DOWN,96.18,SELL CALLS,ADD_POSITION,Month 3 (late add),2026-01,DOWN,66.8,NO,2026-02,DOWN,51.6,NO,2026-03,DOWN
ALEMBICLTD,2025-Q4,ALL3_AGREE,DOWN,96.18,SELL CALLS,ADD_POSITION,Month 3 (late add),2025-10,DOWN,2.4,NO,2025-11,DOWN,10.0,YES,2025-12,DOWN
ALGOQUANT,2026-Q1,ALL3_AGREE,DOWN,96.18,SELL CALLS,ADD_POSITION,Month 3 (late add),2026-01,DOWN,57.4,NO,2026-02,DOWN,15.2,NO,2026-03,DOWN
ALKALI,2026-Q1,ALL3_AGREE,DOWN,96.18,SELL CALLS,ADD_POSITION,Month 3 (late add),2026-01,DOWN,86.2,NO,2026-02,DOWN,44.1,NO,2026-03,DOWN
ALLCARGO,2026-Q1,ALL3_AGREE,DOWN,96.18,SELL CALLS,ADD_POSITION,Month 3 (late add),2026-01,DOWN,9.6,YES,2026-02,DOWN,82.5,NO,2026-03,DOWN
ALOKINDS,2026-Q1,ALL3_AGREE,DOWN,96.18,SELL CALLS,ADD_POSITION,Month 3 (late add),2026-01,DOWN,30.2,NO,2026-02,DOWN,33.1,NO,2026-03,DOWN
ALPA,2025-Q4,ALL3_AGREE,DOWN,96.18,SELL CALLS,ADD_POSITION,Month 3 (late add),2025-10,DOWN,24.9,YES,2025-11,DOWN,72.4,NO,2025-12,DOWN
ALPA,2026-Q1,ALL3_AGREE,DOWN,96.18,SELL CALLS,ADD_POSITION,Month 3 (late add),2026-01,DOWN,54.5,NO,2026-02,DOWN,31.1,NO,2026-03,DOWN
ALPHAGEO,2026-Q1,ALL3_AGREE,DOWN,96.18,SELL CALLS,ADD_POSITION,Month 3 (late add),2026-01,DOWN,23.1,NO,2026-02,DOWN,48.9,NO,2026-03,DOWN
AMANTA,2026-Q1,ALL3_AGREE,DOWN,96.18,SELL CALLS,ADD_POSITION,Month 3 (late add),2026-01,DOWN,32.8,NO,2026-02,DOWN,3.9,NO,2026-03,DOWN
AMDIND,2025-Q4,ALL3_AGREE,DOWN,96.18,SELL CALLS,ADD_POSITION,Month 3 (late add),2025-10,DOWN,43.8,YES,2025-11,DOWN,44.8,NO,2025-12,DOWN
AMJLAND,2026-Q1,ALL3_AGREE,DOWN,96.18,SELL CALLS,ADD_POSITION,Month 3 (late add),2026-01,DOWN,69.3,NO,2026-02,DOWN,70.7,NO,2026-03,DOWN
AMNPLST,2026-Q1,ALL3_AGREE,DOWN,96.18,SELL CALLS,ADD_POSITION,Month 3 (late add),2026-01,DOWN,45.6,NO,2026-02,DOWN,38.5,NO,2026-03,DOWN
ANANTRAJ,2025-Q4,ALL3_AGREE,DOWN,96.18,SELL CALLS,ADD_POSITION,Month 3 (late add),2025-10,DOWN,42.3,NO,2025-11,DOWN,71.4,NO,2025-12,DOWN
ANIKINDS,2026-Q1,ALL3_AGREE,DOWN,96.18,SELL CALLS,ADD_POSITION,Month 3 (late add),2026-01,DOWN,43.2,NO,2026-02,DOWN,48.9,NO,2026-03,DOWN
ANKITMETAL,2025-Q4,ALL3_AGREE,DOWN,96.18,SELL CALLS,ADD_POSITION,Month 3 (late add),2025-10,DOWN,52.6,NO,2025-11,DOWN,9.1,NO,2025-12,DOWN
ANKITMETAL,2026-Q1,ALL3_AGREE,DOWN,96.18,SELL CALLS,ADD_POSITION,Month 3 (late add),2026-01,DOWN,0.0,NO,2026-02,DOWN,66.7,NO,2026-03,DOWN
ANTGRAPHIC,2026-Q1,ALL3_AGREE,DOWN,96.18,SELL CALLS,ADD_POSITION,Month 3 (late add),2026-01,DOWN,35.7,NO,2026-02,DOWN,4.6,NO,2026-03,DOWN
AONELIQUID,2026-Q1,ALL3_AGREE,UP,96.18,SELL PUTS,ADD_POSITION,Month 3 (late add),2026-01,UP,99.6,YES,2026-02,UP,98.9,YES,2026-03,UP
AONETOTAL,2025-Q4,ALL3_AGREE,UP,96.18,SELL PUTS,ADD_POSITION,Month 3 (late add),2025-10,UP,23.9,YES,2025-11,UP,4.5,NO,2025-12,UP
APEX,2025-Q4,ALL3_AGREE,UP,96.18,SELL PUTS,ADD_POSITION,Month 3 (late add),2025-10,UP,31.4,YES,2025-11,UP,47.8,YES,2025-12,UP
APLLTD,2025-Q4,ALL3_AGREE,DOWN,96.18,SELL CALLS,ADD_POSITION,Month 3 (late add),2025-10,DOWN,4.6,NO,2025-11,DOWN,9.8,YES,2025-12,DOWN
APLLTD,2026-Q1,ALL3_AGREE,DOWN,96.18,SELL CALLS,ADD_POSITION,Month 3 (late add),2026-01,DOWN,55.6,NO,2026-02,DOWN,56.5,NO,2026-03,DOWN
APOLLO,2025-Q4,ALL3_AGREE,DOWN,96.18,SELL CALLS,ADD_POSITION,Month 3 (late add),2025-10,DOWN,67.3,NO,2025-11,DOWN,41.3,NO,2025-12,DOWN
APOLLO,2026-Q1,ALL3_AGREE,DOWN,96.18,SELL CALLS,ADD_POSITION,Month 3 (late add),2026-01,DOWN,16.3,NO,2026-02,DOWN,63.4,NO,2026-03,DOWN
APOLLOTYRE,2026-Q1,ALL3_AGREE,DOWN,96.18,SELL CALLS,ADD_POSITION,Month 3 (late add),2026-01,DOWN,16.5,NO,2026-02,DOWN,39.7,NO,2026-03,DOWN
APTECHT,2025-Q4,ALL3_AGREE,DOWN,96.18,SELL CALLS,ADD_POSITION,Month 3 (late add),2025-10,DOWN,69.4,NO,2025-11,DOWN,27.0,NO,2025-12,DOWN
APTUS,2025-Q4,ALL3_AGREE,DOWN,96.18,SELL CALLS,ADD_POSITION,Month 3 (late add),2025-10,DOWN,6.8,NO,2025-11,DOWN,79.8,NO,2025-12,DOWN
APTUS,2026-Q1,ALL3_AGREE,DOWN,96.18,SELL CALLS,ADD_POSITION,Month 3 (late add),2026-01,DOWN,17.1,NO,2026-02,DOWN,55.9,NO,2026-03,DOWN
ARCHIES,2026-Q1,ALL3_AGREE,DOWN,96.18,SELL CALLS,ADD_POSITION,Month 3 (late add),2026-01,DOWN,66.0,NO,2026-02,DOWN,1.2,NO,2026-03,DOWN
ARIHANTSUP,2026-Q1,ALL3_AGREE,DOWN,96.18,SELL CALLS,ADD_POSITION,Month 3 (late add),2026-01,DOWN,81.7,NO,2026-02,DOWN,5.6,NO,2026-03,DOWN
ARKADE,2026-Q1,ALL3_AGREE,DOWN,96.18,SELL CALLS,ADD_POSITION,Month 3 (late add),2026-01,DOWN,69.2,NO,2026-02,DOWN,17.8,NO,2026-03,DOWN
AROGRANITE,2026-Q1,ALL3_AGREE,DOWN,96.18,SELL CALLS,ADD_POSITION,Month 3 (late add),2026-01,DOWN,38.2,NO,2026-02,DOWN,22.3,NO,2026-03,DOWN
ARROWGREEN,2026-Q1,ALL3_AGREE,DOWN,96.18,SELL CALLS,ADD_POSITION,Month 3 (late add),2026-01,DOWN,67.7,NO,2026-02,DOWN,48.7,NO,2026-03,DOWN
ARSSBL,2026-Q1,ALL3_AGREE,DOWN,96.18,SELL CALLS,ADD_POSITION,Month 3 (late add),2026-01,DOWN,36.4,NO,2026-02,DOWN,70.0,NO,2026-03,DOWN
ARTEMISMED,2026-Q1,ALL3_AGREE,DOWN,96.18,SELL CALLS,ADD_POSITION,Month 3 (late add),2026-01,DOWN,41.8,NO,2026-02,DOWN,23.2,NO,2026-03,DOWN
ARTNIRMAN,2026-Q1,ALL3_AGREE,DOWN,96.18,SELL CALLS,ADD_POSITION,Month 3 (late add),2026-01,DOWN,52.9,NO,2026-02,DOWN,45.2,NO,2026-03,DOWN
ARVINDFASN,2026-Q1,ALL3_AGREE,DOWN,96.18,SELL CALLS,ADD_POSITION,Month 3 (late add),2026-01,DOWN,31.2,NO,2026-02,DOWN,23.4,NO,2026-03,DOWN
ASAHISONG,2026-Q1,ALL3_AGREE,DOWN,96.18,SELL CALLS,ADD_POSITION,Month 3 (late add),2026-01,DOWN,78.7,NO,2026-02,DOWN,5.4,YES,2026-03,DOWN
ASAL,2025-Q4,ALL3_AGREE,DOWN,96.18,SELL CALLS,ADD_POSITION,Month 3 (late add),2025-10,DOWN,55.6,NO,2025-11,DOWN,58.6,NO,2025-12,DOWN
ASALCBR,2026-Q1,ALL3_AGREE,DOWN,96.18,SELL CALLS,ADD_POSITION,Month 3 (late add),2026-01,DOWN,56.7,NO,2026-02,DOWN,27.9,NO,2026-03,DOWN
ASHAPURMIN,2026-Q1,ALL3_AGREE,DOWN,96.18,SELL CALLS,ADD_POSITION,Month 3 (late add),2026-01,DOWN,72.2,NO,2026-02,DOWN,45.7,NO,2026-03,DOWN
ASHOKA,2026-Q1,ALL3_AGREE,DOWN,96.18,SELL CALLS,ADD_POSITION,Month 3 (late add),2026-01,DOWN,56.0,NO,2026-02,DOWN,55.0,NO,2026-03,DOWN
ASIANTILES,2025-Q4,ALL3_AGREE,UP,96.18,SELL PUTS,ADD_POSITION,Month 3 (late add),2025-10,UP,52.6,YES,2025-11,UP,15.2,YES,2025-12,UP
ASIANTILES,2026-Q1,ALL3_AGREE,DOWN,96.18,SELL CALLS,ADD_POSITION,Month 3 (late add),2026-01,DOWN,68.7,NO,2026-02,DOWN,13.6,YES,2026-03,DOWN
ASMS,2026-Q1,ALL3_AGREE,DOWN,96.18,SELL CALLS,ADD_POSITION,Month 3 (late add),2026-01,DOWN,72.6,NO,2026-02,DOWN,6.6,NO,2026-03,DOWN
ASPINWALL,2026-Q1,ALL3_AGREE,DOWN,96.18,SELL CALLS,ADD_POSITION,Month 3 (late add),2026-01,DOWN,91.7,NO,2026-02,DOWN,4.8,YES,2026-03,DOWN
ASTRON,2025-Q4,ALL3_AGREE,DOWN,96.18,SELL CALLS,ADD_POSITION,Month 3 (late add),2025-10,DOWN,69.3,NO,2025-11,DOWN,81.1,NO,2025-12,DOWN
ATHERENERG,2025-Q4,ALL3_AGREE,UP,96.18,SELL PUTS,ADD_POSITION,Month 3 (late add),2025-10,UP,53.8,YES,2025-11,UP,10.7,YES,2025-12,UP
ATLANTAA,2026-Q1,ALL3_AGREE,DOWN,96.18,SELL CALLS,ADD_POSITION,Month 3 (late add),2026-01,DOWN,20.3,YES,2026-02,DOWN,29.9,NO,2026-03,DOWN
ATLASCYCLE,2026-Q1,ALL3_AGREE,DOWN,96.18,SELL CALLS,ADD_POSITION,Month 3 (late add),2026-01,DOWN,43.5,NO,2026-02,DOWN,17.8,NO,2026-03,DOWN
AUBANK,2025-Q4,ALL3_AGREE,UP,96.18,SELL PUTS,ADD_POSITION,Month 3 (late add),2025-10,UP,88.4,YES,2025-11,UP,76.8,YES,2025-12,UP
AURIONPRO,2026-Q1,ALL3_AGREE,DOWN,96.18,SELL CALLS,ADD_POSITION,Month 3 (late add),2026-01,DOWN,47.3,NO,2026-02,DOWN,16.8,NO,2026-03,DOWN
AUROPHARMA,2025-Q4,ALL3_AGREE,UP,96.18,SELL PUTS,ADD_POSITION,Month 3 (late add),2025-10,UP,64.2,YES,2025-11,UP,58.7,YES,2025-12,UP
AUTOAXLES,2025-Q4,ALL3_AGREE,UP,96.18,SELL PUTS,ADD_POSITION,Month 3 (late add),2025-10,UP,26.6,NO,2025-11,UP,35.9,YES,2025-12,UP
AUTOBEES,2025-Q4,ALL3_AGREE,UP,96.18,SELL PUTS,ADD_POSITION,Month 3 (late add),2025-10,UP,14.8,YES,2025-11,UP,37.9,YES,2025-12,UP
AUTOIETF,2025-Q4,ALL3_AGREE,UP,96.18,SELL PUTS,ADD_POSITION,Month 3 (late add),2025-10,UP,42.9,YES,2025-11,UP,56.2,YES,2025-12,UP
AVANTIFEED,2025-Q4,ALL3_AGREE,UP,96.18,SELL PUTS,ADD_POSITION,Month 3 (late add),2025-10,UP,45.9,YES,2025-11,UP,55.6,YES,2025-12,UP
AVG,2026-Q1,ALL3_AGREE,DOWN,96.18,SELL CALLS,ADD_POSITION,Month 3 (late add),2026-01,DOWN,39.7,NO,2026-02,DOWN,38.2,NO,2026-03,DOWN
AVL,2025-Q4,ALL3_AGREE,DOWN,96.18,SELL CALLS,ADD_POSITION,Month 3 (late add),2025-10,DOWN,7.2,YES,2025-11,DOWN,56.4,NO,2025-12,DOWN
AVL,2026-Q1,ALL3_AGREE,DOWN,96.18,SELL CALLS,ADD_POSITION,Month 3 (late add),2026-01,DOWN,20.7,YES,2026-02,DOWN,20.5,NO,2026-03,DOWN
AWL,2026-Q1,ALL3_AGREE,DOWN,96.18,SELL CALLS,ADD_POSITION,Month 3 (late add),2026-01,DOWN,62.3,NO,2026-02,DOWN,75.4,NO,2026-03,DOWN
AXISCADES,2025-Q4,ALL3_AGREE,DOWN,96.18,SELL CALLS,ADD_POSITION,Month 3 (late add),2025-10,DOWN,0.4,NO,2025-11,DOWN,64.7,NO,2025-12,DOWN
AXISTECETF,2025-Q4,ALL3_AGREE,UP,96.18,SELL PUTS,ADD_POSITION,Month 3 (late add),2025-10,UP,58.2,YES,2025-11,UP,53.8,YES,2025-12,UP
AXISVALUE,2025-Q4,ALL3_AGREE,UP,96.18,SELL PUTS,ADD_POSITION,Month 3 (late add),2025-10,UP,48.7,YES,2025-11,UP,15.3,NO,2025-12,UP
AXITA,2025-Q4,ALL3_AGREE,UP,96.18,SELL PUTS,ADD_POSITION,Month 3 (late add),2025-10,UP,40.6,NO,2025-11,UP,60.7,YES,2025-12,UP
BAFNAPH,2026-Q1,ALL3_AGREE,DOWN,96.18,SELL CALLS,ADD_POSITION,Month 3 (late add),2026-01,DOWN,90.8,NO,2026-02,DOWN,37.0,NO,2026-03,DOWN
BAGFILMS,2026-Q1,ALL3_AGREE,DOWN,96.18,SELL CALLS,ADD_POSITION,Month 3 (late add),2026-01,DOWN,74.3,NO,2026-02,DOWN,27.5,NO,2026-03,DOWN
BAJAJ-AUTO,2025-Q4,ALL3_AGREE,UP,96.18,SELL PUTS,ADD_POSITION,Month 3 (late add),2025-10,UP,24.2,YES,2025-11,UP,27.7,YES,2025-12,UP
BAJAJELEC,2025-Q4,ALL3_AGREE,DOWN,96.18,SELL CALLS,ADD_POSITION,Month 3 (late add),2025-10,DOWN,66.1,NO,2025-11,DOWN,60.0,NO,2025-12,DOWN
BAJAJHCARE,2025-Q4,ALL3_AGREE,DOWN,96.18,SELL CALLS,ADD_POSITION,Month 3 (late add),2025-10,DOWN,25.4,NO,2025-11,DOWN,68.4,NO,2025-12,DOWN
BAJAJHCARE,2026-Q1,ALL3_AGREE,DOWN,96.18,SELL CALLS,ADD_POSITION,Month 3 (late add),2026-01,DOWN,76.0,NO,2026-02,DOWN,31.7,NO,2026-03,DOWN
BAJAJHFL,2025-Q4,ALL3_AGREE,DOWN,96.18,SELL CALLS,ADD_POSITION,Month 3 (late add),2025-10,DOWN,3.7,YES,2025-11,DOWN,89.6,NO,2025-12,DOWN
BAJAJHFL,2026-Q1,ALL3_AGREE,DOWN,96.18,SELL CALLS,ADD_POSITION,Month 3 (late add),2026-01,DOWN,32.4,NO,2026-02,DOWN,60.5,NO,2026-03,DOWN
BALAXI,2025-Q4,ALL3_AGREE,DOWN,96.18,SELL CALLS,ADD_POSITION,Month 3 (late add),2025-10,DOWN,21.6,NO,2025-11,DOWN,73.2,NO,2025-12,DOWN
BALAXI,2026-Q1,ALL3_AGREE,DOWN,96.18,SELL CALLS,ADD_POSITION,Month 3 (late add),2026-01,DOWN,52.7,NO,2026-02,DOWN,85.2,NO,2026-03,DOWN
BALKRISHNA,2025-Q4,ALL3_AGREE,DOWN,96.18,SELL CALLS,ADD_POSITION,Month 3 (late add),2025-10,DOWN,26.6,NO,2025-11,DOWN,64.8,NO,2025-12,DOWN
BALKRISHNA,2026-Q1,ALL3_AGREE,DOWN,96.18,SELL CALLS,ADD_POSITION,Month 3 (late add),2026-01,DOWN,56.1,NO,2026-02,DOWN,23.0,NO,2026-03,DOWN
BALPHARMA,2025-Q4,ALL3_AGREE,DOWN,96.18,SELL CALLS,ADD_POSITION,Month 3 (late add),2025-10,DOWN,3.9,NO,2025-11,DOWN,70.4,NO,2025-12,DOWN
BALRAMCHIN,2025-Q4,ALL3_AGREE,UP,96.18,SELL PUTS,ADD_POSITION,Month 3 (late add),2025-10,UP,0.6,NO,2025-11,UP,27.6,NO,2025-12,UP
BANDHANBNK,2025-Q4,ALL3_AGREE,DOWN,96.18,SELL CALLS,ADD_POSITION,Month 3 (late add),2025-10,DOWN,32.4,NO,2025-11,DOWN,58.2,NO,2025-12,DOWN
BANG,2026-Q1,ALL3_AGREE,DOWN,96.18,SELL CALLS,ADD_POSITION,Month 3 (late add),2026-01,DOWN,62.8,NO,2026-02,DOWN,45.0,NO,2026-03,DOWN
BANKA,2026-Q1,ALL3_AGREE,DOWN,96.18,SELL CALLS,ADD_POSITION,Month 3 (late add),2026-01,DOWN,64.0,NO,2026-02,DOWN,47.9,NO,2026-03,DOWN
BANKETFADD,2025-Q4,ALL3_AGREE,UP,96.18,SELL PUTS,ADD_POSITION,Month 3 (late add),2025-10,UP,86.0,YES,2025-11,UP,71.5,YES,2025-12,UP
BANKIETF,2025-Q4,ALL3_AGREE,UP,96.18,SELL PUTS,ADD_POSITION,Month 3 (late add),2025-10,UP,88.7,YES,2025-11,UP,33.8,YES,2025-12,UP
BANKNIFTY1,2026-Q1,ALL3_AGREE,DOWN,96.18,SELL CALLS,ADD_POSITION,Month 3 (late add),2026-01,DOWN,7.3,NO,2026-02,DOWN,93.8,NO,2026-03,DOWN
BASF,2026-Q1,ALL3_AGREE,DOWN,96.18,SELL CALLS,ADD_POSITION,Month 3 (late add),2026-01,DOWN,69.5,NO,2026-02,DOWN,33.7,NO,2026-03,DOWN
BATAINDIA,2025-Q4,ALL3_AGREE,DOWN,96.18,SELL CALLS,ADD_POSITION,Month 3 (late add),2025-10,DOWN,62.5,NO,2025-11,DOWN,82.8,NO,2025-12,DOWN
BATAINDIA,2026-Q1,ALL3_AGREE,DOWN,96.18,SELL CALLS,ADD_POSITION,Month 3 (late add),2026-01,DOWN,71.0,NO,2026-02,DOWN,46.8,NO,2026-03,DOWN
BAYERCROP,2025-Q4,ALL3_AGREE,DOWN,96.18,SELL CALLS,ADD_POSITION,Month 3 (late add),2025-10,DOWN,11.5,YES,2025-11,DOWN,48.5,NO,2025-12,DOWN
BBL,2025-Q4,ALL3_AGREE,DOWN,96.18,SELL CALLS,ADD_POSITION,Month 3 (late add),2025-10,DOWN,33.5,NO,2025-11,DOWN,71.9,NO,2025-12,DOWN
BBL,2026-Q1,ALL3_AGREE,DOWN,96.18,SELL CALLS,ADD_POSITION,Month 3 (late add),2026-01,DOWN,21.3,YES,2026-02,DOWN,58.0,NO,2026-03,DOWN
BBNPNBETF,2025-Q4,ALL3_AGREE,UP,96.18,SELL PUTS,ADD_POSITION,Month 3 (late add),2025-10,UP,24.3,YES,2025-11,UP,59.8,YES,2025-12,UP
BBNPPGOLD,2025-Q4,ALL3_AGREE,UP,96.18,SELL PUTS,ADD_POSITION,Month 3 (late add),2025-10,UP,40.5,YES,2025-11,UP,44.3,YES,2025-12,UP
BBOX,2026-Q1,ALL3_AGREE,DOWN,96.18,SELL CALLS,ADD_POSITION,Month 3 (late add),2026-01,DOWN,35.7,NO,2026-02,DOWN,16.6,YES,2026-03,DOWN
BCLIND,2025-Q4,ALL3_AGREE,DOWN,96.18,SELL CALLS,ADD_POSITION,Month 3 (late add),2025-10,DOWN,18.6,NO,2025-11,DOWN,77.7,NO,2025-12,DOWN
BCONCEPTS,2026-Q1,ALL3_AGREE,DOWN,96.18,SELL CALLS,ADD_POSITION,Month 3 (late add),2026-01,DOWN,72.9,NO,2026-02,DOWN,30.6,NO,2026-03,DOWN
BEARDSELL,2026-Q1,ALL3_AGREE,DOWN,96.18,SELL CALLS,ADD_POSITION,Month 3 (late add),2026-01,DOWN,76.2,NO,2026-02,DOWN,1.3,YES,2026-03,DOWN
BECTORFOOD,2026-Q1,ALL3_AGREE,DOWN,96.18,SELL CALLS,ADD_POSITION,Month 3 (late add),2026-01,DOWN,19.4,NO,2026-02,DOWN,24.9,NO,2026-03,DOWN
BEML,2026-Q1,ALL3_AGREE,DOWN,96.18,SELL CALLS,ADD_POSITION,Month 3 (late add),2026-01,DOWN,21.6,NO,2026-02,DOWN,43.9,NO,2026-03,DOWN
BEPL,2025-Q4,ALL3_AGREE,DOWN,96.18,SELL CALLS,ADD_POSITION,Month 3 (late add),2025-10,DOWN,42.3,NO,2025-11,DOWN,78.4,NO,2025-12,DOWN
BERGEPAINT,2026-Q1,ALL3_AGREE,DOWN,96.18,SELL CALLS,ADD_POSITION,Month 3 (late add),2026-01,DOWN,95.3,NO,2026-02,DOWN,27.6,NO,2026-03,DOWN
BESTAGRO,2026-Q1,ALL3_AGREE,DOWN,96.18,SELL CALLS,ADD_POSITION,Month 3 (late add),2026-01,DOWN,81.6,NO,2026-02,DOWN,58.8,NO,2026-03,DOWN
BFUTILITIE,2026-Q1,ALL3_AGREE,DOWN,96.18,SELL CALLS,ADD_POSITION,Month 3 (late add),2026-01,DOWN,82.0,NO,2026-02,DOWN,21.6,NO,2026-03,DOWN
BHAGYANGR,2025-Q4,ALL3_AGREE,UP,96.18,SELL PUTS,ADD_POSITION,Month 3 (late add),2025-10,UP,75.9,YES,2025-11,UP,0.2,YES,2025-12,UP
BHANDARI,2026-Q1,ALL3_AGREE,DOWN,96.18,SELL CALLS,ADD_POSITION,Month 3 (late add),2026-01,DOWN,3.8,YES,2026-02,DOWN,70.3,NO,2026-03,DOWN
BHARATFORG,2025-Q4,ALL3_AGREE,UP,96.18,SELL PUTS,ADD_POSITION,Month 3 (late add),2025-10,UP,67.4,YES,2025-11,UP,69.8,YES,2025-12,UP
BHARATGEAR,2025-Q4,ALL3_AGREE,DOWN,96.18,SELL CALLS,ADD_POSITION,Month 3 (late add),2025-10,DOWN,32.0,NO,2025-11,DOWN,25.8,NO,2025-12,DOWN
BHARATGEAR,2026-Q1,ALL3_AGREE,DOWN,96.18,SELL CALLS,ADD_POSITION,Month 3 (late add),2026-01,DOWN,16.4,YES,2026-02,DOWN,41.4,NO,2026-03,DOWN
BHARATRAS,2026-Q1,ALL3_AGREE,DOWN,96.18,SELL CALLS,ADD_POSITION,Month 3 (late add),2026-01,DOWN,50.8,NO,2026-02,DOWN,69.7,NO,2026-03,DOWN
BHARTIARTL,2025-Q4,ALL3_AGREE,UP,96.18,SELL PUTS,ADD_POSITION,Month 3 (late add),2025-10,UP,73.7,YES,2025-11,UP,24.7,YES,2025-12,UP
BHARTIARTL,2026-Q1,ALL3_AGREE,DOWN,96.18,SELL CALLS,ADD_POSITION,Month 3 (late add),2026-01,DOWN,73.2,NO,2026-02,DOWN,46.4,NO,2026-03,DOWN
BIGBLOC,2026-Q1,ALL3_AGREE,DOWN,96.18,SELL CALLS,ADD_POSITION,Month 3 (late add),2026-01,DOWN,92.2,NO,2026-02,DOWN,23.5,NO,2026-03,DOWN
BIKAJI,2025-Q4,ALL3_AGREE,UP,96.18,SELL PUTS,ADD_POSITION,Month 3 (late add),2025-10,UP,28.4,NO,2025-11,UP,32.1,NO,2025-12,UP
BIKAJI,2026-Q1,ALL3_AGREE,DOWN,96.18,SELL CALLS,ADD_POSITION,Month 3 (late add),2026-01,DOWN,63.0,NO,2026-02,DOWN,34.5,NO,2026-03,DOWN
BILVYAPAR,2026-Q1,ALL3_AGREE,DOWN,96.18,SELL CALLS,ADD_POSITION,Month 3 (late add),2026-01,DOWN,7.1,NO,2026-02,DOWN,24.2,NO,2026-03,DOWN
BIOFILCHEM,2025-Q4,ALL3_AGREE,DOWN,96.18,SELL CALLS,ADD_POSITION,Month 3 (late add),2025-10,DOWN,22.1,NO,2025-11,DOWN,45.4,NO,2025-12,DOWN
BIRLACORPN,2025-Q4,ALL3_AGREE,DOWN,96.18,SELL CALLS,ADD_POSITION,Month 3 (late add),2025-10,DOWN,25.5,NO,2025-11,DOWN,44.4,NO,2025-12,DOWN
BIRLACORPN,2026-Q1,ALL3_AGREE,DOWN,96.18,SELL CALLS,ADD_POSITION,Month 3 (late add),2026-01,DOWN,9.0,NO,2026-02,DOWN,23.9,NO,2026-03,DOWN
BIRLAMONEY,2025-Q4,ALL3_AGREE,DOWN,96.18,SELL CALLS,ADD_POSITION,Month 3 (late add),2025-10,DOWN,46.2,NO,2025-11,DOWN,26.0,NO,2025-12,DOWN
BIRLANU,2026-Q1,ALL3_AGREE,DOWN,96.18,SELL CALLS,ADD_POSITION,Month 3 (late add),2026-01,DOWN,9.8,NO,2026-02,DOWN,20.4,NO,2026-03,DOWN
BLBLIMITED,2025-Q4,ALL3_AGREE,DOWN,96.18,SELL CALLS,ADD_POSITION,Month 3 (late add),2025-10,DOWN,56.4,NO,2025-11,DOWN,43.0,NO,2025-12,DOWN
BLSE,2026-Q1,ALL3_AGREE,DOWN,96.18,SELL CALLS,ADD_POSITION,Month 3 (late add),2026-01,DOWN,91.3,NO,2026-02,DOWN,49.3,NO,2026-03,DOWN
BLUECHIP,2025-Q4,ALL3_AGREE,DOWN,96.18,SELL CALLS,ADD_POSITION,Month 3 (late add),2025-10,DOWN,100.0,NO,2025-11,DOWN,100.0,NO,2025-12,DOWN
BLUECOAST,2025-Q4,ALL3_AGREE,DOWN,96.18,SELL CALLS,ADD_POSITION,Month 3 (late add),2025-10,DOWN,86.2,NO,2025-11,DOWN,59.8,NO,2025-12,DOWN
BLUECOAST,2026-Q1,ALL3_AGREE,DOWN,96.18,SELL CALLS,ADD_POSITION,Month 3 (late add),2026-01,DOWN,52.3,NO,2026-02,DOWN,82.2,NO,2026-03,DOWN
BLUEJET,2026-Q1,ALL3_AGREE,DOWN,96.18,SELL CALLS,ADD_POSITION,Month 3 (late add),2026-01,DOWN,87.7,NO,2026-02,DOWN,12.5,NO,2026-03,DOWN
BLUSPRING,2026-Q1,ALL3_AGREE,DOWN,96.18,SELL CALLS,ADD_POSITION,Month 3 (late add),2026-01,DOWN,66.6,NO,2026-02,DOWN,56.3,NO,2026-03,DOWN
BMWVENTLTD,2025-Q4,ALL3_AGREE,DOWN,96.18,SELL CALLS,ADD_POSITION,Month 3 (late add),2025-10,DOWN,53.3,NO,2025-11,DOWN,4.1,YES,2025-12,DOWN
BODALCHEM,2025-Q4,ALL3_AGREE,DOWN,96.18,SELL CALLS,ADD_POSITION,Month 3 (late add),2025-10,DOWN,9.5,NO,2025-11,DOWN,66.5,NO,2025-12,DOWN
BODALCHEM,2026-Q1,ALL3_AGREE,DOWN,96.18,SELL CALLS,ADD_POSITION,Month 3 (late add),2026-01,DOWN,69.3,NO,2026-02,DOWN,0.1,NO,2026-03,DOWN
BOHRAIND,2026-Q1,ALL3_AGREE,DOWN,96.18,SELL CALLS,ADD_POSITION,Month 3 (late add),2026-01,DOWN,18.3,YES,2026-02,DOWN,12.8,NO,2026-03,DOWN
BOMDYEING,2025-Q4,ALL3_AGREE,DOWN,96.18,SELL CALLS,ADD_POSITION,Month 3 (late add),2025-10,DOWN,9.7,NO,2025-11,DOWN,80.6,NO,2025-12,DOWN
BORANA,2026-Q1,ALL3_AGREE,UP,96.18,SELL PUTS,ADD_POSITION,Month 3 (late add),2026-01,UP,83.3,YES,2026-02,UP,5.9,NO,2026-03,UP
BOROLTD,2025-Q4,ALL3_AGREE,DOWN,96.18,SELL CALLS,ADD_POSITION,Month 3 (late add),2025-10,DOWN,30.0,NO,2025-11,DOWN,44.6,NO,2025-12,DOWN
BORORENEW,2026-Q1,ALL3_AGREE,DOWN,96.18,SELL CALLS,ADD_POSITION,Month 3 (late add),2026-01,DOWN,80.4,NO,2026-02,DOWN,60.4,NO,2026-03,DOWN
BOSCHLTD,2025-Q4,ALL3_AGREE,DOWN,96.18,SELL CALLS,ADD_POSITION,Month 3 (late add),2025-10,DOWN,31.1,NO,2025-11,DOWN,49.6,NO,2025-12,DOWN
BOSCHLTD,2026-Q1,ALL3_AGREE,DOWN,96.18,SELL CALLS,ADD_POSITION,Month 3 (late add),2026-01,DOWN,9.2,YES,2026-02,DOWN,3.3,NO,2026-03,DOWN
BPL,2025-Q4,ALL3_AGREE,DOWN,96.18,SELL CALLS,ADD_POSITION,Month 3 (late add),2025-10,DOWN,14.1,NO,2025-11,DOWN,84.1,NO,2025-12,DOWN
BPL,2026-Q1,ALL3_AGREE,DOWN,96.18,SELL CALLS,ADD_POSITION,Month 3 (late add),2026-01,DOWN,6.7,NO,2026-02,DOWN,23.2,NO,2026-03,DOWN
BRIGADE,2026-Q1,ALL3_AGREE,DOWN,96.18,SELL CALLS,ADD_POSITION,Month 3 (late add),2026-01,DOWN,70.2,NO,2026-02,DOWN,43.4,NO,2026-03,DOWN
BRNL,2026-Q1,ALL3_AGREE,DOWN,96.18,SELL CALLS,ADD_POSITION,Month 3 (late add),2026-01,DOWN,31.4,NO,2026-02,DOWN,93.7,NO,2026-03,DOWN
BROOKS,2025-Q4,ALL3_AGREE,DOWN,96.18,SELL CALLS,ADD_POSITION,Month 3 (late add),2025-10,DOWN,67.3,NO,2025-11,DOWN,55.6,NO,2025-12,DOWN
BSOFT,2025-Q4,ALL3_AGREE,UP,96.18,SELL PUTS,ADD_POSITION,Month 3 (late add),2025-10,UP,27.4,YES,2025-11,UP,16.5,YES,2025-12,UP
BSOFT,2026-Q1,ALL3_AGREE,DOWN,96.18,SELL CALLS,ADD_POSITION,Month 3 (late add),2026-01,DOWN,28.7,NO,2026-02,DOWN,26.9,NO,2026-03,DOWN
BYKE,2025-Q4,ALL3_AGREE,DOWN,96.18,SELL CALLS,ADD_POSITION,Month 3 (late add),2025-10,DOWN,37.7,NO,2025-11,DOWN,18.8,NO,2025-12,DOWN
BYKE,2026-Q1,ALL3_AGREE,DOWN,96.18,SELL CALLS,ADD_POSITION,Month 3 (late add),2026-01,DOWN,7.0,NO,2026-02,DOWN,65.8,NO,2026-03,DOWN
CANBK,2025-Q4,ALL3_AGREE,UP,96.18,SELL PUTS,ADD_POSITION,Month 3 (late add),2025-10,UP,71.1,YES,2025-11,UP,86.8,YES,2025-12,UP
CANFINHOME,2025-Q4,ALL3_AGREE,UP,96.18,SELL PUTS,ADD_POSITION,Month 3 (late add),2025-10,UP,76.6,YES,2025-11,UP,24.6,YES,2025-12,UP
CANHLIFE,2025-Q4,ALL3_AGREE,UP,96.18,SELL PUTS,ADD_POSITION,Month 3 (late add),2025-10,UP,51.5,YES,2025-11,UP,50.9,YES,2025-12,UP
CANTABIL,2026-Q1,ALL3_AGREE,DOWN,96.18,SELL CALLS,ADD_POSITION,Month 3 (late add),2026-01,DOWN,28.1,YES,2026-02,DOWN,46.2,NO,2026-03,DOWN
CARTRADE,2026-Q1,ALL3_AGREE,DOWN,96.18,SELL CALLS,ADD_POSITION,Month 3 (late add),2026-01,DOWN,22.2,NO,2026-02,DOWN,91.3,NO,2026-03,DOWN
CCCL,2026-Q1,ALL3_AGREE,DOWN,96.18,SELL CALLS,ADD_POSITION,Month 3 (late add),2026-01,DOWN,40.1,NO,2026-02,DOWN,25.1,NO,2026-03,DOWN
CCHHL,2026-Q1,ALL3_AGREE,DOWN,96.18,SELL CALLS,ADD_POSITION,Month 3 (late add),2026-01,DOWN,85.9,NO,2026-02,DOWN,12.3,YES,2026-03,DOWN
CCL,2026-Q1,ALL3_AGREE,UP,96.18,SELL PUTS,ADD_POSITION,Month 3 (late add),2026-01,UP,24.4,YES,2026-02,UP,27.0,YES,2026-03,UP
CELLO,2026-Q1,ALL3_AGREE,DOWN,96.18,SELL CALLS,ADD_POSITION,Month 3 (late add),2026-01,DOWN,69.5,NO,2026-02,DOWN,72.2,NO,2026-03,DOWN
CEMPRO,2026-Q1,ALL3_AGREE,DOWN,96.18,SELL CALLS,ADD_POSITION,Month 3 (late add),2026-01,DOWN,82.9,NO,2026-02,DOWN,37.9,NO,2026-03,DOWN
CENTENKA,2025-Q4,ALL3_AGREE,DOWN,96.18,SELL CALLS,ADD_POSITION,Month 3 (late add),2025-10,DOWN,42.5,NO,2025-11,DOWN,0.9,YES,2025-12,DOWN
CENTRUM,2025-Q4,ALL3_AGREE,DOWN,96.18,SELL CALLS,ADD_POSITION,Month 3 (late add),2025-10,DOWN,3.2,YES,2025-11,DOWN,55.1,NO,2025-12,DOWN
CENTURYPLY,2026-Q1,ALL3_AGREE,DOWN,96.18,SELL CALLS,ADD_POSITION,Month 3 (late add),2026-01,DOWN,15.0,NO,2026-02,DOWN,49.4,NO,2026-03,DOWN
CERA,2026-Q1,ALL3_AGREE,DOWN,96.18,SELL CALLS,ADD_POSITION,Month 3 (late add),2026-01,DOWN,57.4,NO,2026-02,DOWN,20.9,NO,2026-03,DOWN
CEREBRAINT,2026-Q1,ALL3_AGREE,DOWN,96.18,SELL CALLS,ADD_POSITION,Month 3 (late add),2026-01,DOWN,4.4,YES,2026-02,DOWN,62.5,NO,2026-03,DOWN
CEWATER,2026-Q1,ALL3_AGREE,DOWN,96.18,SELL CALLS,ADD_POSITION,Month 3 (late add),2026-01,DOWN,21.8,NO,2026-02,DOWN,83.7,NO,2026-03,DOWN
CHALET,2025-Q4,ALL3_AGREE,DOWN,96.18,SELL CALLS,ADD_POSITION,Month 3 (late add),2025-10,DOWN,3.4,YES,2025-11,DOWN,55.3,NO,2025-12,DOWN
CHALET,2026-Q1,ALL3_AGREE,DOWN,96.18,SELL CALLS,ADD_POSITION,Month 3 (late add),2026-01,DOWN,5.5,NO,2026-02,DOWN,52.5,NO,2026-03,DOWN
CHEMBOND,2026-Q1,ALL3_AGREE,DOWN,96.18,SELL CALLS,ADD_POSITION,Month 3 (late add),2026-01,DOWN,43.8,NO,2026-02,DOWN,17.2,NO,2026-03,DOWN
CHEMCON,2025-Q4,ALL3_AGREE,DOWN,96.18,SELL CALLS,ADD_POSITION,Month 3 (late add),2025-10,DOWN,58.3,NO,2025-11,DOWN,68.6,NO,2025-12,DOWN
CHEMCON,2026-Q1,ALL3_AGREE,DOWN,96.18,SELL CALLS,ADD_POSITION,Month 3 (late add),2026-01,DOWN,44.8,NO,2026-02,DOWN,45.4,NO,2026-03,DOWN
CHEMFAB,2026-Q1,ALL3_AGREE,DOWN,96.18,SELL CALLS,ADD_POSITION,Month 3 (late add),2026-01,DOWN,6.1,NO,2026-02,DOWN,67.2,NO,2026-03,DOWN
CHOICEIN,2026-Q1,ALL3_AGREE,DOWN,96.18,SELL CALLS,ADD_POSITION,Month 3 (late add),2026-01,DOWN,63.9,NO,2026-02,DOWN,34.1,NO,2026-03,DOWN
CIFL,2026-Q1,ALL3_AGREE,DOWN,96.18,SELL CALLS,ADD_POSITION,Month 3 (late add),2026-01,DOWN,28.2,NO,2026-02,DOWN,69.6,NO,2026-03,DOWN
CIGNITITEC,2026-Q1,ALL3_AGREE,DOWN,96.18,SELL CALLS,ADD_POSITION,Month 3 (late add),2026-01,DOWN,13.3,NO,2026-02,DOWN,77.7,NO,2026-03,DOWN
CLEAN,2025-Q4,ALL3_AGREE,DOWN,96.18,SELL CALLS,ADD_POSITION,Month 3 (late add),2025-10,DOWN,84.3,NO,2025-11,DOWN,83.5,NO,2025-12,DOWN
CMICABLES,2026-Q1,ALL3_AGREE,DOWN,96.18,SELL CALLS,ADD_POSITION,Month 3 (late add),2026-01,DOWN,96.9,NO,2026-02,DOWN,100.0,NO,2026-03,DOWN
CMSINFO,2026-Q1,ALL3_AGREE,DOWN,96.18,SELL CALLS,ADD_POSITION,Month 3 (late add),2026-01,DOWN,50.1,NO,2026-02,DOWN,31.2,NO,2026-03,DOWN
CNL,2026-Q1,ALL3_AGREE,DOWN,96.18,SELL CALLS,ADD_POSITION,Month 3 (late add),2026-01,DOWN,56.7,NO,2026-02,DOWN,32.3,NO,2026-03,DOWN
COASTCORP,2025-Q4,ALL3_AGREE,UP,96.18,SELL PUTS,ADD_POSITION,Month 3 (late add),2025-10,UP,49.5,YES,2025-11,UP,33.4,YES,2025-12,UP
COCHINSHIP,2026-Q1,ALL3_AGREE,DOWN,96.18,SELL CALLS,ADD_POSITION,Month 3 (late add),2026-01,DOWN,15.0,YES,2026-02,DOWN,73.9,NO,2026-03,DOWN
COFORGE,2026-Q1,ALL3_AGREE,DOWN,96.18,SELL CALLS,ADD_POSITION,Month 3 (late add),2026-01,DOWN,11.2,NO,2026-02,DOWN,81.3,NO,2026-03,DOWN
COHANCE,2025-Q4,ALL3_AGREE,DOWN,96.18,SELL CALLS,ADD_POSITION,Month 3 (late add),2025-10,DOWN,78.7,NO,2025-11,DOWN,92.2,NO,2025-12,DOWN
COMPUSOFT,2025-Q4,ALL3_AGREE,DOWN,96.18,SELL CALLS,ADD_POSITION,Month 3 (late add),2025-10,DOWN,22.5,YES,2025-11,DOWN,75.0,NO,2025-12,DOWN
CONCORDBIO,2026-Q1,ALL3_AGREE,DOWN,96.18,SELL CALLS,ADD_POSITION,Month 3 (late add),2026-01,DOWN,59.5,NO,2026-02,DOWN,13.5,YES,2026-03,DOWN
CONFIPET,2025-Q4,ALL3_AGREE,DOWN,96.18,SELL CALLS,ADD_POSITION,Month 3 (late add),2025-10,DOWN,43.3,NO,2025-11,DOWN,72.3,NO,2025-12,DOWN
CONS,2026-Q1,ALL3_AGREE,DOWN,96.18,SELL CALLS,ADD_POSITION,Month 3 (late add),2026-01,DOWN,54.3,NO,2026-02,DOWN,91.3,NO,2026-03,DOWN
CONSOFINVT,2026-Q1,ALL3_AGREE,UP,96.18,SELL PUTS,ADD_POSITION,Month 3 (late add),2026-01,UP,10.7,NO,2026-02,UP,81.2,YES,2026-03,UP
CONSUMBEES,2025-Q4,ALL3_AGREE,UP,96.18,SELL PUTS,ADD_POSITION,Month 3 (late add),2025-10,UP,34.7,YES,2025-11,UP,11.3,YES,2025-12,UP
CORALFINAC,2025-Q4,ALL3_AGREE,DOWN,96.18,SELL CALLS,ADD_POSITION,Month 3 (late add),2025-10,DOWN,16.1,NO,2025-11,DOWN,55.2,NO,2025-12,DOWN
CORALFINAC,2026-Q1,ALL3_AGREE,DOWN,96.18,SELL CALLS,ADD_POSITION,Month 3 (late add),2026-01,DOWN,66.7,NO,2026-02,DOWN,64.6,NO,2026-03,DOWN
COUNCODOS,2026-Q1,ALL3_AGREE,DOWN,96.18,SELL CALLS,ADD_POSITION,Month 3 (late add),2026-01,DOWN,52.2,NO,2026-02,DOWN,26.5,NO,2026-03,DOWN
CPCAP,2026-Q1,ALL3_AGREE,DOWN,96.18,SELL CALLS,ADD_POSITION,Month 3 (late add),2026-01,DOWN,77.2,NO,2026-02,DOWN,72.2,NO,2026-03,DOWN
CPEDU,2026-Q1,ALL3_AGREE,DOWN,96.18,SELL CALLS,ADD_POSITION,Month 3 (late add),2026-01,DOWN,58.6,NO,2026-02,DOWN,35.6,NO,2026-03,DOWN
CPPLUS,2025-Q4,ALL3_AGREE,UP,96.18,SELL PUTS,ADD_POSITION,Month 3 (late add),2025-10,UP,0.2,YES,2025-11,UP,45.8,YES,2025-12,UP
CPSEETF,2026-Q1,ALL3_AGREE,UP,96.18,SELL PUTS,ADD_POSITION,Month 3 (late add),2026-01,UP,68.2,YES,2026-02,UP,43.7,YES,2026-03,UP
CREST,2025-Q4,ALL3_AGREE,UP,96.18,SELL PUTS,ADD_POSITION,Month 3 (late add),2025-10,UP,17.5,YES,2025-11,UP,16.3,YES,2025-12,UP
CREST,2026-Q1,ALL3_AGREE,DOWN,96.18,SELL CALLS,ADD_POSITION,Month 3 (late add),2026-01,DOWN,44.3,NO,2026-02,DOWN,18.4,NO,2026-03,DOWN
CRIZAC,2026-Q1,ALL3_AGREE,DOWN,96.18,SELL CALLS,ADD_POSITION,Month 3 (late add),2026-01,DOWN,44.2,NO,2026-02,DOWN,51.6,NO,2026-03,DOWN
CROMPTON,2025-Q4,ALL3_AGREE,DOWN,96.18,SELL CALLS,ADD_POSITION,Month 3 (late add),2025-10,DOWN,42.8,NO,2025-11,DOWN,70.7,NO,2025-12,DOWN
CSBBANK,2026-Q1,ALL3_AGREE,DOWN,96.18,SELL CALLS,ADD_POSITION,Month 3 (late add),2026-01,DOWN,12.8,NO,2026-02,DOWN,59.0,NO,2026-03,DOWN
CSLFINANCE,2026-Q1,ALL3_AGREE,DOWN,96.18,SELL CALLS,ADD_POSITION,Month 3 (late add),2026-01,DOWN,60.0,NO,2026-02,DOWN,16.3,NO,2026-03,DOWN
CTE,2026-Q1,ALL3_AGREE,DOWN,96.18,SELL CALLS,ADD_POSITION,Month 3 (late add),2026-01,DOWN,61.0,NO,2026-02,DOWN,48.1,NO,2026-03,DOWN
CUB,2025-Q4,ALL3_AGREE,UP,96.18,SELL PUTS,ADD_POSITION,Month 3 (late add),2025-10,UP,39.2,YES,2025-11,UP,76.9,YES,2025-12,UP
CUBEXTUB,2025-Q4,ALL3_AGREE,UP,96.18,SELL PUTS,ADD_POSITION,Month 3 (late add),2025-10,UP,19.7,NO,2025-11,UP,29.1,NO,2025-12,UP
CUPID,2025-Q4,ALL3_AGREE,UP,96.18,SELL PUTS,ADD_POSITION,Month 3 (late add),2025-10,UP,35.7,YES,2025-11,UP,85.0,YES,2025-12,UP
CURAA,2025-Q4,ALL3_AGREE,DOWN,96.18,SELL CALLS,ADD_POSITION,Month 3 (late add),2025-10,DOWN,81.2,NO,2025-11,DOWN,44.1,NO,2025-12,DOWN
CYBERMEDIA,2026-Q1,ALL3_AGREE,DOWN,96.18,SELL CALLS,ADD_POSITION,Month 3 (late add),2026-01,DOWN,23.3,NO,2026-02,DOWN,85.8,NO,2026-03,DOWN
CYBERTECH,2026-Q1,ALL3_AGREE,DOWN,96.18,SELL CALLS,ADD_POSITION,Month 3 (late add),2026-01,DOWN,60.1,NO,2026-02,DOWN,52.3,NO,2026-03,DOWN
CYIENT,2026-Q1,ALL3_AGREE,DOWN,96.18,SELL CALLS,ADD_POSITION,Month 3 (late add),2026-01,DOWN,6.5,YES,2026-02,DOWN,84.8,NO,2026-03,DOWN
DAMCAPITAL,2026-Q1,ALL3_AGREE,DOWN,96.18,SELL CALLS,ADD_POSITION,Month 3 (late add),2026-01,DOWN,63.7,NO,2026-02,DOWN,74.5,NO,2026-03,DOWN
DAMODARIND,2026-Q1,ALL3_AGREE,DOWN,96.18,SELL CALLS,ADD_POSITION,Month 3 (late add),2026-01,DOWN,65.3,NO,2026-02,DOWN,8.1,YES,2026-03,DOWN
DBCORP,2026-Q1,ALL3_AGREE,DOWN,96.18,SELL CALLS,ADD_POSITION,Month 3 (late add),2026-01,DOWN,74.9,NO,2026-02,DOWN,53.4,NO,2026-03,DOWN
DBEIL,2025-Q4,ALL3_AGREE,DOWN,96.18,SELL CALLS,ADD_POSITION,Month 3 (late add),2025-10,DOWN,79.8,NO,2025-11,DOWN,88.5,NO,2025-12,DOWN
DBEIL,2026-Q1,ALL3_AGREE,DOWN,96.18,SELL CALLS,ADD_POSITION,Month 3 (late add),2026-01,DOWN,94.5,NO,2026-02,DOWN,56.6,NO,2026-03,DOWN
DBOL,2025-Q4,ALL3_AGREE,DOWN,96.18,SELL CALLS,ADD_POSITION,Month 3 (late add),2025-10,DOWN,28.9,NO,2025-11,DOWN,34.6,NO,2025-12,DOWN
DBOL,2026-Q1,ALL3_AGREE,UP,96.18,SELL PUTS,ADD_POSITION,Month 3 (late add),2026-01,UP,61.0,YES,2026-02,UP,15.8,NO,2026-03,UP
DBREALTY,2025-Q4,ALL3_AGREE,DOWN,96.18,SELL CALLS,ADD_POSITION,Month 3 (late add),2025-10,DOWN,78.0,NO,2025-11,DOWN,64.0,NO,2025-12,DOWN
DCAL,2026-Q1,ALL3_AGREE,DOWN,96.18,SELL CALLS,ADD_POSITION,Month 3 (late add),2026-01,DOWN,47.7,NO,2026-02,DOWN,66.7,NO,2026-03,DOWN
DCM,2026-Q1,ALL3_AGREE,DOWN,96.18,SELL CALLS,ADD_POSITION,Month 3 (late add),2026-01,DOWN,74.6,NO,2026-02,DOWN,50.0,NO,2026-03,DOWN
DCMNVL,2026-Q1,ALL3_AGREE,DOWN,96.18,SELL CALLS,ADD_POSITION,Month 3 (late add),2026-01,DOWN,14.4,NO,2026-02,DOWN,21.0,NO,2026-03,DOWN
DCMSRIND,2025-Q4,ALL3_AGREE,DOWN,96.18,SELL CALLS,ADD_POSITION,Month 3 (late add),2025-10,DOWN,51.8,YES,2025-11,DOWN,8.4,NO,2025-12,DOWN
DCMSRIND,2026-Q1,ALL3_AGREE,DOWN,96.18,SELL CALLS,ADD_POSITION,Month 3 (late add),2026-01,DOWN,80.6,NO,2026-02,DOWN,30.0,NO,2026-03,DOWN
DCW,2025-Q4,ALL3_AGREE,DOWN,96.18,SELL CALLS,ADD_POSITION,Month 3 (late add),2025-10,DOWN,53.9,NO,2025-11,DOWN,14.2,NO,2025-12,DOWN
DDEVPLSTIK,2026-Q1,ALL3_AGREE,DOWN,96.18,SELL CALLS,ADD_POSITION,Month 3 (late add),2026-01,DOWN,14.2,NO,2026-02,DOWN,54.1,NO,2026-03,DOWN
DEEPAKFERT,2025-Q4,ALL3_AGREE,DOWN,96.18,SELL CALLS,ADD_POSITION,Month 3 (late add),2025-10,DOWN,13.7,NO,2025-11,DOWN,62.4,NO,2025-12,DOWN
DEEPINDS,2026-Q1,ALL3_AGREE,DOWN,96.18,SELL CALLS,ADD_POSITION,Month 3 (late add),2026-01,DOWN,66.2,NO,2026-02,DOWN,25.0,NO,2026-03,DOWN
DELPHIFX,2026-Q1,ALL3_AGREE,DOWN,96.18,SELL CALLS,ADD_POSITION,Month 3 (late add),2026-01,DOWN,36.1,NO,2026-02,DOWN,92.4,NO,2026-03,DOWN
DELTACORP,2026-Q1,ALL3_AGREE,DOWN,96.18,SELL CALLS,ADD_POSITION,Month 3 (late add),2026-01,DOWN,43.5,NO,2026-02,DOWN,31.4,NO,2026-03,DOWN
DELTAMAGNT,2026-Q1,ALL3_AGREE,DOWN,96.18,SELL CALLS,ADD_POSITION,Month 3 (late add),2026-01,DOWN,54.6,NO,2026-02,DOWN,21.5,NO,2026-03,DOWN
DENORA,2025-Q4,ALL3_AGREE,DOWN,96.18,SELL CALLS,ADD_POSITION,Month 3 (late add),2025-10,DOWN,23.1,NO,2025-11,DOWN,71.6,NO,2025-12,DOWN
DENTA,2025-Q4,ALL3_AGREE,DOWN,96.18,SELL CALLS,ADD_POSITION,Month 3 (late add),2025-10,DOWN,47.0,NO,2025-11,DOWN,29.6,NO,2025-12,DOWN
DGCONTENT,2025-Q4,ALL3_AGREE,DOWN,96.18,SELL CALLS,ADD_POSITION,Month 3 (late add),2025-10,DOWN,51.4,NO,2025-11,DOWN,13.6,YES,2025-12,DOWN
DHANUKA,2025-Q4,ALL3_AGREE,DOWN,96.18,SELL CALLS,ADD_POSITION,Month 3 (late add),2025-10,DOWN,78.9,NO,2025-11,DOWN,55.7,NO,2025-12,DOWN
DHANUKA,2026-Q1,ALL3_AGREE,DOWN,96.18,SELL CALLS,ADD_POSITION,Month 3 (late add),2026-01,DOWN,34.8,NO,2026-02,DOWN,64.5,NO,2026-03,DOWN
DHARAN,2025-Q4,ALL3_AGREE,DOWN,96.18,SELL CALLS,ADD_POSITION,Month 3 (late add),2025-10,DOWN,55.6,NO,2025-11,DOWN,33.3,NO,2025-12,DOWN
DHARAN,2026-Q1,ALL3_AGREE,DOWN,96.18,SELL CALLS,ADD_POSITION,Month 3 (late add),2026-01,DOWN,42.9,NO,2026-02,DOWN,16.7,NO,2026-03,DOWN
DHUNINV,2026-Q1,ALL3_AGREE,DOWN,96.18,SELL CALLS,ADD_POSITION,Month 3 (late add),2026-01,DOWN,84.7,NO,2026-02,DOWN,13.2,NO,2026-03,DOWN
DIGISPICE,2025-Q4,ALL3_AGREE,DOWN,96.18,SELL CALLS,ADD_POSITION,Month 3 (late add),2025-10,DOWN,25.8,NO,2025-11,DOWN,20.2,NO,2025-12,DOWN
DIGITIDE,2026-Q1,ALL3_AGREE,DOWN,96.18,SELL CALLS,ADD_POSITION,Month 3 (late add),2026-01,DOWN,57.7,NO,2026-02,DOWN,44.5,NO,2026-03,DOWN
DIGJAMLMTD,2026-Q1,ALL3_AGREE,DOWN,96.18,SELL CALLS,ADD_POSITION,Month 3 (late add),2026-01,DOWN,4.9,NO,2026-02,DOWN,24.0,NO,2026-03,DOWN
DISHTV,2025-Q4,ALL3_AGREE,DOWN,96.18,SELL CALLS,ADD_POSITION,Month 3 (late add),2025-10,DOWN,64.3,NO,2025-11,DOWN,12.6,NO,2025-12,DOWN
DIVOPPBEES,2025-Q4,ALL3_AGREE,UP,96.18,SELL PUTS,ADD_POSITION,Month 3 (late add),2025-10,UP,38.8,YES,2025-11,UP,6.0,YES,2025-12,UP
DIXON,2025-Q4,ALL3_AGREE,DOWN,96.18,SELL CALLS,ADD_POSITION,Month 3 (late add),2025-10,DOWN,41.4,NO,2025-11,DOWN,62.5,NO,2025-12,DOWN
DLINKINDIA,2025-Q4,ALL3_AGREE,DOWN,96.18,SELL CALLS,ADD_POSITION,Month 3 (late add),2025-10,DOWN,19.2,NO,2025-11,DOWN,26.9,NO,2025-12,DOWN
DLINKINDIA,2026-Q1,ALL3_AGREE,DOWN,96.18,SELL CALLS,ADD_POSITION,Month 3 (late add),2026-01,DOWN,19.2,NO,2026-02,DOWN,12.4,YES,2026-03,DOWN
DMART,2025-Q4,ALL3_AGREE,DOWN,96.18,SELL CALLS,ADD_POSITION,Month 3 (late add),2025-10,DOWN,84.3,NO,2025-11,DOWN,60.2,NO,2025-12,DOWN
DMART,2026-Q1,ALL3_AGREE,UP,96.18,SELL PUTS,ADD_POSITION,Month 3 (late add),2026-01,UP,31.1,NO,2026-02,UP,32.8,YES,2026-03,UP
DMCC,2026-Q1,ALL3_AGREE,DOWN,96.18,SELL CALLS,ADD_POSITION,Month 3 (late add),2026-01,DOWN,43.6,NO,2026-02,DOWN,17.1,NO,2026-03,DOWN
DNAMEDIA,2025-Q4,ALL3_AGREE,DOWN,96.18,SELL CALLS,ADD_POSITION,Month 3 (late add),2025-10,DOWN,63.3,NO,2025-11,DOWN,38.9,NO,2025-12,DOWN
DNAMEDIA,2026-Q1,ALL3_AGREE,DOWN,96.18,SELL CALLS,ADD_POSITION,Month 3 (late add),2026-01,DOWN,31.7,NO,2026-02,DOWN,19.8,YES,2026-03,DOWN
DODLA,2025-Q4,ALL3_AGREE,DOWN,96.18,SELL CALLS,ADD_POSITION,Month 3 (late add),2025-10,DOWN,18.7,NO,2025-11,DOWN,4.4,NO,2025-12,DOWN
DODLA,2026-Q1,ALL3_AGREE,DOWN,96.18,SELL CALLS,ADD_POSITION,Month 3 (late add),2026-01,DOWN,44.8,NO,2026-02,DOWN,26.0,NO,2026-03,DOWN
DOLATALGO,2026-Q1,ALL3_AGREE,DOWN,96.18,SELL CALLS,ADD_POSITION,Month 3 (late add),2026-01,DOWN,58.2,NO,2026-02,DOWN,51.1,NO,2026-03,DOWN
DOLLAR,2026-Q1,ALL3_AGREE,DOWN,96.18,SELL CALLS,ADD_POSITION,Month 3 (late add),2026-01,DOWN,74.3,NO,2026-02,DOWN,28.7,NO,2026-03,DOWN
DOMS,2025-Q4,ALL3_AGREE,UP,96.18,SELL PUTS,ADD_POSITION,Month 3 (late add),2025-10,UP,37.5,YES,2025-11,UP,30.1,NO,2025-12,UP
DPABHUSHAN,2026-Q1,ALL3_AGREE,DOWN,96.18,SELL CALLS,ADD_POSITION,Month 3 (late add),2026-01,DOWN,45.8,NO,2026-02,DOWN,35.6,NO,2026-03,DOWN
DPSCLTD,2025-Q4,ALL3_AGREE,DOWN,96.18,SELL CALLS,ADD_POSITION,Month 3 (late add),2025-10,DOWN,29.2,NO,2025-11,DOWN,59.7,NO,2025-12,DOWN
DRCSYSTEMS,2025-Q4,ALL3_AGREE,DOWN,96.18,SELL CALLS,ADD_POSITION,Month 3 (late add),2025-10,DOWN,16.3,NO,2025-11,DOWN,43.3,NO,2025-12,DOWN
DREAMFOLKS,2026-Q1,ALL3_AGREE,DOWN,96.18,SELL CALLS,ADD_POSITION,Month 3 (late add),2026-01,DOWN,83.6,NO,2026-02,DOWN,53.5,NO,2026-03,DOWN
DSSL,2025-Q4,ALL3_AGREE,UP,96.18,SELL PUTS,ADD_POSITION,Month 3 (late add),2025-10,UP,26.2,YES,2025-11,UP,1.4,NO,2025-12,UP
DTIL,2026-Q1,ALL3_AGREE,DOWN,96.18,SELL CALLS,ADD_POSITION,Month 3 (late add),2026-01,DOWN,55.8,NO,2026-02,DOWN,64.9,NO,2026-03,DOWN
DUCON,2025-Q4,ALL3_AGREE,DOWN,96.18,SELL CALLS,ADD_POSITION,Month 3 (late add),2025-10,DOWN,50.8,NO,2025-11,DOWN,47.8,NO,2025-12,DOWN
DVL,2025-Q4,ALL3_AGREE,DOWN,96.18,SELL CALLS,ADD_POSITION,Month 3 (late add),2025-10,DOWN,43.7,NO,2025-11,DOWN,73.0,NO,2025-12,DOWN
DVL,2026-Q1,ALL3_AGREE,DOWN,96.18,SELL CALLS,ADD_POSITION,Month 3 (late add),2026-01,DOWN,76.2,NO,2026-02,DOWN,12.2,NO,2026-03,DOWN
DYCL,2026-Q1,ALL3_AGREE,DOWN,96.18,SELL CALLS,ADD_POSITION,Month 3 (late add),2026-01,DOWN,56.9,NO,2026-02,DOWN,4.4,NO,2026-03,DOWN
DYNAMATECH,2025-Q4,ALL3_AGREE,UP,96.18,SELL PUTS,ADD_POSITION,Month 3 (late add),2025-10,UP,64.8,YES,2025-11,UP,64.9,YES,2025-12,UP
DYNPRO,2025-Q4,ALL3_AGREE,DOWN,96.18,SELL CALLS,ADD_POSITION,Month 3 (late add),2025-10,DOWN,69.8,NO,2025-11,DOWN,78.6,NO,2025-12,DOWN
E2E,2025-Q4,ALL3_AGREE,DOWN,96.18,SELL CALLS,ADD_POSITION,Month 3 (late add),2025-10,DOWN,14.2,NO,2025-11,DOWN,95.3,NO,2025-12,DOWN
EASTSILK,2025-Q4,ALL3_AGREE,UP,96.18,SELL PUTS,ADD_POSITION,Month 3 (late add),2025-10,UP,100.0,YES,2025-11,UP,37.0,YES,2025-12,UP
EASTSILK,2026-Q1,ALL3_AGREE,DOWN,96.18,SELL CALLS,ADD_POSITION,Month 3 (late add),2026-01,DOWN,36.9,NO,2026-02,DOWN,20.1,YES,2026-03,DOWN
EBBETF0433,2026-Q1,ALL3_AGREE,DOWN,96.18,SELL CALLS,ADD_POSITION,Month 3 (late add),2026-01,DOWN,19.9,NO,2026-02,DOWN,28.2,YES,2026-03,DOWN
EBGNG,2025-Q4,ALL3_AGREE,DOWN,96.18,SELL CALLS,ADD_POSITION,Month 3 (late add),2025-10,DOWN,19.8,NO,2025-11,DOWN,23.6,NO,2025-12,DOWN
ECLERX,2026-Q1,ALL3_AGREE,DOWN,96.18,SELL CALLS,ADD_POSITION,Month 3 (late add),2026-01,DOWN,3.5,NO,2026-02,DOWN,83.2,NO,2026-03,DOWN
EDUCOMP,2025-Q4,ALL3_AGREE,DOWN,96.18,SELL CALLS,ADD_POSITION,Month 3 (late add),2025-10,DOWN,8.3,NO,2025-11,DOWN,5.6,NO,2025-12,DOWN
EFCIL,2026-Q1,ALL3_AGREE,DOWN,96.18,SELL CALLS,ADD_POSITION,Month 3 (late add),2026-01,DOWN,56.4,NO,2026-02,DOWN,47.8,NO,2026-03,DOWN
EIDPARRY,2026-Q1,ALL3_AGREE,DOWN,96.18,SELL CALLS,ADD_POSITION,Month 3 (late add),2026-01,DOWN,64.0,NO,2026-02,DOWN,69.9,NO,2026-03,DOWN
EIFFL,2026-Q1,ALL3_AGREE,DOWN,96.18,SELL CALLS,ADD_POSITION,Month 3 (late add),2026-01,DOWN,10.4,NO,2026-02,DOWN,58.7,NO,2026-03,DOWN
EKC,2026-Q1,ALL3_AGREE,UP,96.18,SELL PUTS,ADD_POSITION,Month 3 (late add),2026-01,UP,38.8,NO,2026-02,UP,13.9,YES,2026-03,UP
ELECON,2025-Q4,ALL3_AGREE,DOWN,96.18,SELL CALLS,ADD_POSITION,Month 3 (late add),2025-10,DOWN,7.7,NO,2025-11,DOWN,66.9,NO,2025-12,DOWN
ELECTHERM,2026-Q1,ALL3_AGREE,DOWN,96.18,SELL CALLS,ADD_POSITION,Month 3 (late add),2026-01,DOWN,38.1,NO,2026-02,DOWN,71.3,NO,2026-03,DOWN
ELGIRUBCO,2025-Q4,ALL3_AGREE,DOWN,96.18,SELL CALLS,ADD_POSITION,Month 3 (late add),2025-10,DOWN,23.4,YES,2025-11,DOWN,60.2,NO,2025-12,DOWN
ELIN,2026-Q1,ALL3_AGREE,DOWN,96.18,SELL CALLS,ADD_POSITION,Month 3 (late add),2026-01,DOWN,42.0,NO,2026-02,DOWN,56.1,NO,2026-03,DOWN
ELIQUID,2026-Q1,ALL3_AGREE,UP,96.18,SELL PUTS,ADD_POSITION,Month 3 (late add),2026-01,UP,61.7,YES,2026-02,UP,14.0,YES,2026-03,UP
ELLEN,2025-Q4,ALL3_AGREE,DOWN,96.18,SELL CALLS,ADD_POSITION,Month 3 (late add),2025-10,DOWN,13.9,NO,2025-11,DOWN,83.3,NO,2025-12,DOWN
ELLEN,2026-Q1,ALL3_AGREE,DOWN,96.18,SELL CALLS,ADD_POSITION,Month 3 (late add),2026-01,DOWN,72.3,NO,2026-02,DOWN,57.6,NO,2026-03,DOWN
EMAMILTD,2025-Q4,ALL3_AGREE,DOWN,96.18,SELL CALLS,ADD_POSITION,Month 3 (late add),2025-10,DOWN,13.0,NO,2025-11,DOWN,12.2,NO,2025-12,DOWN
EMAMILTD,2026-Q1,ALL3_AGREE,DOWN,96.18,SELL CALLS,ADD_POSITION,Month 3 (late add),2026-01,DOWN,77.1,NO,2026-02,DOWN,32.9,NO,2026-03,DOWN
EMAMIREAL,2025-Q4,ALL3_AGREE,DOWN,96.18,SELL CALLS,ADD_POSITION,Month 3 (late add),2025-10,DOWN,47.4,NO,2025-11,DOWN,35.0,NO,2025-12,DOWN
EMAMIREAL,2026-Q1,ALL3_AGREE,DOWN,96.18,SELL CALLS,ADD_POSITION,Month 3 (late add),2026-01,DOWN,75.0,NO,2026-02,DOWN,10.3,NO,2026-03,DOWN
EMBDL,2025-Q4,ALL3_AGREE,DOWN,96.18,SELL CALLS,ADD_POSITION,Month 3 (late add),2025-10,DOWN,2.6,YES,2025-11,DOWN,76.1,NO,2025-12,DOWN
EMMBI,2026-Q1,ALL3_AGREE,DOWN,96.18,SELL CALLS,ADD_POSITION,Month 3 (late add),2026-01,DOWN,47.7,NO,2026-02,DOWN,43.7,NO,2026-03,DOWN
EMMVEE,2026-Q1,ALL3_AGREE,UP,96.18,SELL PUTS,ADD_POSITION,Month 3 (late add),2026-01,UP,1.0,NO,2026-02,UP,3.6,NO,2026-03,UP
ENERGYDEV,2026-Q1,ALL3_AGREE,DOWN,96.18,SELL CALLS,ADD_POSITION,Month 3 (late add),2026-01,DOWN,24.7,NO,2026-02,DOWN,26.8,NO,2026-03,DOWN
ENGINERSIN,2025-Q4,ALL3_AGREE,UP,96.18,SELL PUTS,ADD_POSITION,Month 3 (late add),2025-10,UP,53.0,YES,2025-11,UP,24.4,NO,2025-12,UP
ENIL,2025-Q4,ALL3_AGREE,DOWN,96.18,SELL CALLS,ADD_POSITION,Month 3 (late add),2025-10,DOWN,97.6,NO,2025-11,DOWN,62.8,NO,2025-12,DOWN
ENRIN,2025-Q4,ALL3_AGREE,DOWN,96.18,SELL CALLS,ADD_POSITION,Month 3 (late add),2025-10,DOWN,63.0,NO,2025-11,DOWN,12.9,NO,2025-12,DOWN
EPACKPEB,2026-Q1,ALL3_AGREE,DOWN,96.18,SELL CALLS,ADD_POSITION,Month 3 (late add),2026-01,DOWN,66.9,NO,2026-02,DOWN,67.7,NO,2026-03,DOWN
EPIGRAL,2025-Q4,ALL3_AGREE,DOWN,96.18,SELL CALLS,ADD_POSITION,Month 3 (late add),2025-10,DOWN,1.0,NO,2025-11,DOWN,55.1,NO,2025-12,DOWN
EQUAL50,2025-Q4,ALL3_AGREE,UP,96.18,SELL PUTS,ADD_POSITION,Month 3 (late add),2025-10,UP,65.9,YES,2025-11,UP,34.8,YES,2025-12,UP
ERIS,2026-Q1,ALL3_AGREE,DOWN,96.18,SELL CALLS,ADD_POSITION,Month 3 (late add),2026-01,DOWN,50.4,NO,2026-02,DOWN,3.1,NO,2026-03,DOWN
ESABINDIA,2025-Q4,ALL3_AGREE,UP,96.18,SELL PUTS,ADD_POSITION,Month 3 (late add),2025-10,UP,17.8,NO,2025-11,UP,64.0,YES,2025-12,UP
ETERNAL,2025-Q4,ALL3_AGREE,DOWN,96.18,SELL CALLS,ADD_POSITION,Month 3 (late add),2025-10,DOWN,9.9,NO,2025-11,DOWN,55.3,NO,2025-12,DOWN
ETERNAL,2026-Q1,ALL3_AGREE,DOWN,96.18,SELL CALLS,ADD_POSITION,Month 3 (late add),2026-01,DOWN,9.4,NO,2026-02,DOWN,40.9,NO,2026-03,DOWN
ETHOSLTD,2026-Q1,ALL3_AGREE,DOWN,96.18,SELL CALLS,ADD_POSITION,Month 3 (late add),2026-01,DOWN,56.6,NO,2026-02,DOWN,33.9,NO,2026-03,DOWN
EUREKAFORB,2026-Q1,ALL3_AGREE,DOWN,96.18,SELL CALLS,ADD_POSITION,Month 3 (late add),2026-01,DOWN,55.3,NO,2026-02,DOWN,86.0,NO,2026-03,DOWN
EVERESTIND,2026-Q1,ALL3_AGREE,DOWN,96.18,SELL CALLS,ADD_POSITION,Month 3 (late add),2026-01,DOWN,61.6,NO,2026-02,DOWN,41.2,NO,2026-03,DOWN
EXCELINDUS,2025-Q4,ALL3_AGREE,DOWN,96.18,SELL CALLS,ADD_POSITION,Month 3 (late add),2025-10,DOWN,47.9,NO,2025-11,DOWN,79.2,NO,2025-12,DOWN
EXICOM,2026-Q1,ALL3_AGREE,DOWN,96.18,SELL CALLS,ADD_POSITION,Month 3 (late add),2026-01,DOWN,73.7,NO,2026-02,DOWN,54.1,NO,2026-03,DOWN
EXIDEIND,2025-Q4,ALL3_AGREE,DOWN,96.18,SELL CALLS,ADD_POSITION,Month 3 (late add),2025-10,DOWN,30.9,NO,2025-11,DOWN,26.4,NO,2025-12,DOWN
EXPLEOSOL,2026-Q1,ALL3_AGREE,DOWN,96.18,SELL CALLS,ADD_POSITION,Month 3 (late add),2026-01,DOWN,36.9,NO,2026-02,DOWN,80.7,NO,2026-03,DOWN
FAIRCHEMOR,2026-Q1,ALL3_AGREE,DOWN,96.18,SELL CALLS,ADD_POSITION,Month 3 (late add),2026-01,DOWN,46.7,NO,2026-02,DOWN,52.7,NO,2026-03,DOWN
FCONSUMER,2026-Q1,ALL3_AGREE,DOWN,96.18,SELL CALLS,ADD_POSITION,Month 3 (late add),2026-01,DOWN,100.0,NO,2026-02,DOWN,0.0,NO,2026-03,DOWN
FDC,2026-Q1,ALL3_AGREE,DOWN,96.18,SELL CALLS,ADD_POSITION,Month 3 (late add),2026-01,DOWN,81.3,NO,2026-02,DOWN,32.0,NO,2026-03,DOWN
FEDERALBNK,2025-Q4,ALL3_AGREE,UP,96.18,SELL PUTS,ADD_POSITION,Month 3 (late add),2025-10,UP,95.2,YES,2025-11,UP,79.9,YES,2025-12,UP
FILATFASH,2025-Q4,ALL3_AGREE,DOWN,96.18,SELL CALLS,ADD_POSITION,Month 3 (late add),2025-10,DOWN,25.0,NO,2025-11,DOWN,84.6,NO,2025-12,DOWN
FINIETF,2025-Q4,ALL3_AGREE,UP,96.18,SELL PUTS,ADD_POSITION,Month 3 (late add),2025-10,UP,58.5,YES,2025-11,UP,55.0,YES,2025-12,UP
FINKURVE,2026-Q1,ALL3_AGREE,DOWN,96.18,SELL CALLS,ADD_POSITION,Month 3 (late add),2026-01,DOWN,74.8,NO,2026-02,DOWN,13.7,NO,2026-03,DOWN
FINOPB,2026-Q1,ALL3_AGREE,DOWN,96.18,SELL CALLS,ADD_POSITION,Month 3 (late add),2026-01,DOWN,73.9,NO,2026-02,DOWN,34.0,NO,2026-03,DOWN
FINPIPE,2025-Q4,ALL3_AGREE,DOWN,96.18,SELL CALLS,ADD_POSITION,Month 3 (late add),2025-10,DOWN,67.1,NO,2025-11,DOWN,53.8,NO,2025-12,DOWN
FIRSTCRY,2025-Q4,ALL3_AGREE,DOWN,96.18,SELL CALLS,ADD_POSITION,Month 3 (late add),2025-10,DOWN,37.6,NO,2025-11,DOWN,80.5,NO,2025-12,DOWN
FIVESTAR,2026-Q1,ALL3_AGREE,DOWN,96.18,SELL CALLS,ADD_POSITION,Month 3 (late add),2026-01,DOWN,77.0,NO,2026-02,DOWN,80.0,NO,2026-03,DOWN
FLEXIADD,2026-Q1,ALL3_AGREE,DOWN,96.18,SELL CALLS,ADD_POSITION,Month 3 (late add),2026-01,DOWN,41.1,NO,2026-02,DOWN,72.3,NO,2026-03,DOWN
FLEXITUFF,2025-Q4,ALL3_AGREE,DOWN,96.18,SELL CALLS,ADD_POSITION,Month 3 (late add),2025-10,DOWN,26.4,NO,2025-11,DOWN,55.1,NO,2025-12,DOWN
FLEXITUFF,2026-Q1,ALL3_AGREE,DOWN,96.18,SELL CALLS,ADD_POSITION,Month 3 (late add),2026-01,DOWN,70.8,NO,2026-02,DOWN,73.1,NO,2026-03,DOWN
FMGOETZE,2025-Q4,ALL3_AGREE,DOWN,96.18,SELL CALLS,ADD_POSITION,Month 3 (late add),2025-10,DOWN,83.6,NO,2025-11,DOWN,41.6,YES,2025-12,DOWN
FMGOETZE,2026-Q1,ALL3_AGREE,DOWN,96.18,SELL CALLS,ADD_POSITION,Month 3 (late add),2026-01,DOWN,29.8,NO,2026-02,DOWN,33.3,NO,2026-03,DOWN
FOODSIN,2025-Q4,ALL3_AGREE,DOWN,96.18,SELL CALLS,ADD_POSITION,Month 3 (late add),2025-10,DOWN,42.2,NO,2025-11,DOWN,41.0,NO,2025-12,DOWN
FUSION,2025-Q4,ALL3_AGREE,DOWN,96.18,SELL CALLS,ADD_POSITION,Month 3 (late add),2025-10,DOWN,55.8,NO,2025-11,DOWN,50.9,NO,2025-12,DOWN
GAEL,2025-Q4,ALL3_AGREE,UP,96.18,SELL PUTS,ADD_POSITION,Month 3 (late add),2025-10,UP,4.3,NO,2025-11,UP,28.3,YES,2025-12,UP
GANESHCP,2026-Q1,ALL3_AGREE,DOWN,96.18,SELL CALLS,ADD_POSITION,Month 3 (late add),2026-01,DOWN,77.9,NO,2026-02,DOWN,32.1,NO,2026-03,DOWN
GANESHHOU,2026-Q1,ALL3_AGREE,DOWN,96.18,SELL CALLS,ADD_POSITION,Month 3 (late add),2026-01,DOWN,60.7,NO,2026-02,DOWN,45.4,NO,2026-03,DOWN
GATECH,2025-Q4,ALL3_AGREE,DOWN,96.18,SELL CALLS,ADD_POSITION,Month 3 (late add),2025-10,DOWN,11.8,YES,2025-11,DOWN,70.0,NO,2025-12,DOWN
GEECEE,2026-Q1,ALL3_AGREE,DOWN,96.18,SELL CALLS,ADD_POSITION,Month 3 (late add),2026-01,DOWN,55.3,NO,2026-02,DOWN,36.2,NO,2026-03,DOWN
GEEKAYWIRE,2026-Q1,ALL3_AGREE,DOWN,96.18,SELL CALLS,ADD_POSITION,Month 3 (late add),2026-01,DOWN,90.9,NO,2026-02,DOWN,41.5,NO,2026-03,DOWN
GENESYS,2026-Q1,ALL3_AGREE,DOWN,96.18,SELL CALLS,ADD_POSITION,Month 3 (late add),2026-01,DOWN,82.0,NO,2026-02,DOWN,12.3,NO,2026-03,DOWN
GENSOL,2025-Q4,ALL3_AGREE,DOWN,96.18,SELL CALLS,ADD_POSITION,Month 3 (late add),2025-10,DOWN,100.0,NO,2025-11,DOWN,38.2,NO,2025-12,DOWN
GENUSPAPER,2025-Q4,ALL3_AGREE,DOWN,96.18,SELL CALLS,ADD_POSITION,Month 3 (late add),2025-10,DOWN,10.2,NO,2025-11,DOWN,76.9,NO,2025-12,DOWN
GEOJITFSL,2026-Q1,ALL3_AGREE,DOWN,96.18,SELL CALLS,ADD_POSITION,Month 3 (late add),2026-01,DOWN,52.6,NO,2026-02,DOWN,40.2,NO,2026-03,DOWN
GESHIP,2025-Q4,ALL3_AGREE,UP,96.18,SELL PUTS,ADD_POSITION,Month 3 (late add),2025-10,UP,67.9,YES,2025-11,UP,4.1,YES,2025-12,UP
GESHIP,2026-Q1,ALL3_AGREE,UP,96.18,SELL PUTS,ADD_POSITION,Month 3 (late add),2026-01,UP,31.6,YES,2026-02,UP,49.0,YES,2026-03,UP
GHCL,2026-Q1,ALL3_AGREE,DOWN,96.18,SELL CALLS,ADD_POSITION,Month 3 (late add),2026-01,DOWN,56.4,NO,2026-02,DOWN,50.5,NO,2026-03,DOWN
GICHSGFIN,2025-Q4,ALL3_AGREE,UP,96.18,SELL PUTS,ADD_POSITION,Month 3 (late add),2025-10,UP,4.6,YES,2025-11,UP,22.7,NO,2025-12,UP
GICHSGFIN,2026-Q1,ALL3_AGREE,DOWN,96.18,SELL CALLS,ADD_POSITION,Month 3 (late add),2026-01,DOWN,48.4,NO,2026-02,DOWN,56.9,NO,2026-03,DOWN
GICRE,2025-Q4,ALL3_AGREE,UP,96.18,SELL PUTS,ADD_POSITION,Month 3 (late add),2025-10,UP,17.3,YES,2025-11,UP,34.7,YES,2025-12,UP
GILLANDERS,2026-Q1,ALL3_AGREE,DOWN,96.18,SELL CALLS,ADD_POSITION,Month 3 (late add),2026-01,DOWN,64.2,NO,2026-02,DOWN,6.6,YES,2026-03,DOWN
GILLETTE,2025-Q4,ALL3_AGREE,DOWN,96.18,SELL CALLS,ADD_POSITION,Month 3 (late add),2025-10,DOWN,47.8,NO,2025-11,DOWN,36.1,NO,2025-12,DOWN
GLAND,2025-Q4,ALL3_AGREE,DOWN,96.18,SELL CALLS,ADD_POSITION,Month 3 (late add),2025-10,DOWN,45.6,NO,2025-11,DOWN,61.1,NO,2025-12,DOWN
GLAXO,2025-Q4,ALL3_AGREE,DOWN,96.18,SELL CALLS,ADD_POSITION,Month 3 (late add),2025-10,DOWN,20.4,NO,2025-11,DOWN,25.8,NO,2025-12,DOWN
GLOBALE,2025-Q4,ALL3_AGREE,DOWN,96.18,SELL CALLS,ADD_POSITION,Month 3 (late add),2025-10,DOWN,33.1,NO,2025-11,DOWN,13.5,NO,2025-12,DOWN
GLOBE,2025-Q4,ALL3_AGREE,UP,96.18,SELL PUTS,ADD_POSITION,Month 3 (late add),2025-10,UP,66.2,YES,2025-11,UP,47.5,YES,2025-12,UP
GLOBECIVIL,2026-Q1,ALL3_AGREE,DOWN,96.18,SELL CALLS,ADD_POSITION,Month 3 (late add),2026-01,DOWN,61.2,NO,2026-02,DOWN,4.8,NO,2026-03,DOWN
GLOBUSSPR,2026-Q1,ALL3_AGREE,DOWN,96.18,SELL CALLS,ADD_POSITION,Month 3 (late add),2026-01,DOWN,47.2,NO,2026-02,DOWN,31.6,NO,2026-03,DOWN
GLOSTERLTD,2026-Q1,ALL3_AGREE,DOWN,96.18,SELL CALLS,ADD_POSITION,Month 3 (late add),2026-01,DOWN,70.7,NO,2026-02,DOWN,50.9,NO,2026-03,DOWN
GLOTTIS,2025-Q4,ALL3_AGREE,DOWN,96.18,SELL CALLS,ADD_POSITION,Month 3 (late add),2025-10,DOWN,41.9,NO,2025-11,DOWN,97.7,NO,2025-12,DOWN
GLOTTIS,2026-Q1,ALL3_AGREE,DOWN,96.18,SELL CALLS,ADD_POSITION,Month 3 (late add),2026-01,DOWN,85.8,NO,2026-02,DOWN,50.9,NO,2026-03,DOWN
GMDCLTD,2026-Q1,ALL3_AGREE,DOWN,96.18,SELL CALLS,ADD_POSITION,Month 3 (late add),2026-01,DOWN,19.7,NO,2026-02,DOWN,6.7,YES,2026-03,DOWN
GMMPFAUDLR,2026-Q1,ALL3_AGREE,DOWN,96.18,SELL CALLS,ADD_POSITION,Month 3 (late add),2026-01,DOWN,81.9,NO,2026-02,DOWN,38.9,NO,2026-03,DOWN
GNFC,2026-Q1,ALL3_AGREE,DOWN,96.18,SELL CALLS,ADD_POSITION,Month 3 (late add),2026-01,DOWN,49.9,NO,2026-02,DOWN,43.4,NO,2026-03,DOWN
GOACARBON,2026-Q1,ALL3_AGREE,DOWN,96.18,SELL CALLS,ADD_POSITION,Month 3 (late add),2026-01,DOWN,57.2,NO,2026-02,DOWN,32.4,NO,2026-03,DOWN
GOCLCORP,2026-Q1,ALL3_AGREE,DOWN,96.18,SELL CALLS,ADD_POSITION,Month 3 (late add),2026-01,DOWN,46.2,NO,2026-02,DOWN,4.5,NO,2026-03,DOWN
GOCOLORS,2025-Q4,ALL3_AGREE,DOWN,96.18,SELL CALLS,ADD_POSITION,Month 3 (late add),2025-10,DOWN,39.9,NO,2025-11,DOWN,94.9,NO,2025-12,DOWN
GOCOLORS,2026-Q1,ALL3_AGREE,DOWN,96.18,SELL CALLS,ADD_POSITION,Month 3 (late add),2026-01,DOWN,77.4,NO,2026-02,DOWN,81.6,NO,2026-03,DOWN
GODREJAGRO,2025-Q4,ALL3_AGREE,DOWN,96.18,SELL CALLS,ADD_POSITION,Month 3 (late add),2025-10,DOWN,45.3,NO,2025-11,DOWN,65.0,NO,2025-12,DOWN
GODREJIND,2025-Q4,ALL3_AGREE,DOWN,96.18,SELL CALLS,ADD_POSITION,Month 3 (late add),2025-10,DOWN,44.1,NO,2025-11,DOWN,43.8,NO,2025-12,DOWN
GOKUL,2025-Q4,ALL3_AGREE,DOWN,96.18,SELL CALLS,ADD_POSITION,Month 3 (late add),2025-10,DOWN,38.5,NO,2025-11,DOWN,18.6,NO,2025-12,DOWN
GOLD1,2025-Q4,ALL3_AGREE,UP,96.18,SELL PUTS,ADD_POSITION,Month 3 (late add),2025-10,UP,43.6,YES,2025-11,UP,54.6,YES,2025-12,UP
GOLDENTOBC,2025-Q4,ALL3_AGREE,DOWN,96.18,SELL CALLS,ADD_POSITION,Month 3 (late add),2025-10,DOWN,13.9,NO,2025-11,DOWN,17.7,NO,2025-12,DOWN
GOLDENTOBC,2026-Q1,ALL3_AGREE,DOWN,96.18,SELL CALLS,ADD_POSITION,Month 3 (late add),2026-01,DOWN,14.3,NO,2026-02,DOWN,39.6,NO,2026-03,DOWN
GOLDETFADD,2025-Q4,ALL3_AGREE,UP,96.18,SELL PUTS,ADD_POSITION,Month 3 (late add),2025-10,UP,30.2,YES,2025-11,UP,61.4,YES,2025-12,UP
GOODLUCK,2025-Q4,ALL3_AGREE,DOWN,96.18,SELL CALLS,ADD_POSITION,Month 3 (late add),2025-10,DOWN,14.2,NO,2025-11,DOWN,50.4,NO,2025-12,DOWN
GOPAL,2025-Q4,ALL3_AGREE,DOWN,96.18,SELL CALLS,ADD_POSITION,Month 3 (late add),2025-10,DOWN,6.4,YES,2025-11,DOWN,41.0,NO,2025-12,DOWN
GOPAL,2026-Q1,ALL3_AGREE,DOWN,96.18,SELL CALLS,ADD_POSITION,Month 3 (late add),2026-01,DOWN,24.7,NO,2026-02,DOWN,17.5,NO,2026-03,DOWN
GPPL,2025-Q4,ALL3_AGREE,UP,96.18,SELL PUTS,ADD_POSITION,Month 3 (late add),2025-10,UP,58.7,YES,2025-11,UP,48.8,YES,2025-12,UP
GPTINFRA,2025-Q4,ALL3_AGREE,UP,96.18,SELL PUTS,ADD_POSITION,Month 3 (late add),2025-10,UP,42.3,NO,2025-11,UP,11.1,NO,2025-12,UP
GRAVITA,2025-Q4,ALL3_AGREE,UP,96.18,SELL PUTS,ADD_POSITION,Month 3 (late add),2025-10,UP,39.3,YES,2025-11,UP,63.4,YES,2025-12,UP
GREAVESCOT,2026-Q1,ALL3_AGREE,DOWN,96.18,SELL CALLS,ADD_POSITION,Month 3 (late add),2026-01,DOWN,73.5,NO,2026-02,DOWN,42.0,NO,2026-03,DOWN
GREENLAM,2026-Q1,ALL3_AGREE,DOWN,96.18,SELL CALLS,ADD_POSITION,Month 3 (late add),2026-01,DOWN,10.8,NO,2026-02,DOWN,4.6,YES,2026-03,DOWN
GREENPLY,2026-Q1,ALL3_AGREE,DOWN,96.18,SELL CALLS,ADD_POSITION,Month 3 (late add),2026-01,DOWN,74.9,NO,2026-02,DOWN,18.1,NO,2026-03,DOWN
GRINFRA,2025-Q4,ALL3_AGREE,DOWN,96.18,SELL CALLS,ADD_POSITION,Month 3 (late add),2025-10,DOWN,39.1,NO,2025-11,DOWN,76.8,NO,2025-12,DOWN
GRMOVER,2026-Q1,ALL3_AGREE,DOWN,96.18,SELL CALLS,ADD_POSITION,Month 3 (late add),2026-01,DOWN,16.3,YES,2026-02,DOWN,14.6,NO,2026-03,DOWN
GROWWEV,2025-Q4,ALL3_AGREE,UP,96.18,SELL PUTS,ADD_POSITION,Month 3 (late add),2025-10,UP,17.4,YES,2025-11,UP,0.6,YES,2025-12,UP
GROWWLIQID,2025-Q4,ALL3_AGREE,UP,96.18,SELL PUTS,ADD_POSITION,Month 3 (late add),2025-10,UP,73.3,YES,2025-11,UP,59.1,YES,2025-12,UP
GROWWMETAL,2026-Q1,ALL3_AGREE,UP,96.18,SELL PUTS,ADD_POSITION,Month 3 (late add),2026-01,UP,55.8,YES,2026-02,UP,26.0,YES,2026-03,UP
GROWWNET,2026-Q1,ALL3_AGREE,DOWN,96.18,SELL CALLS,ADD_POSITION,Month 3 (late add),2026-01,DOWN,65.9,NO,2026-02,DOWN,47.9,NO,2026-03,DOWN
GROWWNIFTY,2025-Q4,ALL3_AGREE,UP,96.18,SELL PUTS,ADD_POSITION,Month 3 (late add),2025-10,UP,65.1,YES,2025-11,UP,22.0,YES,2025-12,UP
GROWWRAIL,2026-Q1,ALL3_AGREE,DOWN,96.18,SELL CALLS,ADD_POSITION,Month 3 (late add),2026-01,DOWN,22.4,NO,2026-02,DOWN,79.6,NO,2026-03,DOWN
GROWWRLTY,2026-Q1,ALL3_AGREE,DOWN,96.18,SELL CALLS,ADD_POSITION,Month 3 (late add),2026-01,DOWN,53.1,NO,2026-02,DOWN,16.3,NO,2026-03,DOWN
GSEC10YEAR,2025-Q4,ALL3_AGREE,UP,96.18,SELL PUTS,ADD_POSITION,Month 3 (late add),2025-10,UP,75.4,YES,2025-11,UP,25.6,YES,2025-12,UP
GSFC,2025-Q4,ALL3_AGREE,DOWN,96.18,SELL CALLS,ADD_POSITION,Month 3 (late add),2025-10,DOWN,60.5,NO,2025-11,DOWN,32.1,NO,2025-12,DOWN
GSFC,2026-Q1,ALL3_AGREE,DOWN,96.18,SELL CALLS,ADD_POSITION,Month 3 (late add),2026-01,DOWN,5.1,YES,2026-02,DOWN,87.2,NO,2026-03,DOWN
GSLSU,2026-Q1,ALL3_AGREE,DOWN,96.18,SELL CALLS,ADD_POSITION,Month 3 (late add),2026-01,DOWN,41.3,NO,2026-02,DOWN,38.1,NO,2026-03,DOWN
GSS,2025-Q4,ALL3_AGREE,DOWN,96.18,SELL CALLS,ADD_POSITION,Month 3 (late add),2025-10,DOWN,24.0,NO,2025-11,DOWN,96.2,NO,2025-12,DOWN
GSS,2026-Q1,ALL3_AGREE,DOWN,96.18,SELL CALLS,ADD_POSITION,Month 3 (late add),2026-01,DOWN,45.9,NO,2026-02,DOWN,41.6,NO,2026-03,DOWN
GTECJAINX,2025-Q4,ALL3_AGREE,UP,96.18,SELL PUTS,ADD_POSITION,Month 3 (late add),2025-10,UP,0.0,NO,2025-11,UP,15.2,NO,2025-12,UP
GTL,2025-Q4,ALL3_AGREE,DOWN,96.18,SELL CALLS,ADD_POSITION,Month 3 (late add),2025-10,DOWN,66.1,NO,2025-11,DOWN,55.1,NO,2025-12,DOWN
GTLINFRA,2025-Q4,ALL3_AGREE,DOWN,96.18,SELL CALLS,ADD_POSITION,Month 3 (late add),2025-10,DOWN,41.7,NO,2025-11,DOWN,68.8,NO,2025-12,DOWN
GUJAPOLLO,2026-Q1,ALL3_AGREE,UP,96.18,SELL PUTS,ADD_POSITION,Month 3 (late add),2026-01,UP,29.2,NO,2026-02,UP,49.0,NO,2026-03,UP
GUJTHEM,2026-Q1,ALL3_AGREE,DOWN,96.18,SELL CALLS,ADD_POSITION,Month 3 (late add),2026-01,DOWN,80.5,NO,2026-02,DOWN,33.2,NO,2026-03,DOWN
GULFOILLUB,2026-Q1,ALL3_AGREE,DOWN,96.18,SELL CALLS,ADD_POSITION,Month 3 (late add),2026-01,DOWN,55.1,NO,2026-02,DOWN,18.9,YES,2026-03,DOWN
GULFPETRO,2025-Q4,ALL3_AGREE,DOWN,96.18,SELL CALLS,ADD_POSITION,Month 3 (late add),2025-10,DOWN,7.4,YES,2025-11,DOWN,48.5,NO,2025-12,DOWN
GVKPIL,2025-Q4,ALL3_AGREE,DOWN,96.18,SELL CALLS,ADD_POSITION,Month 3 (late add),2025-10,DOWN,9.5,NO,2025-11,DOWN,0.0,NO,2025-12,DOWN
GVPTECH,2026-Q1,ALL3_AGREE,DOWN,96.18,SELL CALLS,ADD_POSITION,Month 3 (late add),2026-01,DOWN,78.6,NO,2026-02,DOWN,49.4,NO,2026-03,DOWN
HAL,2025-Q4,ALL3_AGREE,DOWN,96.18,SELL CALLS,ADD_POSITION,Month 3 (late add),2025-10,DOWN,12.2,NO,2025-11,DOWN,27.1,NO,2025-12,DOWN
HAPPSTMNDS,2025-Q4,ALL3_AGREE,DOWN,96.18,SELL CALLS,ADD_POSITION,Month 3 (late add),2025-10,DOWN,31.3,NO,2025-11,DOWN,70.0,NO,2025-12,DOWN
HAPPYFORGE,2025-Q4,ALL3_AGREE,UP,96.18,SELL PUTS,ADD_POSITION,Month 3 (late add),2025-10,UP,58.6,YES,2025-11,UP,25.7,YES,2025-12,UP
HARIOMPIPE,2025-Q4,ALL3_AGREE,DOWN,96.18,SELL CALLS,ADD_POSITION,Month 3 (late add),2025-10,DOWN,57.7,NO,2025-11,DOWN,91.6,NO,2025-12,DOWN
HARRMALAYA,2025-Q4,ALL3_AGREE,DOWN,96.18,SELL CALLS,ADD_POSITION,Month 3 (late add),2025-10,DOWN,28.4,NO,2025-11,DOWN,81.3,NO,2025-12,DOWN
HATHWAY,2025-Q4,ALL3_AGREE,DOWN,96.18,SELL CALLS,ADD_POSITION,Month 3 (late add),2025-10,DOWN,20.3,NO,2025-11,DOWN,57.6,NO,2025-12,DOWN
HAVELLS,2025-Q4,ALL3_AGREE,DOWN,96.18,SELL CALLS,ADD_POSITION,Month 3 (late add),2025-10,DOWN,13.7,NO,2025-11,DOWN,56.9,NO,2025-12,DOWN
HBLENGINE,2026-Q1,ALL3_AGREE,DOWN,96.18,SELL CALLS,ADD_POSITION,Month 3 (late add),2026-01,DOWN,49.1,NO,2026-02,DOWN,78.7,NO,2026-03,DOWN
HBSL,2026-Q1,ALL3_AGREE,DOWN,96.18,SELL CALLS,ADD_POSITION,Month 3 (late add),2026-01,DOWN,61.9,NO,2026-02,DOWN,63.7,NO,2026-03,DOWN
HCL-INSYS,2025-Q4,ALL3_AGREE,DOWN,96.18,SELL CALLS,ADD_POSITION,Month 3 (late add),2025-10,DOWN,29.4,YES,2025-11,DOWN,65.5,NO,2025-12,DOWN
HDFCBANK,2026-Q1,ALL3_AGREE,DOWN,96.18,SELL CALLS,ADD_POSITION,Month 3 (late add),2026-01,DOWN,63.6,NO,2026-02,DOWN,40.9,NO,2026-03,DOWN
HDFCBSE500,2025-Q4,ALL3_AGREE,UP,96.18,SELL PUTS,ADD_POSITION,Month 3 (late add),2025-10,UP,57.8,YES,2025-11,UP,15.7,YES,2025-12,UP
HDFCGROWTH,2026-Q1,ALL3_AGREE,DOWN,96.18,SELL CALLS,ADD_POSITION,Month 3 (late add),2026-01,DOWN,58.1,NO,2026-02,DOWN,37.9,NO,2026-03,DOWN
HDFCLIQUID,2025-Q4,ALL3_AGREE,UP,96.18,SELL PUTS,ADD_POSITION,Month 3 (late add),2025-10,UP,62.2,YES,2025-11,UP,100.0,YES,2025-12,UP
HDFCLIQUID,2026-Q1,ALL3_AGREE,UP,96.18,SELL PUTS,ADD_POSITION,Month 3 (late add),2026-01,UP,11.5,YES,2026-02,UP,55.5,YES,2026-03,UP
HDFCLOWVOL,2025-Q4,ALL3_AGREE,UP,96.18,SELL PUTS,ADD_POSITION,Month 3 (late add),2025-10,UP,67.2,YES,2025-11,UP,30.7,YES,2025-12,UP
HDFCNIF100,2025-Q4,ALL3_AGREE,UP,96.18,SELL PUTS,ADD_POSITION,Month 3 (late add),2025-10,UP,79.5,YES,2025-11,UP,36.0,YES,2025-12,UP
HDFCNIFIT,2025-Q4,ALL3_AGREE,UP,96.18,SELL PUTS,ADD_POSITION,Month 3 (late add),2025-10,UP,69.9,YES,2025-11,UP,54.7,YES,2025-12,UP
HDFCQUAL,2025-Q4,ALL3_AGREE,UP,96.18,SELL PUTS,ADD_POSITION,Month 3 (late add),2025-10,UP,42.0,YES,2025-11,UP,32.2,YES,2025-12,UP
HDFCVALUE,2025-Q4,ALL3_AGREE,UP,96.18,SELL PUTS,ADD_POSITION,Month 3 (late add),2025-10,UP,67.2,YES,2025-11,UP,51.7,YES,2025-12,UP
HDIL,2025-Q4,ALL3_AGREE,DOWN,96.18,SELL CALLS,ADD_POSITION,Month 3 (late add),2025-10,DOWN,51.4,NO,2025-11,DOWN,33.3,NO,2025-12,DOWN
HEADSUP,2025-Q4,ALL3_AGREE,DOWN,96.18,SELL CALLS,ADD_POSITION,Month 3 (late add),2025-10,DOWN,7.9,YES,2025-11,DOWN,62.7,NO,2025-12,DOWN
HEADSUP,2026-Q1,ALL3_AGREE,DOWN,96.18,SELL CALLS,ADD_POSITION,Month 3 (late add),2026-01,DOWN,53.0,NO,2026-02,DOWN,11.0,NO,2026-03,DOWN
HECPROJECT,2025-Q4,ALL3_AGREE,DOWN,96.18,SELL CALLS,ADD_POSITION,Month 3 (late add),2025-10,DOWN,76.8,NO,2025-11,DOWN,36.0,NO,2025-12,DOWN
HEIDELBERG,2026-Q1,ALL3_AGREE,DOWN,96.18,SELL CALLS,ADD_POSITION,Month 3 (late add),2026-01,DOWN,16.7,NO,2026-02,DOWN,38.3,NO,2026-03,DOWN
HERANBA,2026-Q1,ALL3_AGREE,DOWN,96.18,SELL CALLS,ADD_POSITION,Month 3 (late add),2026-01,DOWN,61.7,NO,2026-02,DOWN,30.6,NO,2026-03,DOWN
HEROMOTOCO,2026-Q1,ALL3_AGREE,DOWN,96.18,SELL CALLS,ADD_POSITION,Month 3 (late add),2026-01,DOWN,32.1,NO,2026-02,DOWN,28.5,YES,2026-03,DOWN
HEXATRADEX,2025-Q4,ALL3_AGREE,DOWN,96.18,SELL CALLS,ADD_POSITION,Month 3 (late add),2025-10,DOWN,2.0,NO,2025-11,DOWN,62.3,NO,2025-12,DOWN
HEXT,2025-Q4,ALL3_AGREE,UP,96.18,SELL PUTS,ADD_POSITION,Month 3 (late add),2025-10,UP,14.5,YES,2025-11,UP,61.3,YES,2025-12,UP
HEXT,2026-Q1,ALL3_AGREE,DOWN,96.18,SELL CALLS,ADD_POSITION,Month 3 (late add),2026-01,DOWN,89.3,NO,2026-02,DOWN,80.7,NO,2026-03,DOWN
HGINFRA,2025-Q4,ALL3_AGREE,DOWN,96.18,SELL CALLS,ADD_POSITION,Month 3 (late add),2025-10,DOWN,13.1,NO,2025-11,DOWN,72.5,NO,2025-12,DOWN
HGM,2026-Q1,ALL3_AGREE,DOWN,96.18,SELL CALLS,ADD_POSITION,Month 3 (late add),2026-01,DOWN,41.1,NO,2026-02,DOWN,50.2,NO,2026-03,DOWN
HILINFRA,2025-Q4,ALL3_AGREE,DOWN,96.18,SELL CALLS,ADD_POSITION,Month 3 (late add),2025-10,DOWN,21.6,NO,2025-11,DOWN,77.2,NO,2025-12,DOWN
HILTON,2026-Q1,ALL3_AGREE,DOWN,96.18,SELL CALLS,ADD_POSITION,Month 3 (late add),2026-01,DOWN,82.0,NO,2026-02,DOWN,86.5,NO,2026-03,DOWN
HIMATSEIDE,2026-Q1,ALL3_AGREE,DOWN,96.18,SELL CALLS,ADD_POSITION,Month 3 (late add),2026-01,DOWN,56.0,NO,2026-02,DOWN,14.2,NO,2026-03,DOWN
HINDALCO,2026-Q1,ALL3_AGREE,UP,96.18,SELL PUTS,ADD_POSITION,Month 3 (late add),2026-01,UP,50.7,YES,2026-02,UP,4.9,YES,2026-03,UP
HINDCON,2026-Q1,ALL3_AGREE,DOWN,96.18,SELL CALLS,ADD_POSITION,Month 3 (late add),2026-01,DOWN,59.0,NO,2026-02,DOWN,47.4,NO,2026-03,DOWN
HINDOILEXP,2026-Q1,ALL3_AGREE,DOWN,96.18,SELL CALLS,ADD_POSITION,Month 3 (late add),2026-01,DOWN,5.7,NO,2026-02,DOWN,75.4,NO,2026-03,DOWN
HINDUNILVR,2025-Q4,ALL3_AGREE,DOWN,96.18,SELL CALLS,ADD_POSITION,Month 3 (late add),2025-10,DOWN,25.3,NO,2025-11,DOWN,14.4,YES,2025-12,DOWN
HITECH,2025-Q4,ALL3_AGREE,DOWN,96.18,SELL CALLS,ADD_POSITION,Month 3 (late add),2025-10,DOWN,0.0,NO,2025-11,DOWN,66.1,NO,2025-12,DOWN
HITECHCORP,2025-Q4,ALL3_AGREE,DOWN,96.18,SELL CALLS,ADD_POSITION,Month 3 (late add),2025-10,DOWN,3.5,YES,2025-11,DOWN,24.9,NO,2025-12,DOWN
HITECHGEAR,2026-Q1,ALL3_AGREE,DOWN,96.18,SELL CALLS,ADD_POSITION,Month 3 (late add),2026-01,DOWN,39.4,NO,2026-02,DOWN,13.9,NO,2026-03,DOWN
HLEGLAS,2026-Q1,ALL3_AGREE,DOWN,96.18,SELL CALLS,ADD_POSITION,Month 3 (late add),2026-01,DOWN,54.6,NO,2026-02,DOWN,49.3,NO,2026-03,DOWN
HLVLTD,2025-Q4,ALL3_AGREE,DOWN,96.18,SELL CALLS,ADD_POSITION,Month 3 (late add),2025-10,DOWN,5.6,YES,2025-11,DOWN,81.7,NO,2025-12,DOWN
HMT,2025-Q4,ALL3_AGREE,DOWN,96.18,SELL CALLS,ADD_POSITION,Month 3 (late add),2025-10,DOWN,79.8,NO,2025-11,DOWN,39.9,NO,2025-12,DOWN
HNGSNGBEES,2025-Q4,ALL3_AGREE,DOWN,96.18,SELL CALLS,ADD_POSITION,Month 3 (late add),2025-10,DOWN,9.5,NO,2025-11,DOWN,13.1,NO,2025-12,DOWN
HONAUT,2026-Q1,ALL3_AGREE,DOWN,96.18,SELL CALLS,ADD_POSITION,Month 3 (late add),2026-01,DOWN,9.3,YES,2026-02,DOWN,71.9,NO,2026-03,DOWN
HONDAPOWER,2025-Q4,ALL3_AGREE,DOWN,96.18,SELL CALLS,ADD_POSITION,Month 3 (late add),2025-10,DOWN,75.2,NO,2025-11,DOWN,76.5,NO,2025-12,DOWN
HPL,2025-Q4,ALL3_AGREE,DOWN,96.18,SELL CALLS,ADD_POSITION,Month 3 (late add),2025-10,DOWN,28.7,NO,2025-11,DOWN,34.9,NO,2025-12,DOWN
HTMEDIA,2026-Q1,ALL3_AGREE,DOWN,96.18,SELL CALLS,ADD_POSITION,Month 3 (late add),2026-01,DOWN,15.3,NO,2026-02,DOWN,14.8,NO,2026-03,DOWN
HUBTOWN,2026-Q1,ALL3_AGREE,DOWN,96.18,SELL CALLS,ADD_POSITION,Month 3 (late add),2026-01,DOWN,57.2,NO,2026-02,DOWN,9.7,YES,2026-03,DOWN
HUHTAMAKI,2026-Q1,ALL3_AGREE,DOWN,96.18,SELL CALLS,ADD_POSITION,Month 3 (late add),2026-01,DOWN,76.9,NO,2026-02,DOWN,13.3,NO,2026-03,DOWN
HYUNDAI,2025-Q4,ALL3_AGREE,DOWN,96.18,SELL CALLS,ADD_POSITION,Month 3 (late add),2025-10,DOWN,43.9,NO,2025-11,DOWN,58.0,NO,2025-12,DOWN
ICICIB22,2025-Q4,ALL3_AGREE,UP,96.18,SELL PUTS,ADD_POSITION,Month 3 (late add),2025-10,UP,77.6,YES,2025-11,UP,24.6,NO,2025-12,UP
ICRA,2026-Q1,ALL3_AGREE,DOWN,96.18,SELL CALLS,ADD_POSITION,Month 3 (late add),2026-01,DOWN,33.4,YES,2026-02,DOWN,92.8,NO,2026-03,DOWN
IDBI,2025-Q4,ALL3_AGREE,UP,96.18,SELL PUTS,ADD_POSITION,Month 3 (late add),2025-10,UP,72.5,YES,2025-11,UP,37.6,NO,2025-12,UP
IDEA,2025-Q4,ALL3_AGREE,UP,96.18,SELL PUTS,ADD_POSITION,Month 3 (late add),2025-10,UP,22.9,YES,2025-11,UP,35.3,YES,2025-12,UP
IDEAFORGE,2026-Q1,ALL3_AGREE,DOWN,96.18,SELL CALLS,ADD_POSITION,Month 3 (late add),2026-01,DOWN,5.3,NO,2026-02,DOWN,57.2,NO,2026-03,DOWN
IDFCFIRSTB,2026-Q1,ALL3_AGREE,DOWN,96.18,SELL CALLS,ADD_POSITION,Month 3 (late add),2026-01,DOWN,28.7,NO,2026-02,DOWN,57.9,NO,2026-03,DOWN
IDFNIFTYET,2025-Q4,ALL3_AGREE,UP,96.18,SELL PUTS,ADD_POSITION,Month 3 (late add),2025-10,UP,50.0,YES,2025-11,UP,0.3,NO,2025-12,UP
IFBAGRO,2025-Q4,ALL3_AGREE,UP,96.18,SELL PUTS,ADD_POSITION,Month 3 (late add),2025-10,UP,86.8,YES,2025-11,UP,22.9,NO,2025-12,UP
IFBAGRO,2026-Q1,ALL3_AGREE,DOWN,96.18,SELL CALLS,ADD_POSITION,Month 3 (late add),2026-01,DOWN,15.5,NO,2026-02,DOWN,94.9,NO,2026-03,DOWN
IFCI,2026-Q1,ALL3_AGREE,UP,96.18,SELL PUTS,ADD_POSITION,Month 3 (late add),2026-01,UP,13.8,YES,2026-02,UP,4.7,YES,2026-03,UP
IFGLEXPOR,2025-Q4,ALL3_AGREE,DOWN,96.18,SELL CALLS,ADD_POSITION,Month 3 (late add),2025-10,DOWN,46.2,NO,2025-11,DOWN,57.5,NO,2025-12,DOWN
IFGLEXPOR,2026-Q1,ALL3_AGREE,DOWN,96.18,SELL CALLS,ADD_POSITION,Month 3 (late add),2026-01,DOWN,45.3,NO,2026-02,DOWN,28.6,NO,2026-03,DOWN
IGARASHI,2025-Q4,ALL3_AGREE,DOWN,96.18,SELL CALLS,ADD_POSITION,Month 3 (late add),2025-10,DOWN,8.4,YES,2025-11,DOWN,28.0,NO,2025-12,DOWN
IGARASHI,2026-Q1,ALL3_AGREE,DOWN,96.18,SELL CALLS,ADD_POSITION,Month 3 (late add),2026-01,DOWN,26.1,NO,2026-02,DOWN,35.3,NO,2026-03,DOWN
IGCL,2026-Q1,ALL3_AGREE,DOWN,96.18,SELL CALLS,ADD_POSITION,Month 3 (late add),2026-01,DOWN,72.4,NO,2026-02,DOWN,24.7,NO,2026-03,DOWN
IGL,2026-Q1,ALL3_AGREE,DOWN,96.18,SELL CALLS,ADD_POSITION,Month 3 (late add),2026-01,DOWN,68.1,NO,2026-02,DOWN,52.3,NO,2026-03,DOWN
IIFL,2025-Q4,ALL3_AGREE,UP,96.18,SELL PUTS,ADD_POSITION,Month 3 (late add),2025-10,UP,76.7,YES,2025-11,UP,61.6,YES,2025-12,UP
IKIO,2026-Q1,ALL3_AGREE,DOWN,96.18,SELL CALLS,ADD_POSITION,Month 3 (late add),2026-01,DOWN,74.2,NO,2026-02,DOWN,45.3,NO,2026-03,DOWN
IKS,2025-Q4,ALL3_AGREE,UP,96.18,SELL PUTS,ADD_POSITION,Month 3 (late add),2025-10,UP,81.4,YES,2025-11,UP,11.6,YES,2025-12,UP
IL&FSENGG,2026-Q1,ALL3_AGREE,DOWN,96.18,SELL CALLS,ADD_POSITION,Month 3 (late add),2026-01,DOWN,53.8,NO,2026-02,DOWN,24.5,YES,2026-03,DOWN
IL&FSTRANS,2026-Q1,ALL3_AGREE,DOWN,96.18,SELL CALLS,ADD_POSITION,Month 3 (late add),2026-01,DOWN,50.0,NO,2026-02,DOWN,30.8,NO,2026-03,DOWN
IMAGICAA,2025-Q4,ALL3_AGREE,DOWN,96.18,SELL CALLS,ADD_POSITION,Month 3 (late add),2025-10,DOWN,26.8,NO,2025-11,DOWN,35.2,NO,2025-12,DOWN
IMPAL,2025-Q4,ALL3_AGREE,DOWN,96.18,SELL CALLS,ADD_POSITION,Month 3 (late add),2025-10,DOWN,31.2,YES,2025-11,DOWN,54.5,NO,2025-12,DOWN
INCREDIBLE,2026-Q1,ALL3_AGREE,DOWN,96.18,SELL CALLS,ADD_POSITION,Month 3 (late add),2026-01,DOWN,16.7,NO,2026-02,DOWN,22.9,NO,2026-03,DOWN
INDGN,2025-Q4,ALL3_AGREE,DOWN,96.18,SELL CALLS,ADD_POSITION,Month 3 (late add),2025-10,DOWN,43.9,NO,2025-11,DOWN,32.8,NO,2025-12,DOWN
INDIACEM,2025-Q4,ALL3_AGREE,UP,96.18,SELL PUTS,ADD_POSITION,Month 3 (late add),2025-10,UP,37.6,YES,2025-11,UP,17.8,NO,2025-12,UP
INDIACEM,2026-Q1,ALL3_AGREE,DOWN,96.18,SELL CALLS,ADD_POSITION,Month 3 (late add),2026-01,DOWN,38.0,YES,2026-02,DOWN,71.4,NO,2026-03,DOWN
INDIANCARD,2026-Q1,ALL3_AGREE,DOWN,96.18,SELL CALLS,ADD_POSITION,Month 3 (late add),2026-01,DOWN,28.1,NO,2026-02,DOWN,45.0,NO,2026-03,DOWN
INDIASHLTR,2026-Q1,ALL3_AGREE,DOWN,96.18,SELL CALLS,ADD_POSITION,Month 3 (late add),2026-01,DOWN,1.0,NO,2026-02,DOWN,54.2,NO,2026-03,DOWN
INDIGOPNTS,2026-Q1,ALL3_AGREE,DOWN,96.18,SELL CALLS,ADD_POSITION,Month 3 (late add),2026-01,DOWN,40.1,NO,2026-02,DOWN,84.0,NO,2026-03,DOWN
INDOAMIN,2026-Q1,ALL3_AGREE,DOWN,96.18,SELL CALLS,ADD_POSITION,Month 3 (late add),2026-01,DOWN,71.3,NO,2026-02,DOWN,50.2,NO,2026-03,DOWN
INDOCO,2025-Q4,ALL3_AGREE,DOWN,96.18,SELL CALLS,ADD_POSITION,Month 3 (late add),2025-10,DOWN,15.1,NO,2025-11,DOWN,63.6,NO,2025-12,DOWN
INDOCO,2026-Q1,ALL3_AGREE,DOWN,96.18,SELL CALLS,ADD_POSITION,Month 3 (late add),2026-01,DOWN,56.5,NO,2026-02,DOWN,19.5,NO,2026-03,DOWN
INDOFARM,2026-Q1,ALL3_AGREE,DOWN,96.18,SELL CALLS,ADD_POSITION,Month 3 (late add),2026-01,DOWN,40.8,NO,2026-02,DOWN,89.3,NO,2026-03,DOWN
INDORAMA,2026-Q1,ALL3_AGREE,DOWN,96.18,SELL CALLS,ADD_POSITION,Month 3 (late add),2026-01,DOWN,39.6,NO,2026-02,DOWN,67.8,NO,2026-03,DOWN
INDOSTAR,2025-Q4,ALL3_AGREE,DOWN,96.18,SELL CALLS,ADD_POSITION,Month 3 (late add),2025-10,DOWN,2.6,YES,2025-11,DOWN,15.9,NO,2025-12,DOWN
INDSWFTLAB,2026-Q1,ALL3_AGREE,UP,96.18,SELL PUTS,ADD_POSITION,Month 3 (late add),2026-01,UP,75.5,YES,2026-02,UP,73.4,YES,2026-03,UP
INDTERRAIN,2026-Q1,ALL3_AGREE,DOWN,96.18,SELL CALLS,ADD_POSITION,Month 3 (late add),2026-01,DOWN,20.0,NO,2026-02,DOWN,22.2,NO,2026-03,DOWN
INDUSTOWER,2025-Q4,ALL3_AGREE,UP,96.18,SELL PUTS,ADD_POSITION,Month 3 (late add),2025-10,UP,42.3,YES,2025-11,UP,71.1,YES,2025-12,UP
INFOBEAN,2026-Q1,ALL3_AGREE,DOWN,96.18,SELL CALLS,ADD_POSITION,Month 3 (late add),2026-01,DOWN,1.1,NO,2026-02,DOWN,77.3,NO,2026-03,DOWN
INFOMEDIA,2026-Q1,ALL3_AGREE,DOWN,96.18,SELL CALLS,ADD_POSITION,Month 3 (late add),2026-01,DOWN,45.3,NO,2026-02,DOWN,28.9,NO,2026-03,DOWN
INFRAIETF,2025-Q4,ALL3_AGREE,UP,96.18,SELL PUTS,ADD_POSITION,Month 3 (late add),2025-10,UP,58.6,YES,2025-11,UP,7.8,YES,2025-12,UP
INFY,2025-Q4,ALL3_AGREE,UP,96.18,SELL PUTS,ADD_POSITION,Month 3 (late add),2025-10,UP,30.3,YES,2025-11,UP,55.8,YES,2025-12,UP
INOXGREEN,2026-Q1,ALL3_AGREE,DOWN,96.18,SELL CALLS,ADD_POSITION,Month 3 (late add),2026-01,DOWN,62.2,NO,2026-02,DOWN,5.7,NO,2026-03,DOWN
INOXWIND,2026-Q1,ALL3_AGREE,DOWN,96.18,SELL CALLS,ADD_POSITION,Month 3 (late add),2026-01,DOWN,57.9,NO,2026-02,DOWN,72.5,NO,2026-03,DOWN
INTELLECT,2026-Q1,ALL3_AGREE,DOWN,96.18,SELL CALLS,ADD_POSITION,Month 3 (late add),2026-01,DOWN,47.2,NO,2026-02,DOWN,55.6,NO,2026-03,DOWN
INTENTECH,2026-Q1,ALL3_AGREE,DOWN,96.18,SELL CALLS,ADD_POSITION,Month 3 (late add),2026-01,DOWN,23.6,NO,2026-02,DOWN,46.0,NO,2026-03,DOWN
INTERARCH,2026-Q1,ALL3_AGREE,DOWN,96.18,SELL CALLS,ADD_POSITION,Month 3 (late add),2026-01,DOWN,73.4,NO,2026-02,DOWN,23.8,NO,2026-03,DOWN
INTERNET,2026-Q1,ALL3_AGREE,DOWN,96.18,SELL CALLS,ADD_POSITION,Month 3 (late add),2026-01,DOWN,69.4,NO,2026-02,DOWN,72.0,NO,2026-03,DOWN
INVENTURE,2025-Q4,ALL3_AGREE,DOWN,96.18,SELL CALLS,ADD_POSITION,Month 3 (late add),2025-10,DOWN,30.0,NO,2025-11,DOWN,69.6,NO,2025-12,DOWN
IPCALAB,2026-Q1,ALL3_AGREE,UP,96.18,SELL PUTS,ADD_POSITION,Month 3 (late add),2026-01,UP,28.2,YES,2026-02,UP,31.6,YES,2026-03,UP
IRCON,2026-Q1,ALL3_AGREE,DOWN,96.18,SELL CALLS,ADD_POSITION,Month 3 (late add),2026-01,DOWN,41.4,NO,2026-02,DOWN,85.6,NO,2026-03,DOWN
IRCTC,2026-Q1,ALL3_AGREE,DOWN,96.18,SELL CALLS,ADD_POSITION,Month 3 (late add),2026-01,DOWN,60.2,NO,2026-02,DOWN,65.3,NO,2026-03,DOWN
IREDA,2026-Q1,ALL3_AGREE,DOWN,96.18,SELL CALLS,ADD_POSITION,Month 3 (late add),2026-01,DOWN,37.4,NO,2026-02,DOWN,73.4,NO,2026-03,DOWN
IRFC,2026-Q1,ALL3_AGREE,DOWN,96.18,SELL CALLS,ADD_POSITION,Month 3 (late add),2026-01,DOWN,30.2,NO,2026-02,DOWN,81.0,NO,2026-03,DOWN
IRMENERGY,2025-Q4,ALL3_AGREE,DOWN,96.18,SELL CALLS,ADD_POSITION,Month 3 (late add),2025-10,DOWN,82.3,NO,2025-11,DOWN,49.6,NO,2025-12,DOWN
ISHANCH,2026-Q1,ALL3_AGREE,DOWN,96.18,SELL CALLS,ADD_POSITION,Month 3 (late add),2026-01,DOWN,45.9,NO,2026-02,DOWN,6.5,YES,2026-03,DOWN
IT,2025-Q4,ALL3_AGREE,UP,96.18,SELL PUTS,ADD_POSITION,Month 3 (late add),2025-10,UP,57.4,YES,2025-11,UP,20.3,YES,2025-12,UP
ITBEES,2025-Q4,ALL3_AGREE,UP,96.18,SELL PUTS,ADD_POSITION,Month 3 (late add),2025-10,UP,52.6,YES,2025-11,UP,42.1,YES,2025-12,UP
ITCHOTELS,2025-Q4,ALL3_AGREE,DOWN,96.18,SELL CALLS,ADD_POSITION,Month 3 (late add),2025-10,DOWN,52.8,NO,2025-11,DOWN,66.0,NO,2025-12,DOWN
ITCHOTELS,2026-Q1,ALL3_AGREE,DOWN,96.18,SELL CALLS,ADD_POSITION,Month 3 (late add),2026-01,DOWN,67.4,NO,2026-02,DOWN,26.3,NO,2026-03,DOWN
ITDC,2026-Q1,ALL3_AGREE,DOWN,96.18,SELL CALLS,ADD_POSITION,Month 3 (late add),2026-01,DOWN,47.7,NO,2026-02,DOWN,7.9,NO,2026-03,DOWN
ITETF,2025-Q4,ALL3_AGREE,UP,96.18,SELL PUTS,ADD_POSITION,Month 3 (late add),2025-10,UP,65.6,YES,2025-11,UP,55.1,YES,2025-12,UP
ITETFADD,2025-Q4,ALL3_AGREE,UP,96.18,SELL PUTS,ADD_POSITION,Month 3 (late add),2025-10,UP,44.0,YES,2025-11,UP,63.7,YES,2025-12,UP
ITI,2025-Q4,ALL3_AGREE,UP,96.18,SELL PUTS,ADD_POSITION,Month 3 (late add),2025-10,UP,30.1,YES,2025-11,UP,40.2,NO,2025-12,UP
ITIETF,2025-Q4,ALL3_AGREE,UP,96.18,SELL PUTS,ADD_POSITION,Month 3 (late add),2025-10,UP,49.4,YES,2025-11,UP,34.7,YES,2025-12,UP
IVALUE,2026-Q1,ALL3_AGREE,DOWN,96.18,SELL CALLS,ADD_POSITION,Month 3 (late add),2026-01,DOWN,53.4,NO,2026-02,DOWN,22.4,NO,2026-03,DOWN
IVC,2026-Q1,ALL3_AGREE,DOWN,96.18,SELL CALLS,ADD_POSITION,Month 3 (late add),2026-01,DOWN,64.5,NO,2026-02,DOWN,40.0,NO,2026-03,DOWN
IVZINNIFTY,2025-Q4,ALL3_AGREE,UP,96.18,SELL PUTS,ADD_POSITION,Month 3 (late add),2025-10,UP,72.8,YES,2025-11,UP,9.6,YES,2025-12,UP
IXIGO,2026-Q1,ALL3_AGREE,DOWN,96.18,SELL CALLS,ADD_POSITION,Month 3 (late add),2026-01,DOWN,74.3,NO,2026-02,DOWN,63.5,NO,2026-03,DOWN
J&KBANK,2026-Q1,ALL3_AGREE,UP,96.18,SELL PUTS,ADD_POSITION,Month 3 (late add),2026-01,UP,41.4,YES,2026-02,UP,67.1,YES,2026-03,UP
JAGRAN,2026-Q1,ALL3_AGREE,DOWN,96.18,SELL CALLS,ADD_POSITION,Month 3 (late add),2026-01,DOWN,65.7,NO,2026-02,DOWN,45.6,NO,2026-03,DOWN
JAGSNPHARM,2025-Q4,ALL3_AGREE,DOWN,96.18,SELL CALLS,ADD_POSITION,Month 3 (late add),2025-10,DOWN,25.7,YES,2025-11,DOWN,26.0,NO,2025-12,DOWN
JAINREC,2025-Q4,ALL3_AGREE,UP,96.18,SELL PUTS,ADD_POSITION,Month 3 (late add),2025-10,UP,71.9,YES,2025-11,UP,10.3,YES,2025-12,UP
JAYAGROGN,2025-Q4,ALL3_AGREE,DOWN,96.18,SELL CALLS,ADD_POSITION,Month 3 (late add),2025-10,DOWN,2.2,YES,2025-11,DOWN,80.2,NO,2025-12,DOWN
JAYKAY,2026-Q1,ALL3_AGREE,DOWN,96.18,SELL CALLS,ADD_POSITION,Month 3 (late add),2026-01,DOWN,52.9,NO,2026-02,DOWN,77.7,NO,2026-03,DOWN
JBCHEPHARM,2025-Q4,ALL3_AGREE,UP,96.18,SELL PUTS,ADD_POSITION,Month 3 (late add),2025-10,UP,21.7,NO,2025-11,UP,46.3,YES,2025-12,UP
JCHAC,2025-Q4,ALL3_AGREE,DOWN,96.18,SELL CALLS,ADD_POSITION,Month 3 (late add),2025-10,DOWN,56.6,NO,2025-11,DOWN,66.6,NO,2025-12,DOWN
JETFREIGHT,2026-Q1,ALL3_AGREE,UP,96.18,SELL PUTS,ADD_POSITION,Month 3 (late add),2026-01,UP,31.6,YES,2026-02,UP,46.6,YES,2026-03,UP
JINDALPHOT,2025-Q4,ALL3_AGREE,UP,96.18,SELL PUTS,ADD_POSITION,Month 3 (late add),2025-10,UP,46.0,YES,2025-11,UP,45.1,YES,2025-12,UP
JINDALSAW,2026-Q1,ALL3_AGREE,UP,96.18,SELL PUTS,ADD_POSITION,Month 3 (late add),2026-01,UP,16.8,YES,2026-02,UP,29.3,YES,2026-03,UP
JINDALSTEL,2025-Q4,ALL3_AGREE,UP,96.18,SELL PUTS,ADD_POSITION,Month 3 (late add),2025-10,UP,4.1,YES,2025-11,UP,17.7,NO,2025-12,UP
JISLDVREQS,2025-Q4,ALL3_AGREE,DOWN,96.18,SELL CALLS,ADD_POSITION,Month 3 (late add),2025-10,DOWN,33.5,NO,2025-11,DOWN,86.9,NO,2025-12,DOWN
JISLJALEQS,2026-Q1,ALL3_AGREE,DOWN,96.18,SELL CALLS,ADD_POSITION,Month 3 (late add),2026-01,DOWN,63.0,NO,2026-02,DOWN,31.6,NO,2026-03,DOWN
JITFINFRA,2025-Q4,ALL3_AGREE,DOWN,96.18,SELL CALLS,ADD_POSITION,Month 3 (late add),2025-10,DOWN,46.6,NO,2025-11,DOWN,14.6,NO,2025-12,DOWN
JKCEMENT,2025-Q4,ALL3_AGREE,DOWN,96.18,SELL CALLS,ADD_POSITION,Month 3 (late add),2025-10,DOWN,11.5,NO,2025-11,DOWN,60.5,NO,2025-12,DOWN
JKIPL,2025-Q4,ALL3_AGREE,DOWN,96.18,SELL CALLS,ADD_POSITION,Month 3 (late add),2025-10,DOWN,69.3,NO,2025-11,DOWN,23.9,YES,2025-12,DOWN
JKIPL,2026-Q1,ALL3_AGREE,DOWN,96.18,SELL CALLS,ADD_POSITION,Month 3 (late add),2026-01,DOWN,62.7,NO,2026-02,DOWN,46.9,NO,2026-03,DOWN
JKTYRE,2025-Q4,ALL3_AGREE,UP,96.18,SELL PUTS,ADD_POSITION,Month 3 (late add),2025-10,UP,81.2,YES,2025-11,UP,35.5,YES,2025-12,UP
JOCIL,2025-Q4,ALL3_AGREE,DOWN,96.18,SELL CALLS,ADD_POSITION,Month 3 (late add),2025-10,DOWN,10.3,NO,2025-11,DOWN,9.7,NO,2025-12,DOWN
JPASSOCIAT,2026-Q1,ALL3_AGREE,DOWN,96.18,SELL CALLS,ADD_POSITION,Month 3 (late add),2026-01,DOWN,100.0,NO,2026-02,DOWN,28.8,NO,2026-03,DOWN
JPOLYINVST,2025-Q4,ALL3_AGREE,UP,96.18,SELL PUTS,ADD_POSITION,Month 3 (late add),2025-10,UP,13.7,YES,2025-11,UP,30.8,YES,2025-12,UP
JSFB,2025-Q4,ALL3_AGREE,DOWN,96.18,SELL CALLS,ADD_POSITION,Month 3 (late add),2025-10,DOWN,19.7,NO,2025-11,DOWN,28.2,NO,2025-12,DOWN
JSL,2025-Q4,ALL3_AGREE,UP,96.18,SELL PUTS,ADD_POSITION,Month 3 (late add),2025-10,UP,14.7,YES,2025-11,UP,26.3,YES,2025-12,UP
JSL,2026-Q1,ALL3_AGREE,DOWN,96.18,SELL CALLS,ADD_POSITION,Month 3 (late add),2026-01,DOWN,5.2,NO,2026-02,DOWN,56.5,NO,2026-03,DOWN
JSLL,2026-Q1,ALL3_AGREE,DOWN,96.18,SELL CALLS,ADD_POSITION,Month 3 (late add),2026-01,DOWN,12.7,NO,2026-02,DOWN,29.5,NO,2026-03,DOWN
JSWENERGY,2025-Q4,ALL3_AGREE,DOWN,96.18,SELL CALLS,ADD_POSITION,Month 3 (late add),2025-10,DOWN,11.4,NO,2025-11,DOWN,62.9,NO,2025-12,DOWN
JSWHL,2026-Q1,ALL3_AGREE,DOWN,96.18,SELL CALLS,ADD_POSITION,Month 3 (late add),2026-01,DOWN,63.3,NO,2026-02,DOWN,60.5,NO,2026-03,DOWN
JUBLCPL,2026-Q1,ALL3_AGREE,DOWN,96.18,SELL CALLS,ADD_POSITION,Month 3 (late add),2026-01,DOWN,18.6,NO,2026-02,DOWN,69.8,NO,2026-03,DOWN
JUBLINGREA,2025-Q4,ALL3_AGREE,UP,96.18,SELL PUTS,ADD_POSITION,Month 3 (late add),2025-10,UP,49.1,YES,2025-11,UP,14.3,YES,2025-12,UP
JUBLPHARMA,2026-Q1,ALL3_AGREE,DOWN,96.18,SELL CALLS,ADD_POSITION,Month 3 (late add),2026-01,DOWN,50.5,NO,2026-02,DOWN,77.3,NO,2026-03,DOWN
JUSTDIAL,2026-Q1,ALL3_AGREE,DOWN,96.18,SELL CALLS,ADD_POSITION,Month 3 (late add),2026-01,DOWN,42.1,NO,2026-02,DOWN,68.5,NO,2026-03,DOWN
KABRAEXTRU,2025-Q4,ALL3_AGREE,DOWN,96.18,SELL CALLS,ADD_POSITION,Month 3 (late add),2025-10,DOWN,81.5,NO,2025-11,DOWN,6.5,NO,2025-12,DOWN
KAKATCEM,2026-Q1,ALL3_AGREE,DOWN,96.18,SELL CALLS,ADD_POSITION,Month 3 (late add),2026-01,DOWN,68.4,NO,2026-02,DOWN,4.6,YES,2026-03,DOWN
KAMDHENU,2025-Q4,ALL3_AGREE,DOWN,96.18,SELL CALLS,ADD_POSITION,Month 3 (late add),2025-10,DOWN,3.7,NO,2025-11,DOWN,35.1,NO,2025-12,DOWN
KAMOPAINTS,2025-Q4,ALL3_AGREE,DOWN,96.18,SELL CALLS,ADD_POSITION,Month 3 (late add),2025-10,DOWN,47.5,NO,2025-11,DOWN,53.9,NO,2025-12,DOWN
KANANIIND,2026-Q1,ALL3_AGREE,DOWN,96.18,SELL CALLS,ADD_POSITION,Month 3 (late add),2026-01,DOWN,21.9,NO,2026-02,DOWN,14.3,NO,2026-03,DOWN
KANPRPLA,2025-Q4,ALL3_AGREE,DOWN,96.18,SELL CALLS,ADD_POSITION,Month 3 (late add),2025-10,DOWN,57.8,YES,2025-11,DOWN,26.6,NO,2025-12,DOWN
KANSAINER,2026-Q1,ALL3_AGREE,DOWN,96.18,SELL CALLS,ADD_POSITION,Month 3 (late add),2026-01,DOWN,33.0,NO,2026-02,DOWN,58.1,NO,2026-03,DOWN
KARMAENG,2025-Q4,ALL3_AGREE,UP,96.18,SELL PUTS,ADD_POSITION,Month 3 (late add),2025-10,UP,10.5,NO,2025-11,UP,27.1,NO,2025-12,UP
KAUSHALYA,2025-Q4,ALL3_AGREE,DOWN,96.18,SELL CALLS,ADD_POSITION,Month 3 (late add),2025-10,DOWN,31.9,NO,2025-11,DOWN,67.5,NO,2025-12,DOWN
KAVDEFENCE,2026-Q1,ALL3_AGREE,DOWN,96.18,SELL CALLS,ADD_POSITION,Month 3 (late add),2026-01,DOWN,13.8,YES,2026-02,DOWN,23.1,NO,2026-03,DOWN
KAYA,2026-Q1,ALL3_AGREE,DOWN,96.18,SELL CALLS,ADD_POSITION,Month 3 (late add),2026-01,DOWN,57.0,NO,2026-02,DOWN,28.6,NO,2026-03,DOWN
KAYNES,2025-Q4,ALL3_AGREE,DOWN,96.18,SELL CALLS,ADD_POSITION,Month 3 (late add),2025-10,DOWN,35.0,NO,2025-11,DOWN,84.6,NO,2025-12,DOWN
KCP,2026-Q1,ALL3_AGREE,DOWN,96.18,SELL CALLS,ADD_POSITION,Month 3 (late add),2026-01,DOWN,15.3,NO,2026-02,DOWN,53.0,NO,2026-03,DOWN
KDDL,2025-Q4,ALL3_AGREE,DOWN,96.18,SELL CALLS,ADD_POSITION,Month 3 (late add),2025-10,DOWN,63.6,NO,2025-11,DOWN,2.8,NO,2025-12,DOWN
KDDL,2026-Q1,ALL3_AGREE,DOWN,96.18,SELL CALLS,ADD_POSITION,Month 3 (late add),2026-01,DOWN,45.5,NO,2026-02,DOWN,21.7,YES,2026-03,DOWN
KEC,2026-Q1,ALL3_AGREE,DOWN,96.18,SELL CALLS,ADD_POSITION,Month 3 (late add),2026-01,DOWN,49.6,NO,2026-02,DOWN,88.1,NO,2026-03,DOWN
KEI,2025-Q4,ALL3_AGREE,UP,96.18,SELL PUTS,ADD_POSITION,Month 3 (late add),2025-10,UP,4.7,NO,2025-11,UP,44.1,YES,2025-12,UP
KELLTONTEC,2025-Q4,ALL3_AGREE,DOWN,96.18,SELL CALLS,ADD_POSITION,Month 3 (late add),2025-10,DOWN,32.6,NO,2025-11,DOWN,72.6,NO,2025-12,DOWN
KHADIM,2025-Q4,ALL3_AGREE,DOWN,96.18,SELL CALLS,ADD_POSITION,Month 3 (late add),2025-10,DOWN,22.8,NO,2025-11,DOWN,81.8,NO,2025-12,DOWN
KHADIM,2026-Q1,ALL3_AGREE,DOWN,96.18,SELL CALLS,ADD_POSITION,Month 3 (late add),2026-01,DOWN,0.3,NO,2026-02,DOWN,93.0,NO,2026-03,DOWN
KHAICHEM,2025-Q4,ALL3_AGREE,DOWN,96.18,SELL CALLS,ADD_POSITION,Month 3 (late add),2025-10,DOWN,62.0,NO,2025-11,DOWN,67.9,NO,2025-12,DOWN
KHAICHEM,2026-Q1,ALL3_AGREE,DOWN,96.18,SELL CALLS,ADD_POSITION,Month 3 (late add),2026-01,DOWN,53.3,NO,2026-02,DOWN,66.8,NO,2026-03,DOWN
KHAITANLTD,2025-Q4,ALL3_AGREE,DOWN,96.18,SELL CALLS,ADD_POSITION,Month 3 (late add),2025-10,DOWN,48.0,NO,2025-11,DOWN,72.8,NO,2025-12,DOWN
KILITCH,2026-Q1,ALL3_AGREE,DOWN,96.18,SELL CALLS,ADD_POSITION,Month 3 (late add),2026-01,DOWN,60.4,NO,2026-02,DOWN,11.1,NO,2026-03,DOWN
KIOCL,2026-Q1,ALL3_AGREE,DOWN,96.18,SELL CALLS,ADD_POSITION,Month 3 (late add),2026-01,DOWN,47.1,NO,2026-02,DOWN,40.0,NO,2026-03,DOWN
KIRLOSENG,2025-Q4,ALL3_AGREE,UP,96.18,SELL PUTS,ADD_POSITION,Month 3 (late add),2025-10,UP,52.3,YES,2025-11,UP,53.5,YES,2025-12,UP
KIRLOSIND,2025-Q4,ALL3_AGREE,DOWN,96.18,SELL CALLS,ADD_POSITION,Month 3 (late add),2025-10,DOWN,33.2,NO,2025-11,DOWN,70.5,NO,2025-12,DOWN
KIRLOSIND,2026-Q1,ALL3_AGREE,DOWN,96.18,SELL CALLS,ADD_POSITION,Month 3 (late add),2026-01,DOWN,8.0,NO,2026-02,DOWN,60.0,NO,2026-03,DOWN
KMEW,2026-Q1,ALL3_AGREE,DOWN,96.18,SELL CALLS,ADD_POSITION,Month 3 (late add),2026-01,DOWN,20.6,NO,2026-02,DOWN,58.0,NO,2026-03,DOWN
KOHINOOR,2025-Q4,ALL3_AGREE,DOWN,96.18,SELL CALLS,ADD_POSITION,Month 3 (late add),2025-10,DOWN,21.1,NO,2025-11,DOWN,25.3,NO,2025-12,DOWN
KOKUYOCMLN,2025-Q4,ALL3_AGREE,DOWN,96.18,SELL CALLS,ADD_POSITION,Month 3 (late add),2025-10,DOWN,39.0,NO,2025-11,DOWN,74.9,NO,2025-12,DOWN
KOKUYOCMLN,2026-Q1,ALL3_AGREE,DOWN,96.18,SELL CALLS,ADD_POSITION,Month 3 (late add),2026-01,DOWN,32.2,NO,2026-02,DOWN,20.8,NO,2026-03,DOWN
KOLTEPATIL,2026-Q1,ALL3_AGREE,DOWN,96.18,SELL CALLS,ADD_POSITION,Month 3 (late add),2026-01,DOWN,47.1,NO,2026-02,DOWN,66.5,NO,2026-03,DOWN
KOTAKBANK,2025-Q4,ALL3_AGREE,UP,96.18,SELL PUTS,ADD_POSITION,Month 3 (late add),2025-10,UP,42.7,YES,2025-11,UP,27.7,YES,2025-12,UP
KOTHARIPET,2026-Q1,ALL3_AGREE,DOWN,96.18,SELL CALLS,ADD_POSITION,Month 3 (late add),2026-01,DOWN,52.3,NO,2026-02,DOWN,9.4,NO,2026-03,DOWN
KPITTECH,2026-Q1,ALL3_AGREE,DOWN,96.18,SELL CALLS,ADD_POSITION,Month 3 (late add),2026-01,DOWN,58.4,NO,2026-02,DOWN,88.2,NO,2026-03,DOWN
KRBL,2025-Q4,ALL3_AGREE,UP,96.18,SELL PUTS,ADD_POSITION,Month 3 (late add),2025-10,UP,60.8,YES,2025-11,UP,42.6,YES,2025-12,UP
KRIDHANINF,2026-Q1,ALL3_AGREE,DOWN,96.18,SELL CALLS,ADD_POSITION,Month 3 (late add),2026-01,DOWN,30.3,NO,2026-02,DOWN,70.0,NO,2026-03,DOWN
KRISHANA,2025-Q4,ALL3_AGREE,UP,96.18,SELL PUTS,ADD_POSITION,Month 3 (late add),2025-10,UP,30.8,YES,2025-11,UP,7.4,YES,2025-12,UP
KRITI,2025-Q4,ALL3_AGREE,DOWN,96.18,SELL CALLS,ADD_POSITION,Month 3 (late add),2025-10,DOWN,83.5,NO,2025-11,DOWN,81.5,NO,2025-12,DOWN
KRITINUT,2025-Q4,ALL3_AGREE,DOWN,96.18,SELL CALLS,ADD_POSITION,Month 3 (late add),2025-10,DOWN,76.7,NO,2025-11,DOWN,42.7,NO,2025-12,DOWN
KRSNAA,2026-Q1,ALL3_AGREE,DOWN,96.18,SELL CALLS,ADD_POSITION,Month 3 (late add),2026-01,DOWN,1.2,NO,2026-02,DOWN,76.0,NO,2026-03,DOWN
KRYSTAL,2025-Q4,ALL3_AGREE,DOWN,96.18,SELL CALLS,ADD_POSITION,Month 3 (late add),2025-10,DOWN,0.1,YES,2025-11,DOWN,56.6,NO,2025-12,DOWN
KSCL,2025-Q4,ALL3_AGREE,DOWN,96.18,SELL CALLS,ADD_POSITION,Month 3 (late add),2025-10,DOWN,1.2,YES,2025-11,DOWN,28.2,NO,2025-12,DOWN
KSR,2026-Q1,ALL3_AGREE,UP,96.18,SELL PUTS,ADD_POSITION,Month 3 (late add),2026-01,UP,87.8,YES,2026-02,UP,24.2,YES,2026-03,UP
KUANTUM,2025-Q4,ALL3_AGREE,DOWN,96.18,SELL CALLS,ADD_POSITION,Month 3 (late add),2025-10,DOWN,0.4,YES,2025-11,DOWN,78.0,NO,2025-12,DOWN
LAL,2025-Q4,ALL3_AGREE,DOWN,96.18,SELL CALLS,ADD_POSITION,Month 3 (late add),2025-10,DOWN,37.1,NO,2025-11,DOWN,38.2,NO,2025-12,DOWN
LAOPALA,2025-Q4,ALL3_AGREE,DOWN,96.18,SELL CALLS,ADD_POSITION,Month 3 (late add),2025-10,DOWN,41.2,NO,2025-11,DOWN,39.6,NO,2025-12,DOWN
LASA,2025-Q4,ALL3_AGREE,DOWN,96.18,SELL CALLS,ADD_POSITION,Month 3 (late add),2025-10,DOWN,4.2,YES,2025-11,DOWN,69.7,NO,2025-12,DOWN
LASA,2026-Q1,ALL3_AGREE,DOWN,96.18,SELL CALLS,ADD_POSITION,Month 3 (late add),2026-01,DOWN,25.8,NO,2026-02,DOWN,74.8,NO,2026-03,DOWN
LATENTVIEW,2025-Q4,ALL3_AGREE,UP,96.18,SELL PUTS,ADD_POSITION,Month 3 (late add),2025-10,UP,81.4,YES,2025-11,UP,59.6,YES,2025-12,UP
LATENTVIEW,2026-Q1,ALL3_AGREE,DOWN,96.18,SELL CALLS,ADD_POSITION,Month 3 (late add),2026-01,DOWN,54.1,NO,2026-02,DOWN,46.1,NO,2026-03,DOWN
LAURUSLABS,2025-Q4,ALL3_AGREE,UP,96.18,SELL PUTS,ADD_POSITION,Month 3 (late add),2025-10,UP,84.9,YES,2025-11,UP,95.8,YES,2025-12,UP
LAXMICOT,2025-Q4,ALL3_AGREE,DOWN,96.18,SELL CALLS,ADD_POSITION,Month 3 (late add),2025-10,DOWN,26.4,NO,2025-11,DOWN,85.3,NO,2025-12,DOWN
LEMERITE,2026-Q1,ALL3_AGREE,DOWN,96.18,SELL CALLS,ADD_POSITION,Month 3 (late add),2026-01,DOWN,33.2,NO,2026-02,DOWN,24.2,NO,2026-03,DOWN
LEMONTREE,2025-Q4,ALL3_AGREE,DOWN,96.18,SELL CALLS,ADD_POSITION,Month 3 (late add),2025-10,DOWN,16.3,NO,2025-11,DOWN,33.2,NO,2025-12,DOWN
LEMONTREE,2026-Q1,ALL3_AGREE,DOWN,96.18,SELL CALLS,ADD_POSITION,Month 3 (late add),2026-01,DOWN,73.0,NO,2026-02,DOWN,71.1,NO,2026-03,DOWN
LFIC,2025-Q4,ALL3_AGREE,DOWN,96.18,SELL CALLS,ADD_POSITION,Month 3 (late add),2025-10,DOWN,0.8,YES,2025-11,DOWN,88.0,NO,2025-12,DOWN
LIBERTSHOE,2025-Q4,ALL3_AGREE,DOWN,96.18,SELL CALLS,ADD_POSITION,Month 3 (late add),2025-10,DOWN,24.8,NO,2025-11,DOWN,76.5,NO,2025-12,DOWN
LICI,2025-Q4,ALL3_AGREE,DOWN,96.18,SELL CALLS,ADD_POSITION,Month 3 (late add),2025-10,DOWN,12.1,NO,2025-11,DOWN,1.7,NO,2025-12,DOWN
LICNETFGSC,2025-Q4,ALL3_AGREE,UP,96.18,SELL PUTS,ADD_POSITION,Month 3 (late add),2025-10,UP,44.1,YES,2025-11,UP,11.8,YES,2025-12,UP
LICNETFN50,2025-Q4,ALL3_AGREE,UP,96.18,SELL PUTS,ADD_POSITION,Month 3 (late add),2025-10,UP,69.5,YES,2025-11,UP,29.9,YES,2025-12,UP
LICNETFSEN,2025-Q4,ALL3_AGREE,UP,96.18,SELL PUTS,ADD_POSITION,Month 3 (late add),2025-10,UP,56.7,YES,2025-11,UP,27.2,YES,2025-12,UP
LIKHITHA,2026-Q1,ALL3_AGREE,DOWN,96.18,SELL CALLS,ADD_POSITION,Month 3 (late add),2026-01,DOWN,64.9,NO,2026-02,DOWN,47.0,NO,2026-03,DOWN
LIQGRWBEES,2025-Q4,ALL3_AGREE,UP,96.18,SELL PUTS,ADD_POSITION,Month 3 (late add),2025-10,UP,15.3,YES,2025-11,UP,100.0,YES,2025-12,UP
LIQUIDADD,2025-Q4,ALL3_AGREE,UP,96.18,SELL PUTS,ADD_POSITION,Month 3 (late add),2025-10,UP,69.7,YES,2025-11,UP,93.3,YES,2025-12,UP
LIQUIDADD,2026-Q1,ALL3_AGREE,UP,96.18,SELL PUTS,ADD_POSITION,Month 3 (late add),2026-01,UP,99.6,YES,2026-02,UP,49.5,YES,2026-03,UP
LIQUIDBETF,2025-Q4,ALL3_AGREE,UP,96.18,SELL PUTS,ADD_POSITION,Month 3 (late add),2025-10,UP,42.3,YES,2025-11,UP,59.3,YES,2025-12,UP
LIQUIDCASE,2025-Q4,ALL3_AGREE,UP,96.18,SELL PUTS,ADD_POSITION,Month 3 (late add),2025-10,UP,1.2,YES,2025-11,UP,21.5,YES,2025-12,UP
LIQUIDCASE,2026-Q1,ALL3_AGREE,UP,96.18,SELL PUTS,ADD_POSITION,Month 3 (late add),2026-01,UP,91.8,YES,2026-02,UP,92.7,YES,2026-03,UP
LIQUIDIETF,2026-Q1,ALL3_AGREE,DOWN,96.18,SELL CALLS,ADD_POSITION,Month 3 (late add),2026-01,DOWN,0.0,NO,2026-02,DOWN,0.3,NO,2026-03,DOWN
LIQUIDPLUS,2025-Q4,ALL3_AGREE,UP,96.18,SELL PUTS,ADD_POSITION,Month 3 (late add),2025-10,UP,55.3,YES,2025-11,UP,99.0,YES,2025-12,UP
LIQUIDSHRI,2025-Q4,ALL3_AGREE,UP,96.18,SELL PUTS,ADD_POSITION,Month 3 (late add),2025-10,UP,99.6,YES,2025-11,UP,100.0,YES,2025-12,UP
LIQUIDSHRI,2026-Q1,ALL3_AGREE,UP,96.18,SELL PUTS,ADD_POSITION,Month 3 (late add),2026-01,UP,99.1,YES,2026-02,UP,99.2,YES,2026-03,UP
LLOYDSENT,2026-Q1,ALL3_AGREE,DOWN,96.18,SELL CALLS,ADD_POSITION,Month 3 (late add),2026-01,DOWN,8.1,NO,2026-02,DOWN,51.2,NO,2026-03,DOWN
LORDSCHLO,2026-Q1,ALL3_AGREE,DOWN,96.18,SELL CALLS,ADD_POSITION,Month 3 (late add),2026-01,DOWN,72.5,NO,2026-02,DOWN,39.5,NO,2026-03,DOWN
LOTUSDEV,2025-Q4,ALL3_AGREE,DOWN,96.18,SELL CALLS,ADD_POSITION,Month 3 (late add),2025-10,DOWN,60.0,NO,2025-11,DOWN,90.5,NO,2025-12,DOWN
LOWVOL,2025-Q4,ALL3_AGREE,UP,96.18,SELL PUTS,ADD_POSITION,Month 3 (late add),2025-10,UP,61.6,YES,2025-11,UP,62.4,YES,2025-12,UP
LOWVOLIETF,2025-Q4,ALL3_AGREE,UP,96.18,SELL PUTS,ADD_POSITION,Month 3 (late add),2025-10,UP,44.5,YES,2025-11,UP,11.2,YES,2025-12,UP
LT,2025-Q4,ALL3_AGREE,UP,96.18,SELL PUTS,ADD_POSITION,Month 3 (late add),2025-10,UP,82.5,YES,2025-11,UP,16.2,YES,2025-12,UP
LTF,2025-Q4,ALL3_AGREE,UP,96.18,SELL PUTS,ADD_POSITION,Month 3 (late add),2025-10,UP,77.2,YES,2025-11,UP,89.6,YES,2025-12,UP
LTGILTCASE,2026-Q1,ALL3_AGREE,UP,96.18,SELL PUTS,ADD_POSITION,Month 3 (late add),2026-01,UP,48.2,NO,2026-02,UP,34.9,NO,2026-03,UP
LXCHEM,2025-Q4,ALL3_AGREE,DOWN,96.18,SELL CALLS,ADD_POSITION,Month 3 (late add),2025-10,DOWN,48.2,NO,2025-11,DOWN,76.0,NO,2025-12,DOWN
LYKALABS,2026-Q1,ALL3_AGREE,DOWN,96.18,SELL CALLS,ADD_POSITION,Month 3 (late add),2026-01,DOWN,25.1,NO,2026-02,DOWN,61.4,NO,2026-03,DOWN
M&MFIN,2025-Q4,ALL3_AGREE,UP,96.18,SELL PUTS,ADD_POSITION,Month 3 (late add),2025-10,UP,69.7,YES,2025-11,UP,80.0,YES,2025-12,UP
MAANALU,2025-Q4,ALL3_AGREE,UP,96.18,SELL PUTS,ADD_POSITION,Month 3 (late add),2025-10,UP,58.4,YES,2025-11,UP,46.1,YES,2025-12,UP
MAANALU,2026-Q1,ALL3_AGREE,DOWN,96.18,SELL CALLS,ADD_POSITION,Month 3 (late add),2026-01,DOWN,25.0,NO,2026-02,DOWN,64.4,NO,2026-03,DOWN
MACPOWER,2025-Q4,ALL3_AGREE,UP,96.18,SELL PUTS,ADD_POSITION,Month 3 (late add),2025-10,UP,13.1,NO,2025-11,UP,54.6,YES,2025-12,UP
MADHUCON,2026-Q1,ALL3_AGREE,DOWN,96.18,SELL CALLS,ADD_POSITION,Month 3 (late add),2026-01,DOWN,56.8,NO,2026-02,DOWN,46.7,NO,2026-03,DOWN
MAHABANK,2025-Q4,ALL3_AGREE,UP,96.18,SELL PUTS,ADD_POSITION,Month 3 (late add),2025-10,UP,43.1,YES,2025-11,UP,21.8,NO,2025-12,UP
MAHASTEEL,2025-Q4,ALL3_AGREE,UP,96.18,SELL PUTS,ADD_POSITION,Month 3 (late add),2025-10,UP,94.8,YES,2025-11,UP,57.8,YES,2025-12,UP
MAHEPC,2025-Q4,ALL3_AGREE,DOWN,96.18,SELL CALLS,ADD_POSITION,Month 3 (late add),2025-10,DOWN,32.5,NO,2025-11,DOWN,74.6,NO,2025-12,DOWN
MAHKTECH,2025-Q4,ALL3_AGREE,DOWN,96.18,SELL CALLS,ADD_POSITION,Month 3 (late add),2025-10,DOWN,12.7,NO,2025-11,DOWN,65.0,NO,2025-12,DOWN
MAHSCOOTER,2025-Q4,ALL3_AGREE,DOWN,96.18,SELL CALLS,ADD_POSITION,Month 3 (late add),2025-10,DOWN,84.8,NO,2025-11,DOWN,21.4,NO,2025-12,DOWN
MAITHANALL,2026-Q1,ALL3_AGREE,DOWN,96.18,SELL CALLS,ADD_POSITION,Month 3 (late add),2026-01,DOWN,6.8,NO,2026-02,DOWN,26.1,NO,2026-03,DOWN
MANAKCOAT,2026-Q1,ALL3_AGREE,DOWN,96.18,SELL CALLS,ADD_POSITION,Month 3 (late add),2026-01,DOWN,41.0,NO,2026-02,DOWN,31.7,NO,2026-03,DOWN
MANAKSIA,2026-Q1,ALL3_AGREE,DOWN,96.18,SELL CALLS,ADD_POSITION,Month 3 (late add),2026-01,DOWN,8.9,NO,2026-02,DOWN,69.3,NO,2026-03,DOWN
MANAKSTEEL,2026-Q1,ALL3_AGREE,DOWN,96.18,SELL CALLS,ADD_POSITION,Month 3 (late add),2026-01,DOWN,59.7,NO,2026-02,DOWN,34.7,NO,2026-03,DOWN
MANALIPETC,2026-Q1,ALL3_AGREE,DOWN,96.18,SELL CALLS,ADD_POSITION,Month 3 (late add),2026-01,DOWN,43.1,NO,2026-02,DOWN,20.7,NO,2026-03,DOWN
MANGALAM,2025-Q4,ALL3_AGREE,DOWN,96.18,SELL CALLS,ADD_POSITION,Month 3 (late add),2025-10,DOWN,61.0,NO,2025-11,DOWN,95.4,NO,2025-12,DOWN
MANINFRA,2025-Q4,ALL3_AGREE,DOWN,96.18,SELL CALLS,ADD_POSITION,Month 3 (late add),2025-10,DOWN,17.7,YES,2025-11,DOWN,61.9,NO,2025-12,DOWN
MANKIND,2025-Q4,ALL3_AGREE,DOWN,96.18,SELL CALLS,ADD_POSITION,Month 3 (late add),2025-10,DOWN,32.0,NO,2025-11,DOWN,63.0,NO,2025-12,DOWN
MANORG,2025-Q4,ALL3_AGREE,DOWN,96.18,SELL CALLS,ADD_POSITION,Month 3 (late add),2025-10,DOWN,28.1,NO,2025-11,DOWN,20.1,NO,2025-12,DOWN
MANUFGBEES,2025-Q4,ALL3_AGREE,UP,96.18,SELL PUTS,ADD_POSITION,Month 3 (late add),2025-10,UP,50.2,YES,2025-11,UP,45.8,YES,2025-12,UP
MANUGRAPH,2025-Q4,ALL3_AGREE,DOWN,96.18,SELL CALLS,ADD_POSITION,Month 3 (late add),2025-10,DOWN,83.7,NO,2025-11,DOWN,73.2,NO,2025-12,DOWN
MANUGRAPH,2026-Q1,ALL3_AGREE,DOWN,96.18,SELL CALLS,ADD_POSITION,Month 3 (late add),2026-01,DOWN,50.0,NO,2026-02,DOWN,6.7,YES,2026-03,DOWN
MANYAVAR,2025-Q4,ALL3_AGREE,DOWN,96.18,SELL CALLS,ADD_POSITION,Month 3 (late add),2025-10,DOWN,78.4,NO,2025-11,DOWN,64.5,NO,2025-12,DOWN
MANYAVAR,2026-Q1,ALL3_AGREE,DOWN,96.18,SELL CALLS,ADD_POSITION,Month 3 (late add),2026-01,DOWN,81.5,NO,2026-02,DOWN,73.4,NO,2026-03,DOWN
MAPMYINDIA,2026-Q1,ALL3_AGREE,DOWN,96.18,SELL CALLS,ADD_POSITION,Month 3 (late add),2026-01,DOWN,84.2,NO,2026-02,DOWN,86.8,NO,2026-03,DOWN
MARATHON,2026-Q1,ALL3_AGREE,DOWN,96.18,SELL CALLS,ADD_POSITION,Month 3 (late add),2026-01,DOWN,35.6,NO,2026-02,DOWN,58.6,NO,2026-03,DOWN
MARICO,2025-Q4,ALL3_AGREE,UP,96.18,SELL PUTS,ADD_POSITION,Month 3 (late add),2025-10,UP,49.3,YES,2025-11,UP,0.0,NO,2025-12,UP
MARSHALL,2025-Q4,ALL3_AGREE,DOWN,96.18,SELL CALLS,ADD_POSITION,Month 3 (late add),2025-10,DOWN,100.0,NO,2025-11,DOWN,1.6,YES,2025-12,DOWN
MARUTI,2025-Q4,ALL3_AGREE,UP,96.18,SELL PUTS,ADD_POSITION,Month 3 (late add),2025-10,UP,13.6,YES,2025-11,UP,13.3,NO,2025-12,UP
MASTEK,2026-Q1,ALL3_AGREE,DOWN,96.18,SELL CALLS,ADD_POSITION,Month 3 (late add),2026-01,DOWN,0.3,NO,2026-02,DOWN,75.7,NO,2026-03,DOWN
MASTERTR,2025-Q4,ALL3_AGREE,DOWN,96.18,SELL CALLS,ADD_POSITION,Month 3 (late add),2025-10,DOWN,43.9,NO,2025-11,DOWN,21.4,NO,2025-12,DOWN
MASTERTR,2026-Q1,ALL3_AGREE,DOWN,96.18,SELL CALLS,ADD_POSITION,Month 3 (late add),2026-01,DOWN,78.3,NO,2026-02,DOWN,61.5,NO,2026-03,DOWN
MATRIMONY,2026-Q1,ALL3_AGREE,DOWN,96.18,SELL CALLS,ADD_POSITION,Month 3 (late add),2026-01,DOWN,25.6,NO,2026-02,DOWN,68.6,NO,2026-03,DOWN
MAWANASUG,2026-Q1,ALL3_AGREE,DOWN,96.18,SELL CALLS,ADD_POSITION,Month 3 (late add),2026-01,DOWN,66.4,NO,2026-02,DOWN,19.2,NO,2026-03,DOWN
MAXESTATES,2025-Q4,ALL3_AGREE,DOWN,96.18,SELL CALLS,ADD_POSITION,Month 3 (late add),2025-10,DOWN,1.2,YES,2025-11,DOWN,36.6,YES,2025-12,DOWN
MAXIND,2025-Q4,ALL3_AGREE,DOWN,96.18,SELL CALLS,ADD_POSITION,Month 3 (late add),2025-10,DOWN,9.4,YES,2025-11,DOWN,42.7,NO,2025-12,DOWN
MBLINFRA,2025-Q4,ALL3_AGREE,DOWN,96.18,SELL CALLS,ADD_POSITION,Month 3 (late add),2025-10,DOWN,1.4,NO,2025-11,DOWN,54.2,NO,2025-12,DOWN
MCLEODRUSS,2026-Q1,ALL3_AGREE,DOWN,96.18,SELL CALLS,ADD_POSITION,Month 3 (late add),2026-01,DOWN,56.1,NO,2026-02,DOWN,15.6,NO,2026-03,DOWN
MCX,2025-Q4,ALL3_AGREE,UP,96.18,SELL PUTS,ADD_POSITION,Month 3 (late add),2025-10,UP,76.9,YES,2025-11,UP,49.1,YES,2025-12,UP
MEDIASSIST,2026-Q1,ALL3_AGREE,DOWN,96.18,SELL CALLS,ADD_POSITION,Month 3 (late add),2026-01,DOWN,81.9,NO,2026-02,DOWN,45.7,NO,2026-03,DOWN
MEDICAMEQ,2026-Q1,ALL3_AGREE,DOWN,96.18,SELL CALLS,ADD_POSITION,Month 3 (late add),2026-01,DOWN,42.5,NO,2026-02,DOWN,48.9,NO,2026-03,DOWN
MEESHO,2026-Q1,ALL3_AGREE,DOWN,96.18,SELL CALLS,ADD_POSITION,Month 3 (late add),2026-01,DOWN,28.8,NO,2026-02,DOWN,31.2,NO,2026-03,DOWN
MEIL,2026-Q1,ALL3_AGREE,DOWN,96.18,SELL CALLS,ADD_POSITION,Month 3 (late add),2026-01,DOWN,81.7,NO,2026-02,DOWN,44.0,NO,2026-03,DOWN
MENONBE,2025-Q4,ALL3_AGREE,DOWN,96.18,SELL CALLS,ADD_POSITION,Month 3 (late add),2025-10,DOWN,69.7,NO,2025-11,DOWN,58.7,NO,2025-12,DOWN
MENONBE,2026-Q1,ALL3_AGREE,UP,96.18,SELL PUTS,ADD_POSITION,Month 3 (late add),2026-01,UP,21.1,YES,2026-02,UP,29.5,YES,2026-03,UP
MEP,2026-Q1,ALL3_AGREE,DOWN,96.18,SELL CALLS,ADD_POSITION,Month 3 (late add),2026-01,DOWN,100.0,NO,2026-02,DOWN,100.0,NO,2026-03,DOWN
METROPOLIS,2025-Q4,ALL3_AGREE,DOWN,96.18,SELL CALLS,ADD_POSITION,Month 3 (late add),2025-10,DOWN,21.3,NO,2025-11,DOWN,24.8,NO,2025-12,DOWN
MFML,2025-Q4,ALL3_AGREE,DOWN,96.18,SELL CALLS,ADD_POSITION,Month 3 (late add),2025-10,DOWN,20.9,YES,2025-11,DOWN,52.0,NO,2025-12,DOWN
MGEL,2026-Q1,ALL3_AGREE,DOWN,96.18,SELL CALLS,ADD_POSITION,Month 3 (late add),2026-01,DOWN,76.5,NO,2026-02,DOWN,78.4,NO,2026-03,DOWN
MGL,2025-Q4,ALL3_AGREE,DOWN,96.18,SELL CALLS,ADD_POSITION,Month 3 (late add),2025-10,DOWN,41.4,NO,2025-11,DOWN,76.6,NO,2025-12,DOWN
MHLXMIRU,2026-Q1,ALL3_AGREE,DOWN,96.18,SELL CALLS,ADD_POSITION,Month 3 (late add),2026-01,DOWN,4.6,YES,2026-02,DOWN,84.7,NO,2026-03,DOWN
MHRIL,2026-Q1,ALL3_AGREE,DOWN,96.18,SELL CALLS,ADD_POSITION,Month 3 (late add),2026-01,DOWN,53.7,NO,2026-02,DOWN,15.9,NO,2026-03,DOWN
MICEL,2025-Q4,ALL3_AGREE,DOWN,96.18,SELL CALLS,ADD_POSITION,Month 3 (late add),2025-10,DOWN,49.5,NO,2025-11,DOWN,66.0,NO,2025-12,DOWN
MICEL,2026-Q1,ALL3_AGREE,DOWN,96.18,SELL CALLS,ADD_POSITION,Month 3 (late add),2026-01,DOWN,11.7,NO,2026-02,DOWN,52.3,NO,2026-03,DOWN
MID150,2025-Q4,ALL3_AGREE,UP,96.18,SELL PUTS,ADD_POSITION,Month 3 (late add),2025-10,UP,68.7,YES,2025-11,UP,15.1,YES,2025-12,UP
MID150CASE,2025-Q4,ALL3_AGREE,UP,96.18,SELL PUTS,ADD_POSITION,Month 3 (late add),2025-10,UP,19.1,YES,2025-11,UP,15.0,NO,2025-12,UP
MID150CASE,2026-Q1,ALL3_AGREE,DOWN,96.18,SELL CALLS,ADD_POSITION,Month 3 (late add),2026-01,DOWN,38.5,NO,2026-02,DOWN,1.3,NO,2026-03,DOWN
MIDCAP,2025-Q4,ALL3_AGREE,UP,96.18,SELL PUTS,ADD_POSITION,Month 3 (late add),2025-10,UP,92.1,YES,2025-11,UP,39.8,YES,2025-12,UP
MIDCAP,2026-Q1,ALL3_AGREE,DOWN,96.18,SELL CALLS,ADD_POSITION,Month 3 (late add),2026-01,DOWN,33.4,NO,2026-02,DOWN,95.2,NO,2026-03,DOWN
MIDCAPIETF,2026-Q1,ALL3_AGREE,DOWN,96.18,SELL CALLS,ADD_POSITION,Month 3 (late add),2026-01,DOWN,32.0,NO,2026-02,DOWN,6.0,YES,2026-03,DOWN
MIDWESTLTD,2026-Q1,ALL3_AGREE,DOWN,96.18,SELL CALLS,ADD_POSITION,Month 3 (late add),2026-01,DOWN,66.7,NO,2026-02,DOWN,10.5,NO,2026-03,DOWN
MINDTECK,2026-Q1,ALL3_AGREE,DOWN,96.18,SELL CALLS,ADD_POSITION,Month 3 (late add),2026-01,DOWN,36.1,YES,2026-02,DOWN,51.5,NO,2026-03,DOWN
MITCON,2026-Q1,ALL3_AGREE,DOWN,96.18,SELL CALLS,ADD_POSITION,Month 3 (late add),2026-01,DOWN,50.3,NO,2026-02,DOWN,39.1,NO,2026-03,DOWN
MITTAL,2025-Q4,ALL3_AGREE,DOWN,96.18,SELL CALLS,ADD_POSITION,Month 3 (late add),2025-10,DOWN,45.0,NO,2025-11,DOWN,35.9,NO,2025-12,DOWN
MITTAL,2026-Q1,ALL3_AGREE,DOWN,96.18,SELL CALLS,ADD_POSITION,Month 3 (late add),2026-01,DOWN,54.6,NO,2026-02,DOWN,5.6,YES,2026-03,DOWN
MKPL,2025-Q4,ALL3_AGREE,DOWN,96.18,SELL CALLS,ADD_POSITION,Month 3 (late add),2025-10,DOWN,8.8,YES,2025-11,DOWN,53.3,NO,2025-12,DOWN
MKPL,2026-Q1,ALL3_AGREE,DOWN,96.18,SELL CALLS,ADD_POSITION,Month 3 (late add),2026-01,DOWN,34.9,NO,2026-02,DOWN,39.5,NO,2026-03,DOWN
MMFL,2025-Q4,ALL3_AGREE,UP,96.18,SELL PUTS,ADD_POSITION,Month 3 (late add),2025-10,UP,5.5,YES,2025-11,UP,59.6,YES,2025-12,UP
MMFL,2026-Q1,ALL3_AGREE,UP,96.18,SELL PUTS,ADD_POSITION,Month 3 (late add),2026-01,UP,50.7,YES,2026-02,UP,46.6,YES,2026-03,UP
MNC,2025-Q4,ALL3_AGREE,UP,96.18,SELL PUTS,ADD_POSITION,Month 3 (late add),2025-10,UP,81.5,YES,2025-11,UP,11.3,YES,2025-12,UP
MODIRUBBER,2026-Q1,ALL3_AGREE,DOWN,96.18,SELL CALLS,ADD_POSITION,Month 3 (late add),2026-01,DOWN,49.5,NO,2026-02,DOWN,64.6,NO,2026-03,DOWN
MODISONLTD,2026-Q1,ALL3_AGREE,DOWN,96.18,SELL CALLS,ADD_POSITION,Month 3 (late add),2026-01,DOWN,2.5,YES,2026-02,DOWN,88.7,NO,2026-03,DOWN
MOGOLD,2025-Q4,ALL3_AGREE,UP,96.18,SELL PUTS,ADD_POSITION,Month 3 (late add),2025-10,UP,5.2,YES,2025-11,UP,63.8,YES,2025-12,UP
MOIL,2026-Q1,ALL3_AGREE,DOWN,96.18,SELL CALLS,ADD_POSITION,Month 3 (late add),2026-01,DOWN,0.8,YES,2026-02,DOWN,86.1,NO,2026-03,DOWN
MOKSH,2026-Q1,ALL3_AGREE,DOWN,96.18,SELL CALLS,ADD_POSITION,Month 3 (late add),2026-01,DOWN,6.6,NO,2026-02,DOWN,32.8,NO,2026-03,DOWN
MOL,2025-Q4,ALL3_AGREE,DOWN,96.18,SELL CALLS,ADD_POSITION,Month 3 (late add),2025-10,DOWN,1.5,YES,2025-11,DOWN,90.9,NO,2025-12,DOWN
MOL,2026-Q1,ALL3_AGREE,DOWN,96.18,SELL CALLS,ADD_POSITION,Month 3 (late add),2026-01,DOWN,36.6,NO,2026-02,DOWN,67.0,NO,2026-03,DOWN
MOLDTKPAC,2025-Q4,ALL3_AGREE,DOWN,96.18,SELL CALLS,ADD_POSITION,Month 3 (late add),2025-10,DOWN,31.5,NO,2025-11,DOWN,73.4,NO,2025-12,DOWN
MONEYBOXX,2025-Q4,ALL3_AGREE,DOWN,96.18,SELL CALLS,ADD_POSITION,Month 3 (late add),2025-10,DOWN,13.2,NO,2025-11,DOWN,24.0,NO,2025-12,DOWN
MOQUALITY,2025-Q4,ALL3_AGREE,UP,96.18,SELL PUTS,ADD_POSITION,Month 3 (late add),2025-10,UP,50.1,YES,2025-11,UP,15.6,YES,2025-12,UP
MOREPENLAB,2025-Q4,ALL3_AGREE,DOWN,96.18,SELL CALLS,ADD_POSITION,Month 3 (late add),2025-10,DOWN,18.8,NO,2025-11,DOWN,66.9,NO,2025-12,DOWN
MOTHERSON,2025-Q4,ALL3_AGREE,UP,96.18,SELL PUTS,ADD_POSITION,Month 3 (late add),2025-10,UP,1.9,NO,2025-11,UP,65.9,YES,2025-12,UP
MOTILALOFS,2026-Q1,ALL3_AGREE,DOWN,96.18,SELL CALLS,ADD_POSITION,Month 3 (late add),2026-01,DOWN,70.0,NO,2026-02,DOWN,30.7,NO,2026-03,DOWN
MOTISONS,2025-Q4,ALL3_AGREE,DOWN,96.18,SELL CALLS,ADD_POSITION,Month 3 (late add),2025-10,DOWN,46.3,NO,2025-11,DOWN,6.8,YES,2025-12,DOWN
MOVALUE,2025-Q4,ALL3_AGREE,UP,96.18,SELL PUTS,ADD_POSITION,Month 3 (late add),2025-10,UP,97.9,YES,2025-11,UP,7.3,NO,2025-12,UP
MPHASIS,2026-Q1,ALL3_AGREE,DOWN,96.18,SELL CALLS,ADD_POSITION,Month 3 (late add),2026-01,DOWN,16.2,NO,2026-02,DOWN,61.2,NO,2026-03,DOWN
MSUMI,2025-Q4,ALL3_AGREE,UP,96.18,SELL PUTS,ADD_POSITION,Month 3 (late add),2025-10,UP,29.6,YES,2025-11,UP,31.3,NO,2025-12,UP
MTNL,2026-Q1,ALL3_AGREE,DOWN,96.18,SELL CALLS,ADD_POSITION,Month 3 (late add),2026-01,DOWN,21.6,NO,2026-02,DOWN,58.5,NO,2026-03,DOWN
MUFTI,2026-Q1,ALL3_AGREE,DOWN,96.18,SELL CALLS,ADD_POSITION,Month 3 (late add),2026-01,DOWN,57.4,NO,2026-02,DOWN,17.7,NO,2026-03,DOWN
MUKTAARTS,2026-Q1,ALL3_AGREE,DOWN,96.18,SELL CALLS,ADD_POSITION,Month 3 (late add),2026-01,DOWN,27.4,NO,2026-02,DOWN,20.4,NO,2026-03,DOWN
MUNJALAU,2025-Q4,ALL3_AGREE,DOWN,96.18,SELL CALLS,ADD_POSITION,Month 3 (late add),2025-10,DOWN,51.9,NO,2025-11,DOWN,64.4,NO,2025-12,DOWN
MURUDCERA,2026-Q1,ALL3_AGREE,DOWN,96.18,SELL CALLS,ADD_POSITION,Month 3 (late add),2026-01,DOWN,44.0,NO,2026-02,DOWN,2.2,NO,2026-03,DOWN
MUTHOOTCAP,2026-Q1,ALL3_AGREE,DOWN,96.18,SELL CALLS,ADD_POSITION,Month 3 (late add),2026-01,DOWN,56.9,NO,2026-02,DOWN,4.5,NO,2026-03,DOWN
MUTHOOTFIN,2025-Q4,ALL3_AGREE,UP,96.18,SELL PUTS,ADD_POSITION,Month 3 (late add),2025-10,UP,30.1,YES,2025-11,UP,89.0,YES,2025-12,UP
MVGJL,2026-Q1,ALL3_AGREE,DOWN,96.18,SELL CALLS,ADD_POSITION,Month 3 (late add),2026-01,DOWN,27.4,NO,2026-02,DOWN,28.5,NO,2026-03,DOWN
NAGREEKEXP,2025-Q4,ALL3_AGREE,DOWN,96.18,SELL CALLS,ADD_POSITION,Month 3 (late add),2025-10,DOWN,44.4,NO,2025-11,DOWN,37.3,NO,2025-12,DOWN
NATCAPSUQ,2025-Q4,ALL3_AGREE,DOWN,96.18,SELL CALLS,ADD_POSITION,Month 3 (late add),2025-10,DOWN,86.6,NO,2025-11,DOWN,50.2,NO,2025-12,DOWN
NATCOPHARM,2025-Q4,ALL3_AGREE,UP,96.18,SELL PUTS,ADD_POSITION,Month 3 (late add),2025-10,UP,29.5,YES,2025-11,UP,38.4,YES,2025-12,UP
NATIONALUM,2025-Q4,ALL3_AGREE,UP,96.18,SELL PUTS,ADD_POSITION,Month 3 (late add),2025-10,UP,62.5,YES,2025-11,UP,53.3,YES,2025-12,UP
NATIONALUM,2026-Q1,ALL3_AGREE,UP,96.18,SELL PUTS,ADD_POSITION,Month 3 (late add),2026-01,UP,56.5,YES,2026-02,UP,2.5,YES,2026-03,UP
NAUKRI,2026-Q1,ALL3_AGREE,DOWN,96.18,SELL CALLS,ADD_POSITION,Month 3 (late add),2026-01,DOWN,61.8,NO,2026-02,DOWN,72.1,NO,2026-03,DOWN
NAVKARCORP,2026-Q1,ALL3_AGREE,DOWN,96.18,SELL CALLS,ADD_POSITION,Month 3 (late add),2026-01,DOWN,15.3,NO,2026-02,DOWN,15.9,NO,2026-03,DOWN
NAZARA,2025-Q4,ALL3_AGREE,UP,96.18,SELL PUTS,ADD_POSITION,Month 3 (late add),2025-10,UP,30.8,YES,2025-11,UP,46.9,NO,2025-12,UP
NAZARA,2026-Q1,ALL3_AGREE,DOWN,96.18,SELL CALLS,ADD_POSITION,Month 3 (late add),2026-01,DOWN,26.9,YES,2026-02,DOWN,50.3,NO,2026-03,DOWN
NBCC,2025-Q4,ALL3_AGREE,UP,96.18,SELL PUTS,ADD_POSITION,Month 3 (late add),2025-10,UP,80.5,YES,2025-11,UP,1.3,NO,2025-12,UP
NBCC,2026-Q1,ALL3_AGREE,DOWN,96.18,SELL CALLS,ADD_POSITION,Month 3 (late add),2026-01,DOWN,76.3,NO,2026-02,DOWN,56.0,NO,2026-03,DOWN
NDGL,2026-Q1,ALL3_AGREE,DOWN,96.18,SELL CALLS,ADD_POSITION,Month 3 (late add),2026-01,DOWN,49.4,NO,2026-02,DOWN,2.7,YES,2026-03,DOWN
NDL,2026-Q1,ALL3_AGREE,DOWN,96.18,SELL CALLS,ADD_POSITION,Month 3 (late add),2026-01,DOWN,70.4,NO,2026-02,DOWN,31.0,NO,2026-03,DOWN
NDRAUTO,2025-Q4,ALL3_AGREE,DOWN,96.18,SELL CALLS,ADD_POSITION,Month 3 (late add),2025-10,DOWN,39.7,NO,2025-11,DOWN,45.6,NO,2025-12,DOWN
NECLIFE,2025-Q4,ALL3_AGREE,UP,96.18,SELL PUTS,ADD_POSITION,Month 3 (late add),2025-10,UP,40.7,YES,2025-11,UP,48.6,YES,2025-12,UP
NECLIFE,2026-Q1,ALL3_AGREE,DOWN,96.18,SELL CALLS,ADD_POSITION,Month 3 (late add),2026-01,DOWN,79.2,NO,2026-02,DOWN,50.9,NO,2026-03,DOWN
NESTLEIND,2025-Q4,ALL3_AGREE,UP,96.18,SELL PUTS,ADD_POSITION,Month 3 (late add),2025-10,UP,68.4,YES,2025-11,UP,19.7,NO,2025-12,UP
NETWORK18,2025-Q4,ALL3_AGREE,DOWN,96.18,SELL CALLS,ADD_POSITION,Month 3 (late add),2025-10,DOWN,67.9,NO,2025-11,DOWN,39.9,NO,2025-12,DOWN
NETWORK18,2026-Q1,ALL3_AGREE,DOWN,96.18,SELL CALLS,ADD_POSITION,Month 3 (late add),2026-01,DOWN,57.3,NO,2026-02,DOWN,57.8,NO,2026-03,DOWN
NEUEON,2026-Q1,ALL3_AGREE,UP,96.18,SELL PUTS,ADD_POSITION,Month 3 (late add),2026-01,UP,76.7,YES,2026-02,UP,100.0,YES,2026-03,UP
NEULANDLAB,2026-Q1,ALL3_AGREE,DOWN,96.18,SELL CALLS,ADD_POSITION,Month 3 (late add),2026-01,DOWN,67.8,NO,2026-02,DOWN,24.1,NO,2026-03,DOWN
NEXT50ADD,2026-Q1,ALL3_AGREE,DOWN,96.18,SELL CALLS,ADD_POSITION,Month 3 (late add),2026-01,DOWN,69.8,NO,2026-02,DOWN,9.3,YES,2026-03,DOWN
NFL,2026-Q1,ALL3_AGREE,DOWN,96.18,SELL CALLS,ADD_POSITION,Month 3 (late add),2026-01,DOWN,55.6,NO,2026-02,DOWN,55.2,NO,2026-03,DOWN
NGIL,2026-Q1,ALL3_AGREE,DOWN,96.18,SELL CALLS,ADD_POSITION,Month 3 (late add),2026-01,DOWN,46.0,NO,2026-02,DOWN,44.8,NO,2026-03,DOWN
NIACL,2025-Q4,ALL3_AGREE,DOWN,96.18,SELL CALLS,ADD_POSITION,Month 3 (late add),2025-10,DOWN,3.2,NO,2025-11,DOWN,83.1,NO,2025-12,DOWN
NIBL,2025-Q4,ALL3_AGREE,UP,96.18,SELL PUTS,ADD_POSITION,Month 3 (late add),2025-10,UP,24.8,YES,2025-11,UP,18.1,NO,2025-12,UP
NIF100BEES,2025-Q4,ALL3_AGREE,UP,96.18,SELL PUTS,ADD_POSITION,Month 3 (late add),2025-10,UP,46.6,YES,2025-11,UP,17.3,YES,2025-12,UP
NIFITETF,2025-Q4,ALL3_AGREE,UP,96.18,SELL PUTS,ADD_POSITION,Month 3 (late add),2025-10,UP,75.6,YES,2025-11,UP,45.4,YES,2025-12,UP
NIFTY50ADD,2025-Q4,ALL3_AGREE,UP,96.18,SELL PUTS,ADD_POSITION,Month 3 (late add),2025-10,UP,26.1,YES,2025-11,UP,31.6,YES,2025-12,UP
NIFTYBETF,2025-Q4,ALL3_AGREE,UP,96.18,SELL PUTS,ADD_POSITION,Month 3 (late add),2025-10,UP,54.0,YES,2025-11,UP,50.5,YES,2025-12,UP
NIFTYQLITY,2025-Q4,ALL3_AGREE,UP,96.18,SELL PUTS,ADD_POSITION,Month 3 (late add),2025-10,UP,77.9,YES,2025-11,UP,19.0,YES,2025-12,UP
NIFTYQLITY,2026-Q1,ALL3_AGREE,DOWN,96.18,SELL CALLS,ADD_POSITION,Month 3 (late add),2026-01,DOWN,22.7,NO,2026-02,DOWN,34.6,NO,2026-03,DOWN
NIITLTD,2026-Q1,ALL3_AGREE,DOWN,96.18,SELL CALLS,ADD_POSITION,Month 3 (late add),2026-01,DOWN,75.7,NO,2026-02,DOWN,32.5,NO,2026-03,DOWN
NIITMTS,2026-Q1,ALL3_AGREE,DOWN,96.18,SELL CALLS,ADD_POSITION,Month 3 (late add),2026-01,DOWN,0.3,YES,2026-02,DOWN,97.2,NO,2026-03,DOWN
NINSYS,2026-Q1,ALL3_AGREE,DOWN,96.18,SELL CALLS,ADD_POSITION,Month 3 (late add),2026-01,DOWN,75.5,NO,2026-02,DOWN,24.6,NO,2026-03,DOWN
NIPPOBATRY,2025-Q4,ALL3_AGREE,DOWN,96.18,SELL CALLS,ADD_POSITION,Month 3 (late add),2025-10,DOWN,82.7,NO,2025-11,DOWN,51.7,NO,2025-12,DOWN
NIRAJ,2026-Q1,ALL3_AGREE,DOWN,96.18,SELL CALLS,ADD_POSITION,Month 3 (late add),2026-01,DOWN,81.0,NO,2026-02,DOWN,33.1,NO,2026-03,DOWN
NIRAJISPAT,2025-Q4,ALL3_AGREE,DOWN,96.18,SELL CALLS,ADD_POSITION,Month 3 (late add),2025-10,DOWN,70.6,NO,2025-11,DOWN,41.8,NO,2025-12,DOWN
NITCO,2026-Q1,ALL3_AGREE,DOWN,96.18,SELL CALLS,ADD_POSITION,Month 3 (late add),2026-01,DOWN,66.2,NO,2026-02,DOWN,42.6,NO,2026-03,DOWN
NITIRAJ,2026-Q1,ALL3_AGREE,UP,96.18,SELL PUTS,ADD_POSITION,Month 3 (late add),2026-01,UP,19.7,NO,2026-02,UP,74.6,YES,2026-03,UP
NKIND,2025-Q4,ALL3_AGREE,DOWN,96.18,SELL CALLS,ADD_POSITION,Month 3 (late add),2025-10,DOWN,47.1,NO,2025-11,DOWN,70.0,YES,2025-12,DOWN
NMDC,2026-Q1,ALL3_AGREE,DOWN,96.18,SELL CALLS,ADD_POSITION,Month 3 (late add),2026-01,DOWN,20.3,NO,2026-02,DOWN,17.4,YES,2026-03,DOWN
NORBTEAEXP,2025-Q4,ALL3_AGREE,UP,96.18,SELL PUTS,ADD_POSITION,Month 3 (late add),2025-10,UP,57.5,YES,2025-11,UP,52.8,YES,2025-12,UP
NORTHARC,2025-Q4,ALL3_AGREE,DOWN,96.18,SELL CALLS,ADD_POSITION,Month 3 (late add),2025-10,DOWN,6.7,NO,2025-11,DOWN,13.2,NO,2025-12,DOWN
NOVAAGRI,2026-Q1,ALL3_AGREE,DOWN,96.18,SELL CALLS,ADD_POSITION,Month 3 (late add),2026-01,DOWN,46.4,NO,2026-02,DOWN,80.3,NO,2026-03,DOWN
NPST,2025-Q4,ALL3_AGREE,DOWN,96.18,SELL CALLS,ADD_POSITION,Month 3 (late add),2025-10,DOWN,18.7,NO,2025-11,DOWN,70.1,NO,2025-12,DOWN
NPST,2026-Q1,ALL3_AGREE,DOWN,96.18,SELL CALLS,ADD_POSITION,Month 3 (late add),2026-01,DOWN,65.8,NO,2026-02,DOWN,10.8,NO,2026-03,DOWN
NRAIL,2025-Q4,ALL3_AGREE,UP,96.18,SELL PUTS,ADD_POSITION,Month 3 (late add),2025-10,UP,3.4,YES,2025-11,UP,37.8,YES,2025-12,UP
NRAIL,2026-Q1,ALL3_AGREE,DOWN,96.18,SELL CALLS,ADD_POSITION,Month 3 (late add),2026-01,DOWN,62.2,NO,2026-02,DOWN,24.8,YES,2026-03,DOWN
NRL,2025-Q4,ALL3_AGREE,DOWN,96.18,SELL CALLS,ADD_POSITION,Month 3 (late add),2025-10,DOWN,44.7,NO,2025-11,DOWN,67.7,NO,2025-12,DOWN
NRL,2026-Q1,ALL3_AGREE,DOWN,96.18,SELL CALLS,ADD_POSITION,Month 3 (late add),2026-01,DOWN,35.8,NO,2026-02,DOWN,19.9,YES,2026-03,DOWN
NSLNISP,2026-Q1,ALL3_AGREE,DOWN,96.18,SELL CALLS,ADD_POSITION,Month 3 (late add),2026-01,DOWN,27.1,NO,2026-02,DOWN,28.8,NO,2026-03,DOWN
NTPC,2026-Q1,ALL3_AGREE,UP,96.18,SELL PUTS,ADD_POSITION,Month 3 (late add),2026-01,UP,78.6,YES,2026-02,UP,50.9,YES,2026-03,UP
NV20,2025-Q4,ALL3_AGREE,UP,96.18,SELL PUTS,ADD_POSITION,Month 3 (late add),2025-10,UP,21.7,YES,2025-11,UP,38.4,YES,2025-12,UP
NV20BEES,2025-Q4,ALL3_AGREE,UP,96.18,SELL PUTS,ADD_POSITION,Month 3 (late add),2025-10,UP,47.0,YES,2025-11,UP,21.3,YES,2025-12,UP
NV20IETF,2025-Q4,ALL3_AGREE,UP,96.18,SELL PUTS,ADD_POSITION,Month 3 (late add),2025-10,UP,34.9,YES,2025-11,UP,9.3,YES,2025-12,UP
OBCL,2025-Q4,ALL3_AGREE,DOWN,96.18,SELL CALLS,ADD_POSITION,Month 3 (late add),2025-10,DOWN,1.0,NO,2025-11,DOWN,57.1,YES,2025-12,DOWN
OCCLLTD,2026-Q1,ALL3_AGREE,DOWN,96.18,SELL CALLS,ADD_POSITION,Month 3 (late add),2026-01,DOWN,55.3,NO,2026-02,DOWN,39.4,NO,2026-03,DOWN
ODIGMA,2025-Q4,ALL3_AGREE,DOWN,96.18,SELL CALLS,ADD_POSITION,Month 3 (late add),2025-10,DOWN,64.5,NO,2025-11,DOWN,66.6,NO,2025-12,DOWN
ODIGMA,2026-Q1,ALL3_AGREE,DOWN,96.18,SELL CALLS,ADD_POSITION,Month 3 (late add),2026-01,DOWN,92.8,NO,2026-02,DOWN,29.7,NO,2026-03,DOWN
OILCOUNTUB,2025-Q4,ALL3_AGREE,DOWN,96.18,SELL CALLS,ADD_POSITION,Month 3 (late add),2025-10,DOWN,29.3,NO,2025-11,DOWN,4.4,NO,2025-12,DOWN
OILIETF,2025-Q4,ALL3_AGREE,UP,96.18,SELL PUTS,ADD_POSITION,Month 3 (late add),2025-10,UP,60.8,YES,2025-11,UP,9.1,YES,2025-12,UP
OLAELEC,2025-Q4,ALL3_AGREE,DOWN,96.18,SELL CALLS,ADD_POSITION,Month 3 (late add),2025-10,DOWN,72.5,NO,2025-11,DOWN,61.4,NO,2025-12,DOWN
OLAELEC,2026-Q1,ALL3_AGREE,DOWN,96.18,SELL CALLS,ADD_POSITION,Month 3 (late add),2026-01,DOWN,25.1,NO,2026-02,DOWN,86.1,NO,2026-03,DOWN
OLECTRA,2025-Q4,ALL3_AGREE,DOWN,96.18,SELL CALLS,ADD_POSITION,Month 3 (late add),2025-10,DOWN,2.7,NO,2025-11,DOWN,93.8,NO,2025-12,DOWN
OLECTRA,2026-Q1,ALL3_AGREE,DOWN,96.18,SELL CALLS,ADD_POSITION,Month 3 (late add),2026-01,DOWN,35.7,NO,2026-02,DOWN,56.0,NO,2026-03,DOWN
OMFREIGHT,2025-Q4,ALL3_AGREE,UP,96.18,SELL PUTS,ADD_POSITION,Month 3 (late add),2025-10,UP,51.3,YES,2025-11,UP,25.7,YES,2025-12,UP
OMFREIGHT,2026-Q1,ALL3_AGREE,DOWN,96.18,SELL CALLS,ADD_POSITION,Month 3 (late add),2026-01,DOWN,11.4,NO,2026-02,DOWN,33.8,NO,2026-03,DOWN
OMINFRAL,2025-Q4,ALL3_AGREE,DOWN,96.18,SELL CALLS,ADD_POSITION,Month 3 (late add),2025-10,DOWN,67.1,NO,2025-11,DOWN,42.9,NO,2025-12,DOWN
OMKARCHEM,2026-Q1,ALL3_AGREE,DOWN,96.18,SELL CALLS,ADD_POSITION,Month 3 (late add),2026-01,DOWN,20.2,NO,2026-02,DOWN,83.2,NO,2026-03,DOWN
ONEPOINT,2026-Q1,ALL3_AGREE,DOWN,96.18,SELL CALLS,ADD_POSITION,Month 3 (late add),2026-01,DOWN,31.7,NO,2026-02,DOWN,79.3,NO,2026-03,DOWN
OPTIEMUS,2025-Q4,ALL3_AGREE,DOWN,96.18,SELL CALLS,ADD_POSITION,Month 3 (late add),2025-10,DOWN,29.0,NO,2025-11,DOWN,33.4,NO,2025-12,DOWN
ORCHPHARMA,2026-Q1,ALL3_AGREE,DOWN,96.18,SELL CALLS,ADD_POSITION,Month 3 (late add),2026-01,DOWN,52.2,NO,2026-02,DOWN,76.1,NO,2026-03,DOWN
ORIENTALTL,2026-Q1,ALL3_AGREE,DOWN,96.18,SELL CALLS,ADD_POSITION,Month 3 (late add),2026-01,DOWN,77.5,NO,2026-02,DOWN,42.1,NO,2026-03,DOWN
ORIENTCER,2025-Q4,ALL3_AGREE,UP,96.18,SELL PUTS,ADD_POSITION,Month 3 (late add),2025-10,UP,22.3,NO,2025-11,UP,41.5,YES,2025-12,UP
ORIENTCER,2026-Q1,ALL3_AGREE,DOWN,96.18,SELL CALLS,ADD_POSITION,Month 3 (late add),2026-01,DOWN,43.0,NO,2026-02,DOWN,59.8,NO,2026-03,DOWN
ORIENTHOT,2025-Q4,ALL3_AGREE,DOWN,96.18,SELL CALLS,ADD_POSITION,Month 3 (late add),2025-10,DOWN,21.2,NO,2025-11,DOWN,63.9,NO,2025-12,DOWN
ORIENTHOT,2026-Q1,ALL3_AGREE,DOWN,96.18,SELL CALLS,ADD_POSITION,Month 3 (late add),2026-01,DOWN,7.7,NO,2026-02,DOWN,1.8,YES,2026-03,DOWN
ORIENTLTD,2026-Q1,ALL3_AGREE,DOWN,96.18,SELL CALLS,ADD_POSITION,Month 3 (late add),2026-01,DOWN,58.2,NO,2026-02,DOWN,24.8,NO,2026-03,DOWN
ORIENTPPR,2025-Q4,ALL3_AGREE,DOWN,96.18,SELL CALLS,ADD_POSITION,Month 3 (late add),2025-10,DOWN,7.1,YES,2025-11,DOWN,88.2,NO,2025-12,DOWN
ORIENTPPR,2026-Q1,ALL3_AGREE,DOWN,96.18,SELL CALLS,ADD_POSITION,Month 3 (late add),2026-01,DOWN,53.9,NO,2026-02,DOWN,34.7,NO,2026-03,DOWN
ORIENTTECH,2026-Q1,ALL3_AGREE,DOWN,96.18,SELL CALLS,ADD_POSITION,Month 3 (late add),2026-01,DOWN,69.5,NO,2026-02,DOWN,38.7,NO,2026-03,DOWN
ORISSAMINE,2026-Q1,ALL3_AGREE,DOWN,96.18,SELL CALLS,ADD_POSITION,Month 3 (late add),2026-01,DOWN,54.2,NO,2026-02,DOWN,50.6,NO,2026-03,DOWN
OSIAHYPER,2025-Q4,ALL3_AGREE,DOWN,96.18,SELL CALLS,ADD_POSITION,Month 3 (late add),2025-10,DOWN,71.0,NO,2025-11,DOWN,71.4,NO,2025-12,DOWN
OSIAHYPER,2026-Q1,ALL3_AGREE,DOWN,96.18,SELL CALLS,ADD_POSITION,Month 3 (late add),2026-01,DOWN,79.6,NO,2026-02,DOWN,82.3,NO,2026-03,DOWN
OSWALAGRO,2026-Q1,ALL3_AGREE,DOWN,96.18,SELL CALLS,ADD_POSITION,Month 3 (late add),2026-01,DOWN,74.1,NO,2026-02,DOWN,11.3,NO,2026-03,DOWN
OSWALGREEN,2025-Q4,ALL3_AGREE,DOWN,96.18,SELL CALLS,ADD_POSITION,Month 3 (late add),2025-10,DOWN,64.0,NO,2025-11,DOWN,63.4,NO,2025-12,DOWN
OSWALGREEN,2026-Q1,ALL3_AGREE,DOWN,96.18,SELL CALLS,ADD_POSITION,Month 3 (late add),2026-01,DOWN,67.5,NO,2026-02,DOWN,7.6,NO,2026-03,DOWN
OSWALPUMPS,2026-Q1,ALL3_AGREE,DOWN,96.18,SELL CALLS,ADD_POSITION,Month 3 (late add),2026-01,DOWN,79.7,NO,2026-02,DOWN,88.6,NO,2026-03,DOWN
OSWALSEEDS,2026-Q1,ALL3_AGREE,DOWN,96.18,SELL CALLS,ADD_POSITION,Month 3 (late add),2026-01,DOWN,77.5,NO,2026-02,DOWN,32.2,NO,2026-03,DOWN
PAGEIND,2025-Q4,ALL3_AGREE,DOWN,96.18,SELL CALLS,ADD_POSITION,Month 3 (late add),2025-10,DOWN,4.7,NO,2025-11,DOWN,100.0,NO,2025-12,DOWN
PAGEIND,2026-Q1,ALL3_AGREE,DOWN,96.18,SELL CALLS,ADD_POSITION,Month 3 (late add),2026-01,DOWN,76.6,NO,2026-02,DOWN,20.9,NO,2026-03,DOWN
PAKKA,2025-Q4,ALL3_AGREE,DOWN,96.18,SELL CALLS,ADD_POSITION,Month 3 (late add),2025-10,DOWN,45.9,NO,2025-11,DOWN,72.6,NO,2025-12,DOWN
PALASHSECU,2025-Q4,ALL3_AGREE,DOWN,96.18,SELL CALLS,ADD_POSITION,Month 3 (late add),2025-10,DOWN,0.0,NO,2025-11,DOWN,20.7,NO,2025-12,DOWN
PALASHSECU,2026-Q1,ALL3_AGREE,DOWN,96.18,SELL CALLS,ADD_POSITION,Month 3 (late add),2026-01,DOWN,17.7,NO,2026-02,DOWN,33.3,NO,2026-03,DOWN
PALREDTEC,2026-Q1,ALL3_AGREE,DOWN,96.18,SELL CALLS,ADD_POSITION,Month 3 (late add),2026-01,DOWN,49.5,NO,2026-02,DOWN,33.4,NO,2026-03,DOWN
PANAMAPET,2026-Q1,ALL3_AGREE,DOWN,96.18,SELL CALLS,ADD_POSITION,Month 3 (late add),2026-01,DOWN,4.2,NO,2026-02,DOWN,39.0,NO,2026-03,DOWN
PARADEEP,2026-Q1,ALL3_AGREE,DOWN,96.18,SELL CALLS,ADD_POSITION,Month 3 (late add),2026-01,DOWN,59.4,NO,2026-02,DOWN,62.4,NO,2026-03,DOWN
PARSVNATH,2026-Q1,ALL3_AGREE,DOWN,96.18,SELL CALLS,ADD_POSITION,Month 3 (late add),2026-01,DOWN,46.7,NO,2026-02,DOWN,39.9,NO,2026-03,DOWN
PAUSHAKLTD,2026-Q1,ALL3_AGREE,DOWN,96.18,SELL CALLS,ADD_POSITION,Month 3 (late add),2026-01,DOWN,78.8,NO,2026-02,DOWN,48.0,NO,2026-03,DOWN
PAVNAIND,2025-Q4,ALL3_AGREE,DOWN,96.18,SELL CALLS,ADD_POSITION,Month 3 (late add),2025-10,DOWN,10.5,NO,2025-11,DOWN,71.3,NO,2025-12,DOWN
PCBL,2025-Q4,ALL3_AGREE,DOWN,96.18,SELL CALLS,ADD_POSITION,Month 3 (late add),2025-10,DOWN,28.8,NO,2025-11,DOWN,80.5,NO,2025-12,DOWN
PCJEWELLER,2025-Q4,ALL3_AGREE,DOWN,96.18,SELL CALLS,ADD_POSITION,Month 3 (late add),2025-10,DOWN,32.4,NO,2025-11,DOWN,54.6,NO,2025-12,DOWN
PDMJEPAPER,2025-Q4,ALL3_AGREE,DOWN,96.18,SELL CALLS,ADD_POSITION,Month 3 (late add),2025-10,DOWN,38.4,NO,2025-11,DOWN,65.5,NO,2025-12,DOWN
PDSL,2025-Q4,ALL3_AGREE,UP,96.18,SELL PUTS,ADD_POSITION,Month 3 (late add),2025-10,UP,62.1,YES,2025-11,UP,20.9,NO,2025-12,UP
PDSL,2026-Q1,ALL3_AGREE,DOWN,96.18,SELL CALLS,ADD_POSITION,Month 3 (late add),2026-01,DOWN,51.0,NO,2026-02,DOWN,42.8,NO,2026-03,DOWN
PENINLAND,2025-Q4,ALL3_AGREE,DOWN,96.18,SELL CALLS,ADD_POSITION,Month 3 (late add),2025-10,DOWN,13.3,YES,2025-11,DOWN,66.6,NO,2025-12,DOWN
PENINLAND,2026-Q1,ALL3_AGREE,DOWN,96.18,SELL CALLS,ADD_POSITION,Month 3 (late add),2026-01,DOWN,72.6,NO,2026-02,DOWN,39.2,NO,2026-03,DOWN
PERSISTENT,2025-Q4,ALL3_AGREE,UP,96.18,SELL PUTS,ADD_POSITION,Month 3 (late add),2025-10,UP,90.5,YES,2025-11,UP,56.5,YES,2025-12,UP
PFC,2025-Q4,ALL3_AGREE,DOWN,96.18,SELL CALLS,ADD_POSITION,Month 3 (late add),2025-10,DOWN,20.5,NO,2025-11,DOWN,81.8,NO,2025-12,DOWN
PGHH,2026-Q1,ALL3_AGREE,DOWN,96.18,SELL CALLS,ADD_POSITION,Month 3 (late add),2026-01,DOWN,85.6,NO,2026-02,DOWN,57.9,NO,2026-03,DOWN
PGHL,2026-Q1,ALL3_AGREE,DOWN,96.18,SELL CALLS,ADD_POSITION,Month 3 (late add),2026-01,DOWN,61.4,NO,2026-02,DOWN,51.8,NO,2026-03,DOWN
PGIL,2026-Q1,ALL3_AGREE,DOWN,96.18,SELL CALLS,ADD_POSITION,Month 3 (late add),2026-01,DOWN,14.7,NO,2026-02,DOWN,10.9,NO,2026-03,DOWN
PHARMABEES,2025-Q4,ALL3_AGREE,UP,96.18,SELL PUTS,ADD_POSITION,Month 3 (late add),2025-10,UP,36.2,YES,2025-11,UP,46.2,YES,2025-12,UP
PHOENIXLTD,2025-Q4,ALL3_AGREE,UP,96.18,SELL PUTS,ADD_POSITION,Month 3 (late add),2025-10,UP,78.7,YES,2025-11,UP,30.0,YES,2025-12,UP
PICCADIL,2025-Q4,ALL3_AGREE,DOWN,96.18,SELL CALLS,ADD_POSITION,Month 3 (late add),2025-10,DOWN,9.8,YES,2025-11,DOWN,82.3,NO,2025-12,DOWN
PIIND,2025-Q4,ALL3_AGREE,DOWN,96.18,SELL CALLS,ADD_POSITION,Month 3 (late add),2025-10,DOWN,28.3,YES,2025-11,DOWN,38.4,NO,2025-12,DOWN
PIIND,2026-Q1,ALL3_AGREE,DOWN,96.18,SELL CALLS,ADD_POSITION,Month 3 (late add),2026-01,DOWN,33.6,NO,2026-02,DOWN,23.3,NO,2026-03,DOWN
PILANIINVS,2026-Q1,ALL3_AGREE,DOWN,96.18,SELL CALLS,ADD_POSITION,Month 3 (late add),2026-01,DOWN,89.7,NO,2026-02,DOWN,30.5,NO,2026-03,DOWN
PILITA,2025-Q4,ALL3_AGREE,DOWN,96.18,SELL CALLS,ADD_POSITION,Month 3 (late add),2025-10,DOWN,53.6,NO,2025-11,DOWN,24.5,NO,2025-12,DOWN
PILITA,2026-Q1,ALL3_AGREE,DOWN,96.18,SELL CALLS,ADD_POSITION,Month 3 (late add),2026-01,DOWN,42.0,NO,2026-02,DOWN,44.9,NO,2026-03,DOWN
PIRAMALFIN,2026-Q1,ALL3_AGREE,UP,96.18,SELL PUTS,ADD_POSITION,Month 3 (late add),2026-01,UP,25.9,YES,2026-02,UP,10.6,YES,2026-03,UP
PITTIENG,2025-Q4,ALL3_AGREE,DOWN,96.18,SELL CALLS,ADD_POSITION,Month 3 (late add),2025-10,DOWN,43.7,NO,2025-11,DOWN,64.9,NO,2025-12,DOWN
PLASTIBLEN,2025-Q4,ALL3_AGREE,DOWN,96.18,SELL CALLS,ADD_POSITION,Month 3 (late add),2025-10,DOWN,24.5,NO,2025-11,DOWN,59.4,NO,2025-12,DOWN
PLASTIBLEN,2026-Q1,ALL3_AGREE,DOWN,96.18,SELL CALLS,ADD_POSITION,Month 3 (late add),2026-01,DOWN,57.8,NO,2026-02,DOWN,17.5,NO,2026-03,DOWN
PNBGILTS,2025-Q4,ALL3_AGREE,DOWN,96.18,SELL CALLS,ADD_POSITION,Month 3 (late add),2025-10,DOWN,31.0,NO,2025-11,DOWN,83.1,NO,2025-12,DOWN
PNBGILTS,2026-Q1,ALL3_AGREE,DOWN,96.18,SELL CALLS,ADD_POSITION,Month 3 (late add),2026-01,DOWN,15.9,NO,2026-02,DOWN,16.7,YES,2026-03,DOWN
PNCINFRA,2026-Q1,ALL3_AGREE,DOWN,96.18,SELL CALLS,ADD_POSITION,Month 3 (late add),2026-01,DOWN,68.3,NO,2026-02,DOWN,28.4,NO,2026-03,DOWN
POCL,2026-Q1,ALL3_AGREE,DOWN,96.18,SELL CALLS,ADD_POSITION,Month 3 (late add),2026-01,DOWN,63.9,NO,2026-02,DOWN,22.0,NO,2026-03,DOWN
PODDARMENT,2026-Q1,ALL3_AGREE,DOWN,96.18,SELL CALLS,ADD_POSITION,Month 3 (late add),2026-01,DOWN,77.1,NO,2026-02,DOWN,9.0,NO,2026-03,DOWN
POLICYBZR,2026-Q1,ALL3_AGREE,DOWN,96.18,SELL CALLS,ADD_POSITION,Month 3 (late add),2026-01,DOWN,74.0,NO,2026-02,DOWN,66.5,NO,2026-03,DOWN
POONAWALLA,2025-Q4,ALL3_AGREE,DOWN,96.18,SELL CALLS,ADD_POSITION,Month 3 (late add),2025-10,DOWN,21.4,NO,2025-11,DOWN,9.1,YES,2025-12,DOWN
POWERMECH,2025-Q4,ALL3_AGREE,DOWN,96.18,SELL CALLS,ADD_POSITION,Month 3 (late add),2025-10,DOWN,41.1,NO,2025-11,DOWN,42.5,NO,2025-12,DOWN
PPL,2026-Q1,ALL3_AGREE,DOWN,96.18,SELL CALLS,ADD_POSITION,Month 3 (late add),2026-01,DOWN,47.5,NO,2026-02,DOWN,27.0,NO,2026-03,DOWN
PRABHA,2025-Q4,ALL3_AGREE,DOWN,96.18,SELL CALLS,ADD_POSITION,Month 3 (late add),2025-10,DOWN,14.3,NO,2025-11,DOWN,40.2,NO,2025-12,DOWN
PRAENG,2026-Q1,ALL3_AGREE,DOWN,96.18,SELL CALLS,ADD_POSITION,Month 3 (late add),2026-01,DOWN,63.9,NO,2026-02,DOWN,36.0,NO,2026-03,DOWN
PRAKASHSTL,2026-Q1,ALL3_AGREE,DOWN,96.18,SELL CALLS,ADD_POSITION,Month 3 (late add),2026-01,DOWN,66.9,NO,2026-02,DOWN,52.5,NO,2026-03,DOWN
PRECAM,2025-Q4,ALL3_AGREE,DOWN,96.18,SELL CALLS,ADD_POSITION,Month 3 (late add),2025-10,DOWN,30.0,NO,2025-11,DOWN,47.7,NO,2025-12,DOWN
PRECAM,2026-Q1,ALL3_AGREE,DOWN,96.18,SELL CALLS,ADD_POSITION,Month 3 (late add),2026-01,DOWN,41.1,NO,2026-02,DOWN,33.7,NO,2026-03,DOWN
PRECWIRE,2025-Q4,ALL3_AGREE,UP,96.18,SELL PUTS,ADD_POSITION,Month 3 (late add),2025-10,UP,75.7,YES,2025-11,UP,50.0,YES,2025-12,UP
PREMIER,2026-Q1,ALL3_AGREE,DOWN,96.18,SELL CALLS,ADD_POSITION,Month 3 (late add),2026-01,DOWN,41.5,YES,2026-02,DOWN,32.7,NO,2026-03,DOWN
PREMIERPOL,2026-Q1,ALL3_AGREE,UP,96.18,SELL PUTS,ADD_POSITION,Month 3 (late add),2026-01,UP,40.2,YES,2026-02,UP,28.5,YES,2026-03,UP
PRICOLLTD,2025-Q4,ALL3_AGREE,UP,96.18,SELL PUTS,ADD_POSITION,Month 3 (late add),2025-10,UP,20.4,NO,2025-11,UP,52.9,YES,2025-12,UP
PRINCEPIPE,2025-Q4,ALL3_AGREE,DOWN,96.18,SELL CALLS,ADD_POSITION,Month 3 (late add),2025-10,DOWN,4.4,YES,2025-11,DOWN,77.9,NO,2025-12,DOWN
PRITI,2026-Q1,ALL3_AGREE,DOWN,96.18,SELL CALLS,ADD_POSITION,Month 3 (late add),2026-01,DOWN,82.6,NO,2026-02,DOWN,71.4,NO,2026-03,DOWN
PRITIKAUTO,2025-Q4,ALL3_AGREE,DOWN,96.18,SELL CALLS,ADD_POSITION,Month 3 (late add),2025-10,DOWN,38.1,NO,2025-11,DOWN,73.1,NO,2025-12,DOWN
PROTEAN,2025-Q4,ALL3_AGREE,DOWN,96.18,SELL CALLS,ADD_POSITION,Month 3 (late add),2025-10,DOWN,46.5,NO,2025-11,DOWN,42.8,NO,2025-12,DOWN
PROTEAN,2026-Q1,ALL3_AGREE,DOWN,96.18,SELL CALLS,ADD_POSITION,Month 3 (late add),2026-01,DOWN,81.3,NO,2026-02,DOWN,17.5,NO,2026-03,DOWN
PSB,2026-Q1,ALL3_AGREE,DOWN,96.18,SELL CALLS,ADD_POSITION,Month 3 (late add),2026-01,DOWN,4.8,YES,2026-02,DOWN,7.9,YES,2026-03,DOWN
PVP,2025-Q4,ALL3_AGREE,UP,96.18,SELL PUTS,ADD_POSITION,Month 3 (late add),2025-10,UP,34.9,YES,2025-11,UP,46.1,YES,2025-12,UP
PVP,2026-Q1,ALL3_AGREE,DOWN,96.18,SELL CALLS,ADD_POSITION,Month 3 (late add),2026-01,DOWN,67.6,NO,2026-02,DOWN,78.8,NO,2026-03,DOWN
PVSL,2025-Q4,ALL3_AGREE,DOWN,96.18,SELL CALLS,ADD_POSITION,Month 3 (late add),2025-10,DOWN,9.8,NO,2025-11,DOWN,34.2,NO,2025-12,DOWN
PVSL,2026-Q1,ALL3_AGREE,DOWN,96.18,SELL CALLS,ADD_POSITION,Month 3 (late add),2026-01,DOWN,34.2,NO,2026-02,DOWN,31.0,NO,2026-03,DOWN
QGOLDHALF,2025-Q4,ALL3_AGREE,UP,96.18,SELL PUTS,ADD_POSITION,Month 3 (late add),2025-10,UP,40.7,YES,2025-11,UP,42.5,YES,2025-12,UP
QNIFTY,2026-Q1,ALL3_AGREE,DOWN,96.18,SELL CALLS,ADD_POSITION,Month 3 (late add),2026-01,DOWN,48.9,NO,2026-02,DOWN,96.1,NO,2026-03,DOWN
QUALITY30,2026-Q1,ALL3_AGREE,DOWN,96.18,SELL CALLS,ADD_POSITION,Month 3 (late add),2026-01,DOWN,18.6,YES,2026-02,DOWN,24.3,NO,2026-03,DOWN
QUESS,2026-Q1,ALL3_AGREE,DOWN,96.18,SELL CALLS,ADD_POSITION,Month 3 (late add),2026-01,DOWN,1.8,NO,2026-02,DOWN,49.5,NO,2026-03,DOWN
QUICKHEAL,2026-Q1,ALL3_AGREE,DOWN,96.18,SELL CALLS,ADD_POSITION,Month 3 (late add),2026-01,DOWN,85.7,NO,2026-02,DOWN,57.1,NO,2026-03,DOWN
QUINTEGRA,2025-Q4,ALL3_AGREE,DOWN,96.18,SELL CALLS,ADD_POSITION,Month 3 (late add),2025-10,DOWN,42.3,NO,2025-11,DOWN,12.5,NO,2025-12,DOWN
QUINTEGRA,2026-Q1,ALL3_AGREE,DOWN,96.18,SELL CALLS,ADD_POSITION,Month 3 (late add),2026-01,DOWN,20.0,NO,2026-02,DOWN,64.7,NO,2026-03,DOWN
RACE,2025-Q4,ALL3_AGREE,DOWN,96.18,SELL CALLS,ADD_POSITION,Month 3 (late add),2025-10,DOWN,37.7,NO,2025-11,DOWN,72.7,NO,2025-12,DOWN
RADHIKAJWE,2026-Q1,ALL3_AGREE,DOWN,96.18,SELL CALLS,ADD_POSITION,Month 3 (late add),2026-01,DOWN,33.7,NO,2026-02,DOWN,4.0,NO,2026-03,DOWN
RADICO,2025-Q4,ALL3_AGREE,UP,96.18,SELL PUTS,ADD_POSITION,Month 3 (late add),2025-10,UP,44.0,YES,2025-11,UP,12.1,YES,2025-12,UP
RAILTEL,2026-Q1,ALL3_AGREE,DOWN,96.18,SELL CALLS,ADD_POSITION,Month 3 (late add),2026-01,DOWN,34.0,NO,2026-02,DOWN,71.6,NO,2026-03,DOWN
RAJESHEXPO,2025-Q4,ALL3_AGREE,UP,96.18,SELL PUTS,ADD_POSITION,Month 3 (late add),2025-10,UP,0.8,NO,2025-11,UP,24.8,YES,2025-12,UP
RAJESHEXPO,2026-Q1,ALL3_AGREE,DOWN,96.18,SELL CALLS,ADD_POSITION,Month 3 (late add),2026-01,DOWN,71.2,NO,2026-02,DOWN,33.8,NO,2026-03,DOWN
RAJMET,2026-Q1,ALL3_AGREE,DOWN,96.18,SELL CALLS,ADD_POSITION,Month 3 (late add),2026-01,DOWN,59.3,NO,2026-02,DOWN,57.8,NO,2026-03,DOWN
RAJSREESUG,2026-Q1,ALL3_AGREE,DOWN,96.18,SELL CALLS,ADD_POSITION,Month 3 (late add),2026-01,DOWN,81.4,NO,2026-02,DOWN,31.8,NO,2026-03,DOWN
RAJTV,2026-Q1,ALL3_AGREE,DOWN,96.18,SELL CALLS,ADD_POSITION,Month 3 (late add),2026-01,DOWN,74.3,NO,2026-02,DOWN,10.6,YES,2026-03,DOWN
RAMANEWS,2026-Q1,ALL3_AGREE,UP,96.18,SELL PUTS,ADD_POSITION,Month 3 (late add),2026-01,UP,34.9,NO,2026-02,UP,63.7,YES,2026-03,UP
RAMAPHO,2026-Q1,ALL3_AGREE,DOWN,96.18,SELL CALLS,ADD_POSITION,Month 3 (late add),2026-01,DOWN,17.6,NO,2026-02,DOWN,56.2,NO,2026-03,DOWN
RAMASTEEL,2025-Q4,ALL3_AGREE,DOWN,96.18,SELL CALLS,ADD_POSITION,Month 3 (late add),2025-10,DOWN,45.9,YES,2025-11,DOWN,23.1,NO,2025-12,DOWN
RAMASTEEL,2026-Q1,ALL3_AGREE,DOWN,96.18,SELL CALLS,ADD_POSITION,Month 3 (late add),2026-01,DOWN,65.2,NO,2026-02,DOWN,82.5,NO,2026-03,DOWN
RAMCOIND,2026-Q1,ALL3_AGREE,DOWN,96.18,SELL CALLS,ADD_POSITION,Month 3 (late add),2026-01,DOWN,6.9,YES,2026-02,DOWN,46.3,NO,2026-03,DOWN
RAMCOSYS,2026-Q1,ALL3_AGREE,DOWN,96.18,SELL CALLS,ADD_POSITION,Month 3 (late add),2026-01,DOWN,55.5,NO,2026-02,DOWN,11.5,NO,2026-03,DOWN
RAMRAT,2025-Q4,ALL3_AGREE,DOWN,96.18,SELL CALLS,ADD_POSITION,Month 3 (late add),2025-10,DOWN,3.8,NO,2025-11,DOWN,9.8,NO,2025-12,DOWN
RANASUG,2025-Q4,ALL3_AGREE,DOWN,96.18,SELL CALLS,ADD_POSITION,Month 3 (late add),2025-10,DOWN,35.4,YES,2025-11,DOWN,76.0,NO,2025-12,DOWN
RANEHOLDIN,2025-Q4,ALL3_AGREE,DOWN,96.18,SELL CALLS,ADD_POSITION,Month 3 (late add),2025-10,DOWN,26.7,NO,2025-11,DOWN,64.3,NO,2025-12,DOWN
RANEHOLDIN,2026-Q1,ALL3_AGREE,DOWN,96.18,SELL CALLS,ADD_POSITION,Month 3 (late add),2026-01,DOWN,20.6,NO,2026-02,DOWN,30.3,NO,2026-03,DOWN
RATEGAIN,2026-Q1,ALL3_AGREE,DOWN,96.18,SELL CALLS,ADD_POSITION,Month 3 (late add),2026-01,DOWN,55.8,NO,2026-02,DOWN,47.9,NO,2026-03,DOWN
RATNAMANI,2026-Q1,ALL3_AGREE,UP,96.18,SELL PUTS,ADD_POSITION,Month 3 (late add),2026-01,UP,53.2,NO,2026-02,UP,40.9,YES,2026-03,UP
RAYMONDLSL,2025-Q4,ALL3_AGREE,DOWN,96.18,SELL CALLS,ADD_POSITION,Month 3 (late add),2025-10,DOWN,13.3,YES,2025-11,DOWN,42.5,NO,2025-12,DOWN
RAYMONDREL,2026-Q1,ALL3_AGREE,DOWN,96.18,SELL CALLS,ADD_POSITION,Month 3 (late add),2026-01,DOWN,12.9,NO,2026-02,DOWN,83.2,NO,2026-03,DOWN
RBZJEWEL,2026-Q1,ALL3_AGREE,DOWN,96.18,SELL CALLS,ADD_POSITION,Month 3 (late add),2026-01,DOWN,16.8,NO,2026-02,DOWN,26.0,NO,2026-03,DOWN
RECLTD,2025-Q4,ALL3_AGREE,DOWN,96.18,SELL CALLS,ADD_POSITION,Month 3 (late add),2025-10,DOWN,13.2,YES,2025-11,DOWN,48.2,NO,2025-12,DOWN
RECLTD,2026-Q1,ALL3_AGREE,DOWN,96.18,SELL CALLS,ADD_POSITION,Month 3 (late add),2026-01,DOWN,12.1,YES,2026-02,DOWN,35.0,NO,2026-03,DOWN
REDTAPE,2025-Q4,ALL3_AGREE,DOWN,96.18,SELL CALLS,ADD_POSITION,Month 3 (late add),2025-10,DOWN,45.4,NO,2025-11,DOWN,42.7,NO,2025-12,DOWN
REDTAPE,2026-Q1,ALL3_AGREE,DOWN,96.18,SELL CALLS,ADD_POSITION,Month 3 (late add),2026-01,DOWN,4.4,YES,2026-02,DOWN,28.6,NO,2026-03,DOWN
REFEX,2025-Q4,ALL3_AGREE,DOWN,96.18,SELL CALLS,ADD_POSITION,Month 3 (late add),2025-10,DOWN,25.3,YES,2025-11,DOWN,37.8,NO,2025-12,DOWN
RELAXO,2026-Q1,ALL3_AGREE,DOWN,96.18,SELL CALLS,ADD_POSITION,Month 3 (late add),2026-01,DOWN,19.8,NO,2026-02,DOWN,50.5,NO,2026-03,DOWN
RELCHEMQ,2025-Q4,ALL3_AGREE,DOWN,96.18,SELL CALLS,ADD_POSITION,Month 3 (late add),2025-10,DOWN,52.3,NO,2025-11,DOWN,9.7,NO,2025-12,DOWN
RELIABLE,2026-Q1,ALL3_AGREE,DOWN,96.18,SELL CALLS,ADD_POSITION,Month 3 (late add),2026-01,DOWN,30.6,YES,2026-02,DOWN,68.4,NO,2026-03,DOWN
RELIANCE,2025-Q4,ALL3_AGREE,UP,96.18,SELL PUTS,ADD_POSITION,Month 3 (late add),2025-10,UP,79.3,YES,2025-11,UP,74.6,YES,2025-12,UP
RELINFRA,2025-Q4,ALL3_AGREE,DOWN,96.18,SELL CALLS,ADD_POSITION,Month 3 (late add),2025-10,DOWN,48.4,NO,2025-11,DOWN,61.6,NO,2025-12,DOWN
RELINFRA,2026-Q1,ALL3_AGREE,DOWN,96.18,SELL CALLS,ADD_POSITION,Month 3 (late add),2026-01,DOWN,100.0,NO,2026-02,DOWN,85.8,NO,2026-03,DOWN
RELTD,2026-Q1,ALL3_AGREE,DOWN,96.18,SELL CALLS,ADD_POSITION,Month 3 (late add),2026-01,DOWN,46.2,NO,2026-02,DOWN,8.5,NO,2026-03,DOWN
REPL,2025-Q4,ALL3_AGREE,DOWN,96.18,SELL CALLS,ADD_POSITION,Month 3 (late add),2025-10,DOWN,32.4,NO,2025-11,DOWN,68.9,NO,2025-12,DOWN
REPL,2026-Q1,ALL3_AGREE,DOWN,96.18,SELL CALLS,ADD_POSITION,Month 3 (late add),2026-01,DOWN,13.8,NO,2026-02,DOWN,95.8,NO,2026-03,DOWN
RETAIL,2025-Q4,ALL3_AGREE,DOWN,96.18,SELL CALLS,ADD_POSITION,Month 3 (late add),2025-10,DOWN,63.6,NO,2025-11,DOWN,79.5,NO,2025-12,DOWN
RHETAN,2025-Q4,ALL3_AGREE,UP,96.18,SELL PUTS,ADD_POSITION,Month 3 (late add),2025-10,UP,74.7,YES,2025-11,UP,17.5,NO,2025-12,UP
RHFL,2025-Q4,ALL3_AGREE,DOWN,96.18,SELL CALLS,ADD_POSITION,Month 3 (late add),2025-10,DOWN,52.2,NO,2025-11,DOWN,57.1,NO,2025-12,DOWN
RHL,2025-Q4,ALL3_AGREE,DOWN,96.18,SELL CALLS,ADD_POSITION,Month 3 (late add),2025-10,DOWN,31.4,NO,2025-11,DOWN,64.2,NO,2025-12,DOWN
RITES,2026-Q1,ALL3_AGREE,DOWN,96.18,SELL CALLS,ADD_POSITION,Month 3 (late add),2026-01,DOWN,43.8,NO,2026-02,DOWN,74.5,NO,2026-03,DOWN
RKDL,2025-Q4,ALL3_AGREE,DOWN,96.18,SELL CALLS,ADD_POSITION,Month 3 (late add),2025-10,DOWN,40.5,NO,2025-11,DOWN,33.3,NO,2025-12,DOWN
RKSWAMY,2025-Q4,ALL3_AGREE,DOWN,96.18,SELL CALLS,ADD_POSITION,Month 3 (late add),2025-10,DOWN,71.4,NO,2025-11,DOWN,65.2,NO,2025-12,DOWN
RNBDENIMS,2025-Q4,ALL3_AGREE,UP,96.18,SELL PUTS,ADD_POSITION,Month 3 (late add),2025-10,UP,14.5,YES,2025-11,UP,13.3,NO,2025-12,UP
ROHLTD,2025-Q4,ALL3_AGREE,DOWN,96.18,SELL CALLS,ADD_POSITION,Month 3 (late add),2025-10,DOWN,51.7,NO,2025-11,DOWN,58.0,NO,2025-12,DOWN
ROLTA,2025-Q4,ALL3_AGREE,DOWN,96.18,SELL CALLS,ADD_POSITION,Month 3 (late add),2025-10,DOWN,6.7,NO,2025-11,DOWN,52.9,NO,2025-12,DOWN
ROSSELLIND,2025-Q4,ALL3_AGREE,DOWN,96.18,SELL CALLS,ADD_POSITION,Month 3 (late add),2025-10,DOWN,64.4,NO,2025-11,DOWN,21.3,NO,2025-12,DOWN
ROUTE,2026-Q1,ALL3_AGREE,DOWN,96.18,SELL CALLS,ADD_POSITION,Month 3 (late add),2026-01,DOWN,75.3,NO,2026-02,DOWN,50.7,NO,2026-03,DOWN
RPEL,2026-Q1,ALL3_AGREE,DOWN,96.18,SELL CALLS,ADD_POSITION,Month 3 (late add),2026-01,DOWN,67.9,NO,2026-02,DOWN,20.5,NO,2026-03,DOWN
RPOWER,2025-Q4,ALL3_AGREE,DOWN,96.18,SELL CALLS,ADD_POSITION,Month 3 (late add),2025-10,DOWN,25.3,YES,2025-11,DOWN,61.8,NO,2025-12,DOWN
RPPINFRA,2025-Q4,ALL3_AGREE,DOWN,96.18,SELL CALLS,ADD_POSITION,Month 3 (late add),2025-10,DOWN,46.6,NO,2025-11,DOWN,68.1,NO,2025-12,DOWN
RPPINFRA,2026-Q1,ALL3_AGREE,DOWN,96.18,SELL CALLS,ADD_POSITION,Month 3 (late add),2026-01,DOWN,89.2,NO,2026-02,DOWN,50.8,NO,2026-03,DOWN
RPSGVENT,2025-Q4,ALL3_AGREE,DOWN,96.18,SELL CALLS,ADD_POSITION,Month 3 (late add),2025-10,DOWN,39.9,NO,2025-11,DOWN,20.4,NO,2025-12,DOWN
RPSGVENT,2026-Q1,ALL3_AGREE,DOWN,96.18,SELL CALLS,ADD_POSITION,Month 3 (late add),2026-01,DOWN,20.9,NO,2026-02,DOWN,21.7,NO,2026-03,DOWN
RPTECH,2025-Q4,ALL3_AGREE,UP,96.18,SELL PUTS,ADD_POSITION,Month 3 (late add),2025-10,UP,3.6,YES,2025-11,UP,2.2,NO,2025-12,UP
RSSOFTWARE,2026-Q1,ALL3_AGREE,DOWN,96.18,SELL CALLS,ADD_POSITION,Month 3 (late add),2026-01,DOWN,82.9,NO,2026-02,DOWN,57.9,NO,2026-03,DOWN
RTNINDIA,2025-Q4,ALL3_AGREE,DOWN,96.18,SELL CALLS,ADD_POSITION,Month 3 (late add),2025-10,DOWN,14.5,YES,2025-11,DOWN,86.1,NO,2025-12,DOWN
RTNINDIA,2026-Q1,ALL3_AGREE,DOWN,96.18,SELL CALLS,ADD_POSITION,Month 3 (late add),2026-01,DOWN,48.7,NO,2026-02,DOWN,66.4,NO,2026-03,DOWN
RTNPOWER,2025-Q4,ALL3_AGREE,DOWN,96.18,SELL CALLS,ADD_POSITION,Month 3 (late add),2025-10,DOWN,26.9,NO,2025-11,DOWN,73.4,NO,2025-12,DOWN
RUBFILA,2026-Q1,ALL3_AGREE,DOWN,96.18,SELL CALLS,ADD_POSITION,Month 3 (late add),2026-01,DOWN,71.2,NO,2026-02,DOWN,50.2,NO,2026-03,DOWN
RUBICON,2025-Q4,ALL3_AGREE,UP,96.18,SELL PUTS,ADD_POSITION,Month 3 (late add),2025-10,UP,6.0,NO,2025-11,UP,24.4,YES,2025-12,UP
RUCHINFRA,2025-Q4,ALL3_AGREE,DOWN,96.18,SELL CALLS,ADD_POSITION,Month 3 (late add),2025-10,DOWN,27.8,YES,2025-11,DOWN,48.7,NO,2025-12,DOWN
RUCHIRA,2025-Q4,ALL3_AGREE,DOWN,96.18,SELL CALLS,ADD_POSITION,Month 3 (late add),2025-10,DOWN,52.1,NO,2025-11,DOWN,77.5,NO,2025-12,DOWN
RUCHIRA,2026-Q1,ALL3_AGREE,DOWN,96.18,SELL CALLS,ADD_POSITION,Month 3 (late add),2026-01,DOWN,49.8,NO,2026-02,DOWN,25.1,NO,2026-03,DOWN
RUPA,2025-Q4,ALL3_AGREE,DOWN,96.18,SELL CALLS,ADD_POSITION,Month 3 (late add),2025-10,DOWN,56.4,NO,2025-11,DOWN,58.0,NO,2025-12,DOWN
RUPA,2026-Q1,ALL3_AGREE,DOWN,96.18,SELL CALLS,ADD_POSITION,Month 3 (late add),2026-01,DOWN,39.7,NO,2026-02,DOWN,52.3,NO,2026-03,DOWN
RUSHIL,2026-Q1,ALL3_AGREE,DOWN,96.18,SELL CALLS,ADD_POSITION,Month 3 (late add),2026-01,DOWN,60.7,NO,2026-02,DOWN,28.8,NO,2026-03,DOWN
RUSTOMJEE,2025-Q4,ALL3_AGREE,DOWN,96.18,SELL CALLS,ADD_POSITION,Month 3 (late add),2025-10,DOWN,32.7,NO,2025-11,DOWN,33.9,NO,2025-12,DOWN
RUSTOMJEE,2026-Q1,ALL3_AGREE,DOWN,96.18,SELL CALLS,ADD_POSITION,Month 3 (late add),2026-01,DOWN,30.9,NO,2026-02,DOWN,70.2,NO,2026-03,DOWN
RVHL,2025-Q4,ALL3_AGREE,UP,96.18,SELL PUTS,ADD_POSITION,Month 3 (late add),2025-10,UP,25.3,YES,2025-11,UP,3.8,NO,2025-12,UP
RVHL,2026-Q1,ALL3_AGREE,DOWN,96.18,SELL CALLS,ADD_POSITION,Month 3 (late add),2026-01,DOWN,70.5,NO,2026-02,DOWN,17.7,NO,2026-03,DOWN
RVNL,2026-Q1,ALL3_AGREE,DOWN,96.18,SELL CALLS,ADD_POSITION,Month 3 (late add),2026-01,DOWN,25.7,NO,2026-02,DOWN,58.0,NO,2026-03,DOWN
RVTH,2025-Q4,ALL3_AGREE,DOWN,96.18,SELL CALLS,ADD_POSITION,Month 3 (late add),2025-10,DOWN,55.7,NO,2025-11,DOWN,99.3,NO,2025-12,DOWN
RVTH,2026-Q1,ALL3_AGREE,DOWN,96.18,SELL CALLS,ADD_POSITION,Month 3 (late add),2026-01,DOWN,73.3,NO,2026-02,DOWN,45.3,NO,2026-03,DOWN
SADBHIN,2026-Q1,ALL3_AGREE,DOWN,96.18,SELL CALLS,ADD_POSITION,Month 3 (late add),2026-01,DOWN,57.6,NO,2026-02,DOWN,15.2,NO,2026-03,DOWN
SADHNANIQ,2026-Q1,ALL3_AGREE,DOWN,96.18,SELL CALLS,ADD_POSITION,Month 3 (late add),2026-01,DOWN,74.7,NO,2026-02,DOWN,86.3,NO,2026-03,DOWN
SAFARI,2026-Q1,ALL3_AGREE,DOWN,96.18,SELL CALLS,ADD_POSITION,Month 3 (late add),2026-01,DOWN,49.2,NO,2026-02,DOWN,4.4,YES,2026-03,DOWN
SAGARDEEP,2026-Q1,ALL3_AGREE,DOWN,96.18,SELL CALLS,ADD_POSITION,Month 3 (late add),2026-01,DOWN,24.4,NO,2026-02,DOWN,64.2,NO,2026-03,DOWN
SAGCEM,2025-Q4,ALL3_AGREE,DOWN,96.18,SELL CALLS,ADD_POSITION,Month 3 (late add),2025-10,DOWN,64.6,NO,2025-11,DOWN,54.7,NO,2025-12,DOWN
SAGILITY,2026-Q1,ALL3_AGREE,DOWN,96.18,SELL CALLS,ADD_POSITION,Month 3 (late add),2026-01,DOWN,44.6,NO,2026-02,DOWN,69.8,NO,2026-03,DOWN
SAKAR,2026-Q1,ALL3_AGREE,UP,96.18,SELL PUTS,ADD_POSITION,Month 3 (late add),2026-01,UP,19.0,NO,2026-02,UP,49.1,YES,2026-03,UP
SAKHTISUG,2026-Q1,ALL3_AGREE,DOWN,96.18,SELL CALLS,ADD_POSITION,Month 3 (late add),2026-01,DOWN,67.9,NO,2026-02,DOWN,35.7,NO,2026-03,DOWN
SAKSOFT,2026-Q1,ALL3_AGREE,DOWN,96.18,SELL CALLS,ADD_POSITION,Month 3 (late add),2026-01,DOWN,77.1,NO,2026-02,DOWN,78.5,NO,2026-03,DOWN
SALSTEEL,2025-Q4,ALL3_AGREE,UP,96.18,SELL PUTS,ADD_POSITION,Month 3 (late add),2025-10,UP,83.2,YES,2025-11,UP,26.1,YES,2025-12,UP
SAMBHAAV,2026-Q1,ALL3_AGREE,DOWN,96.18,SELL CALLS,ADD_POSITION,Month 3 (late add),2026-01,DOWN,65.8,NO,2026-02,DOWN,27.0,NO,2026-03,DOWN
SAMBHV,2025-Q4,ALL3_AGREE,DOWN,96.18,SELL CALLS,ADD_POSITION,Month 3 (late add),2025-10,DOWN,21.0,YES,2025-11,DOWN,35.6,NO,2025-12,DOWN
SAMHI,2026-Q1,ALL3_AGREE,DOWN,96.18,SELL CALLS,ADD_POSITION,Month 3 (late add),2026-01,DOWN,35.7,NO,2026-02,DOWN,31.7,NO,2026-03,DOWN
SANATHAN,2025-Q4,ALL3_AGREE,DOWN,96.18,SELL CALLS,ADD_POSITION,Month 3 (late add),2025-10,DOWN,44.9,NO,2025-11,DOWN,21.0,NO,2025-12,DOWN
SANDESH,2025-Q4,ALL3_AGREE,DOWN,96.18,SELL CALLS,ADD_POSITION,Month 3 (late add),2025-10,DOWN,18.2,NO,2025-11,DOWN,49.9,NO,2025-12,DOWN
SANDUMA,2026-Q1,ALL3_AGREE,DOWN,96.18,SELL CALLS,ADD_POSITION,Month 3 (late add),2026-01,DOWN,32.4,NO,2026-02,DOWN,1.0,NO,2026-03,DOWN
SANGAMIND,2025-Q4,ALL3_AGREE,UP,96.18,SELL PUTS,ADD_POSITION,Month 3 (late add),2025-10,UP,19.9,YES,2025-11,UP,16.5,NO,2025-12,UP
SANGHVIMOV,2026-Q1,ALL3_AGREE,DOWN,96.18,SELL CALLS,ADD_POSITION,Month 3 (late add),2026-01,DOWN,54.3,NO,2026-02,DOWN,58.2,NO,2026-03,DOWN
SANGINITA,2026-Q1,ALL3_AGREE,UP,96.18,SELL PUTS,ADD_POSITION,Month 3 (late add),2026-01,UP,34.4,YES,2026-02,UP,50.4,YES,2026-03,UP
SANOFI,2026-Q1,ALL3_AGREE,DOWN,96.18,SELL CALLS,ADD_POSITION,Month 3 (late add),2026-01,DOWN,30.2,NO,2026-02,DOWN,29.2,NO,2026-03,DOWN
SANWARIA,2025-Q4,ALL3_AGREE,DOWN,96.18,SELL CALLS,ADD_POSITION,Month 3 (late add),2025-10,DOWN,100.0,NO,2025-11,DOWN,0.0,NO,2025-12,DOWN
SAREGAMA,2025-Q4,ALL3_AGREE,DOWN,96.18,SELL CALLS,ADD_POSITION,Month 3 (late add),2025-10,DOWN,58.2,NO,2025-11,DOWN,62.6,NO,2025-12,DOWN
SARLAPOLY,2026-Q1,ALL3_AGREE,DOWN,96.18,SELL CALLS,ADD_POSITION,Month 3 (late add),2026-01,DOWN,19.6,NO,2026-02,DOWN,31.4,NO,2026-03,DOWN
SARVESHWAR,2026-Q1,ALL3_AGREE,DOWN,96.18,SELL CALLS,ADD_POSITION,Month 3 (late add),2026-01,DOWN,53.7,NO,2026-02,DOWN,91.7,NO,2026-03,DOWN
SASKEN,2026-Q1,ALL3_AGREE,DOWN,96.18,SELL CALLS,ADD_POSITION,Month 3 (late add),2026-01,DOWN,78.5,NO,2026-02,DOWN,33.7,NO,2026-03,DOWN
SATIA,2025-Q4,ALL3_AGREE,DOWN,96.18,SELL CALLS,ADD_POSITION,Month 3 (late add),2025-10,DOWN,36.2,NO,2025-11,DOWN,92.2,NO,2025-12,DOWN
SAURASHCEM,2025-Q4,ALL3_AGREE,DOWN,96.18,SELL CALLS,ADD_POSITION,Month 3 (late add),2025-10,DOWN,28.4,NO,2025-11,DOWN,80.8,NO,2025-12,DOWN
SAURASHCEM,2026-Q1,ALL3_AGREE,DOWN,96.18,SELL CALLS,ADD_POSITION,Month 3 (late add),2026-01,DOWN,80.3,NO,2026-02,DOWN,56.2,NO,2026-03,DOWN
SBC,2025-Q4,ALL3_AGREE,UP,96.18,SELL PUTS,ADD_POSITION,Month 3 (late add),2025-10,UP,88.9,YES,2025-11,UP,78.9,YES,2025-12,UP
SBCL,2025-Q4,ALL3_AGREE,DOWN,96.18,SELL CALLS,ADD_POSITION,Month 3 (late add),2025-10,DOWN,22.8,NO,2025-11,DOWN,50.5,NO,2025-12,DOWN
SBIETFCON,2025-Q4,ALL3_AGREE,UP,96.18,SELL PUTS,ADD_POSITION,Month 3 (late add),2025-10,UP,36.0,YES,2025-11,UP,42.6,YES,2025-12,UP
SBIETFIT,2025-Q4,ALL3_AGREE,UP,96.18,SELL PUTS,ADD_POSITION,Month 3 (late add),2025-10,UP,47.1,YES,2025-11,UP,56.4,YES,2025-12,UP
SBIETFQLTY,2025-Q4,ALL3_AGREE,UP,96.18,SELL PUTS,ADD_POSITION,Month 3 (late add),2025-10,UP,47.4,YES,2025-11,UP,16.9,YES,2025-12,UP
SBIETFQLTY,2026-Q1,ALL3_AGREE,DOWN,96.18,SELL CALLS,ADD_POSITION,Month 3 (late add),2026-01,DOWN,12.4,NO,2026-02,DOWN,34.0,NO,2026-03,DOWN
SBILIFE,2025-Q4,ALL3_AGREE,UP,96.18,SELL PUTS,ADD_POSITION,Month 3 (late add),2025-10,UP,79.6,YES,2025-11,UP,14.1,YES,2025-12,UP
SBILIQETF,2025-Q4,ALL3_AGREE,UP,96.18,SELL PUTS,ADD_POSITION,Month 3 (late add),2025-10,UP,100.0,YES,2025-11,UP,48.6,YES,2025-12,UP
SCHAEFFLER,2025-Q4,ALL3_AGREE,DOWN,96.18,SELL CALLS,ADD_POSITION,Month 3 (late add),2025-10,DOWN,21.6,NO,2025-11,DOWN,47.3,NO,2025-12,DOWN
SCHAND,2025-Q4,ALL3_AGREE,DOWN,96.18,SELL CALLS,ADD_POSITION,Month 3 (late add),2025-10,DOWN,45.0,NO,2025-11,DOWN,32.5,NO,2025-12,DOWN
SCHAND,2026-Q1,ALL3_AGREE,DOWN,96.18,SELL CALLS,ADD_POSITION,Month 3 (late add),2026-01,DOWN,1.1,NO,2026-02,DOWN,31.8,NO,2026-03,DOWN
SCODATUBES,2025-Q4,ALL3_AGREE,DOWN,96.18,SELL CALLS,ADD_POSITION,Month 3 (late add),2025-10,DOWN,68.7,NO,2025-11,DOWN,37.1,YES,2025-12,DOWN
SDBL,2026-Q1,ALL3_AGREE,DOWN,96.18,SELL CALLS,ADD_POSITION,Month 3 (late add),2026-01,DOWN,80.0,NO,2026-02,DOWN,45.3,NO,2026-03,DOWN
SEAMECLTD,2025-Q4,ALL3_AGREE,UP,96.18,SELL PUTS,ADD_POSITION,Month 3 (late add),2025-10,UP,22.9,NO,2025-11,UP,27.6,YES,2025-12,UP
SEAMECLTD,2026-Q1,ALL3_AGREE,UP,96.18,SELL PUTS,ADD_POSITION,Month 3 (late add),2026-01,UP,58.5,YES,2026-02,UP,1.2,NO,2026-03,UP
SEJALLTD,2026-Q1,ALL3_AGREE,DOWN,96.18,SELL CALLS,ADD_POSITION,Month 3 (late add),2026-01,DOWN,70.8,NO,2026-02,DOWN,80.5,NO,2026-03,DOWN
SEMAC,2025-Q4,ALL3_AGREE,DOWN,96.18,SELL CALLS,ADD_POSITION,Month 3 (late add),2025-10,DOWN,61.9,NO,2025-11,DOWN,70.5,NO,2025-12,DOWN
SENORES,2026-Q1,ALL3_AGREE,DOWN,96.18,SELL CALLS,ADD_POSITION,Month 3 (late add),2026-01,DOWN,30.0,NO,2026-02,DOWN,23.8,NO,2026-03,DOWN
SEPC,2026-Q1,ALL3_AGREE,DOWN,96.18,SELL CALLS,ADD_POSITION,Month 3 (late add),2026-01,DOWN,76.8,NO,2026-02,DOWN,25.6,NO,2026-03,DOWN
SERVOTECH,2025-Q4,ALL3_AGREE,DOWN,96.18,SELL CALLS,ADD_POSITION,Month 3 (late add),2025-10,DOWN,14.4,NO,2025-11,DOWN,97.5,NO,2025-12,DOWN
SETFNIF50,2025-Q4,ALL3_AGREE,UP,96.18,SELL PUTS,ADD_POSITION,Month 3 (late add),2025-10,UP,50.3,YES,2025-11,UP,28.7,YES,2025-12,UP
SEYAIND,2026-Q1,ALL3_AGREE,DOWN,96.18,SELL CALLS,ADD_POSITION,Month 3 (late add),2026-01,DOWN,19.5,NO,2026-02,DOWN,79.0,NO,2026-03,DOWN
SGFIN,2025-Q4,ALL3_AGREE,UP,96.18,SELL PUTS,ADD_POSITION,Month 3 (late add),2025-10,UP,31.5,YES,2025-11,UP,48.0,YES,2025-12,UP
SGIL,2026-Q1,ALL3_AGREE,DOWN,96.18,SELL CALLS,ADD_POSITION,Month 3 (late add),2026-01,DOWN,17.1,NO,2026-02,DOWN,27.6,YES,2026-03,DOWN
SHAH,2026-Q1,ALL3_AGREE,DOWN,96.18,SELL CALLS,ADD_POSITION,Month 3 (late add),2026-01,DOWN,17.9,NO,2026-02,DOWN,5.8,NO,2026-03,DOWN
SHAHALLOYS,2026-Q1,ALL3_AGREE,DOWN,96.18,SELL CALLS,ADD_POSITION,Month 3 (late add),2026-01,DOWN,44.5,NO,2026-02,DOWN,6.4,NO,2026-03,DOWN
SHALBY,2025-Q4,ALL3_AGREE,DOWN,96.18,SELL CALLS,ADD_POSITION,Month 3 (late add),2025-10,DOWN,72.6,NO,2025-11,DOWN,69.5,NO,2025-12,DOWN
SHALBY,2026-Q1,ALL3_AGREE,DOWN,96.18,SELL CALLS,ADD_POSITION,Month 3 (late add),2026-01,DOWN,79.2,NO,2026-02,DOWN,42.1,NO,2026-03,DOWN
SHALPAINTS,2025-Q4,ALL3_AGREE,DOWN,96.18,SELL CALLS,ADD_POSITION,Month 3 (late add),2025-10,DOWN,68.1,NO,2025-11,DOWN,85.2,NO,2025-12,DOWN
SHALPAINTS,2026-Q1,ALL3_AGREE,DOWN,96.18,SELL CALLS,ADD_POSITION,Month 3 (late add),2026-01,DOWN,4.0,NO,2026-02,DOWN,46.8,NO,2026-03,DOWN
SHANKARA,2025-Q4,ALL3_AGREE,DOWN,96.18,SELL CALLS,ADD_POSITION,Month 3 (late add),2025-10,DOWN,70.4,NO,2025-11,DOWN,75.9,NO,2025-12,DOWN
SHANTI,2025-Q4,ALL3_AGREE,DOWN,96.18,SELL CALLS,ADD_POSITION,Month 3 (late add),2025-10,DOWN,14.3,NO,2025-11,DOWN,65.0,NO,2025-12,DOWN
SHANTIGEAR,2025-Q4,ALL3_AGREE,DOWN,96.18,SELL CALLS,ADD_POSITION,Month 3 (late add),2025-10,DOWN,42.4,NO,2025-11,DOWN,52.8,NO,2025-12,DOWN
SHARDAMOTR,2025-Q4,ALL3_AGREE,DOWN,96.18,SELL CALLS,ADD_POSITION,Month 3 (late add),2025-10,DOWN,9.9,NO,2025-11,DOWN,34.8,NO,2025-12,DOWN
SHARIABEES,2025-Q4,ALL3_AGREE,UP,96.18,SELL PUTS,ADD_POSITION,Month 3 (late add),2025-10,UP,54.2,YES,2025-11,UP,17.9,YES,2025-12,UP
SHARIABEES,2026-Q1,ALL3_AGREE,DOWN,96.18,SELL CALLS,ADD_POSITION,Month 3 (late add),2026-01,DOWN,51.4,NO,2026-02,DOWN,54.0,NO,2026-03,DOWN
SHEKHAWATI,2026-Q1,ALL3_AGREE,DOWN,96.18,SELL CALLS,ADD_POSITION,Month 3 (late add),2026-01,DOWN,78.6,NO,2026-02,DOWN,48.3,NO,2026-03,DOWN
SHILPAMED,2025-Q4,ALL3_AGREE,DOWN,96.18,SELL CALLS,ADD_POSITION,Month 3 (late add),2025-10,DOWN,92.4,NO,2025-11,DOWN,19.7,NO,2025-12,DOWN
SHIVAMAUTO,2025-Q4,ALL3_AGREE,DOWN,96.18,SELL CALLS,ADD_POSITION,Month 3 (late add),2025-10,DOWN,44.4,NO,2025-11,DOWN,25.9,NO,2025-12,DOWN
SHIVAMAUTO,2026-Q1,ALL3_AGREE,DOWN,96.18,SELL CALLS,ADD_POSITION,Month 3 (late add),2026-01,DOWN,44.4,NO,2026-02,DOWN,33.8,NO,2026-03,DOWN
SHIVAMILLS,2025-Q4,ALL3_AGREE,DOWN,96.18,SELL CALLS,ADD_POSITION,Month 3 (late add),2025-10,DOWN,45.1,NO,2025-11,DOWN,64.7,NO,2025-12,DOWN
SHIVATEX,2026-Q1,ALL3_AGREE,DOWN,96.18,SELL CALLS,ADD_POSITION,Month 3 (late add),2026-01,DOWN,51.8,NO,2026-02,DOWN,26.3,NO,2026-03,DOWN
SHOPERSTOP,2025-Q4,ALL3_AGREE,DOWN,96.18,SELL CALLS,ADD_POSITION,Month 3 (late add),2025-10,DOWN,19.0,NO,2025-11,DOWN,82.3,NO,2025-12,DOWN
SHREDIGCEM,2026-Q1,ALL3_AGREE,DOWN,96.18,SELL CALLS,ADD_POSITION,Month 3 (late add),2026-01,DOWN,89.7,NO,2026-02,DOWN,17.0,NO,2026-03,DOWN
SHREECEM,2025-Q4,ALL3_AGREE,DOWN,96.18,SELL CALLS,ADD_POSITION,Month 3 (late add),2025-10,DOWN,46.2,NO,2025-11,DOWN,90.2,NO,2025-12,DOWN
SHREEJISPG,2025-Q4,ALL3_AGREE,UP,96.18,SELL PUTS,ADD_POSITION,Month 3 (late add),2025-10,UP,61.1,YES,2025-11,UP,88.9,YES,2025-12,UP
SHREEPUSHK,2026-Q1,ALL3_AGREE,DOWN,96.18,SELL CALLS,ADD_POSITION,Month 3 (late add),2026-01,DOWN,75.1,NO,2026-02,DOWN,7.2,NO,2026-03,DOWN
SHREERAMA,2026-Q1,ALL3_AGREE,DOWN,96.18,SELL CALLS,ADD_POSITION,Month 3 (late add),2026-01,DOWN,60.2,NO,2026-02,DOWN,27.0,NO,2026-03,DOWN
SHREYANIND,2025-Q4,ALL3_AGREE,DOWN,96.18,SELL CALLS,ADD_POSITION,Month 3 (late add),2025-10,DOWN,32.7,NO,2025-11,DOWN,83.0,NO,2025-12,DOWN
SHREYANIND,2026-Q1,ALL3_AGREE,DOWN,96.18,SELL CALLS,ADD_POSITION,Month 3 (late add),2026-01,DOWN,54.5,NO,2026-02,DOWN,48.8,NO,2026-03,DOWN
SHRIRAMFIN,2025-Q4,ALL3_AGREE,UP,96.18,SELL PUTS,ADD_POSITION,Month 3 (late add),2025-10,UP,88.0,YES,2025-11,UP,82.1,YES,2025-12,UP
SHRIRAMFIN,2026-Q1,ALL3_AGREE,UP,96.18,SELL PUTS,ADD_POSITION,Month 3 (late add),2026-01,UP,34.9,YES,2026-02,UP,35.2,YES,2026-03,UP
SHYAMCENT,2025-Q4,ALL3_AGREE,DOWN,96.18,SELL CALLS,ADD_POSITION,Month 3 (late add),2025-10,DOWN,19.7,NO,2025-11,DOWN,43.2,NO,2025-12,DOWN
SHYAMCENT,2026-Q1,ALL3_AGREE,DOWN,96.18,SELL CALLS,ADD_POSITION,Month 3 (late add),2026-01,DOWN,31.7,NO,2026-02,DOWN,48.2,NO,2026-03,DOWN
SICALLOG,2025-Q4,ALL3_AGREE,DOWN,96.18,SELL CALLS,ADD_POSITION,Month 3 (late add),2025-10,DOWN,63.5,NO,2025-11,DOWN,4.8,NO,2025-12,DOWN
SIGIND,2026-Q1,ALL3_AGREE,DOWN,96.18,SELL CALLS,ADD_POSITION,Month 3 (late add),2026-01,DOWN,64.1,NO,2026-02,DOWN,22.1,NO,2026-03,DOWN
SIGNATURE,2025-Q4,ALL3_AGREE,UP,96.18,SELL PUTS,ADD_POSITION,Month 3 (late add),2025-10,UP,20.7,YES,2025-11,UP,27.3,YES,2025-12,UP
SILINV,2026-Q1,ALL3_AGREE,DOWN,96.18,SELL CALLS,ADD_POSITION,Month 3 (late add),2026-01,DOWN,69.1,NO,2026-02,DOWN,30.2,NO,2026-03,DOWN
SILVERTUC,2025-Q4,ALL3_AGREE,UP,96.18,SELL PUTS,ADD_POSITION,Month 3 (late add),2025-10,UP,38.9,YES,2025-11,UP,1.3,YES,2025-12,UP
SIMBHALS,2026-Q1,ALL3_AGREE,DOWN,96.18,SELL CALLS,ADD_POSITION,Month 3 (late add),2026-01,DOWN,56.9,NO,2026-02,DOWN,67.6,NO,2026-03,DOWN
SIMPLEXINF,2026-Q1,ALL3_AGREE,DOWN,96.18,SELL CALLS,ADD_POSITION,Month 3 (late add),2026-01,DOWN,34.3,NO,2026-02,DOWN,35.2,NO,2026-03,DOWN
SINCLAIR,2026-Q1,ALL3_AGREE,DOWN,96.18,SELL CALLS,ADD_POSITION,Month 3 (late add),2026-01,DOWN,93.5,NO,2026-02,DOWN,2.8,NO,2026-03,DOWN
SINDHUTRAD,2025-Q4,ALL3_AGREE,DOWN,96.18,SELL CALLS,ADD_POSITION,Month 3 (late add),2025-10,DOWN,80.6,NO,2025-11,DOWN,1.8,NO,2025-12,DOWN
SINDHUTRAD,2026-Q1,ALL3_AGREE,UP,96.18,SELL PUTS,ADD_POSITION,Month 3 (late add),2026-01,UP,3.9,YES,2026-02,UP,68.3,YES,2026-03,UP
SINTERCOM,2025-Q4,ALL3_AGREE,DOWN,96.18,SELL CALLS,ADD_POSITION,Month 3 (late add),2025-10,DOWN,31.5,NO,2025-11,DOWN,45.7,NO,2025-12,DOWN
SINTERCOM,2026-Q1,ALL3_AGREE,DOWN,96.18,SELL CALLS,ADD_POSITION,Month 3 (late add),2026-01,DOWN,13.1,NO,2026-02,DOWN,42.3,NO,2026-03,DOWN
SIS,2026-Q1,ALL3_AGREE,DOWN,96.18,SELL CALLS,ADD_POSITION,Month 3 (late add),2026-01,DOWN,8.7,YES,2026-02,DOWN,41.9,NO,2026-03,DOWN
SJS,2025-Q4,ALL3_AGREE,UP,96.18,SELL PUTS,ADD_POSITION,Month 3 (late add),2025-10,UP,80.9,YES,2025-11,UP,35.7,YES,2025-12,UP
SJVN,2025-Q4,ALL3_AGREE,DOWN,96.18,SELL CALLS,ADD_POSITION,Month 3 (late add),2025-10,DOWN,62.3,NO,2025-11,DOWN,94.6,NO,2025-12,DOWN
SKMEGGPROD,2026-Q1,ALL3_AGREE,DOWN,96.18,SELL CALLS,ADD_POSITION,Month 3 (late add),2026-01,DOWN,83.5,NO,2026-02,DOWN,70.0,NO,2026-03,DOWN
SMARTLINK,2025-Q4,ALL3_AGREE,DOWN,96.18,SELL CALLS,ADD_POSITION,Month 3 (late add),2025-10,DOWN,62.5,NO,2025-11,DOWN,9.0,YES,2025-12,DOWN
SMARTLINK,2026-Q1,ALL3_AGREE,DOWN,96.18,SELL CALLS,ADD_POSITION,Month 3 (late add),2026-01,DOWN,33.4,NO,2026-02,DOWN,1.1,YES,2026-03,DOWN
SMARTWORKS,2026-Q1,ALL3_AGREE,DOWN,96.18,SELL CALLS,ADD_POSITION,Month 3 (late add),2026-01,DOWN,34.3,NO,2026-02,DOWN,42.7,NO,2026-03,DOWN
SNOWMAN,2025-Q4,ALL3_AGREE,DOWN,96.18,SELL CALLS,ADD_POSITION,Month 3 (late add),2025-10,DOWN,10.8,NO,2025-11,DOWN,96.7,NO,2025-12,DOWN
SOFTTECH,2025-Q4,ALL3_AGREE,DOWN,96.18,SELL CALLS,ADD_POSITION,Month 3 (late add),2025-10,DOWN,0.3,NO,2025-11,DOWN,33.9,NO,2025-12,DOWN
SOLARA,2026-Q1,ALL3_AGREE,DOWN,96.18,SELL CALLS,ADD_POSITION,Month 3 (late add),2026-01,DOWN,67.3,NO,2026-02,DOWN,49.1,NO,2026-03,DOWN
SOLARINDS,2026-Q1,ALL3_AGREE,UP,96.18,SELL PUTS,ADD_POSITION,Month 3 (late add),2026-01,UP,57.3,YES,2026-02,UP,6.5,NO,2026-03,UP
SOLARWORLD,2026-Q1,ALL3_AGREE,DOWN,96.18,SELL CALLS,ADD_POSITION,Month 3 (late add),2026-01,DOWN,80.8,NO,2026-02,DOWN,71.9,NO,2026-03,DOWN
SOMANYCERA,2025-Q4,ALL3_AGREE,DOWN,96.18,SELL CALLS,ADD_POSITION,Month 3 (late add),2025-10,DOWN,27.0,YES,2025-11,DOWN,97.4,NO,2025-12,DOWN
SONATSOFTW,2026-Q1,ALL3_AGREE,DOWN,96.18,SELL CALLS,ADD_POSITION,Month 3 (late add),2026-01,DOWN,62.7,NO,2026-02,DOWN,78.8,NO,2026-03,DOWN
SPARC,2026-Q1,ALL3_AGREE,DOWN,96.18,SELL CALLS,ADD_POSITION,Month 3 (late add),2026-01,DOWN,37.0,NO,2026-02,DOWN,4.1,NO,2026-03,DOWN
SPCENET,2026-Q1,ALL3_AGREE,DOWN,96.18,SELL CALLS,ADD_POSITION,Month 3 (late add),2026-01,DOWN,52.2,NO,2026-02,DOWN,60.5,NO,2026-03,DOWN
SPECIALITY,2025-Q4,ALL3_AGREE,DOWN,96.18,SELL CALLS,ADD_POSITION,Month 3 (late add),2025-10,DOWN,17.8,YES,2025-11,DOWN,54.2,NO,2025-12,DOWN
SPECIALITY,2026-Q1,ALL3_AGREE,DOWN,96.18,SELL CALLS,ADD_POSITION,Month 3 (late add),2026-01,DOWN,37.1,NO,2026-02,DOWN,10.1,NO,2026-03,DOWN
SPENCERS,2025-Q4,ALL3_AGREE,DOWN,96.18,SELL CALLS,ADD_POSITION,Month 3 (late add),2025-10,DOWN,36.0,NO,2025-11,DOWN,63.3,NO,2025-12,DOWN
SPENCERS,2026-Q1,ALL3_AGREE,DOWN,96.18,SELL CALLS,ADD_POSITION,Month 3 (late add),2026-01,DOWN,49.0,NO,2026-02,DOWN,30.5,NO,2026-03,DOWN
SPIC,2025-Q4,ALL3_AGREE,DOWN,96.18,SELL CALLS,ADD_POSITION,Month 3 (late add),2025-10,DOWN,12.7,NO,2025-11,DOWN,63.6,NO,2025-12,DOWN
SPMLINFRA,2025-Q4,ALL3_AGREE,DOWN,96.18,SELL CALLS,ADD_POSITION,Month 3 (late add),2025-10,DOWN,13.3,NO,2025-11,DOWN,70.2,NO,2025-12,DOWN
SPMLINFRA,2026-Q1,ALL3_AGREE,UP,96.18,SELL PUTS,ADD_POSITION,Month 3 (late add),2026-01,UP,24.0,NO,2026-02,UP,4.3,NO,2026-03,UP
SPORTKING,2025-Q4,ALL3_AGREE,DOWN,96.18,SELL CALLS,ADD_POSITION,Month 3 (late add),2025-10,DOWN,11.7,YES,2025-11,DOWN,23.9,NO,2025-12,DOWN
SPORTKING,2026-Q1,ALL3_AGREE,UP,96.18,SELL PUTS,ADD_POSITION,Month 3 (late add),2026-01,UP,21.1,YES,2026-02,UP,77.3,YES,2026-03,UP
SREEL,2026-Q1,ALL3_AGREE,DOWN,96.18,SELL CALLS,ADD_POSITION,Month 3 (late add),2026-01,DOWN,12.0,NO,2026-02,DOWN,48.0,NO,2026-03,DOWN
SRF,2026-Q1,ALL3_AGREE,DOWN,96.18,SELL CALLS,ADD_POSITION,Month 3 (late add),2026-01,DOWN,59.4,NO,2026-02,DOWN,42.8,NO,2026-03,DOWN
SRM,2026-Q1,ALL3_AGREE,DOWN,96.18,SELL CALLS,ADD_POSITION,Month 3 (late add),2026-01,DOWN,65.4,NO,2026-02,DOWN,34.8,NO,2026-03,DOWN
SRPL,2026-Q1,ALL3_AGREE,DOWN,96.18,SELL CALLS,ADD_POSITION,Month 3 (late add),2026-01,DOWN,54.6,NO,2026-02,DOWN,100.0,NO,2026-03,DOWN
SSDL,2025-Q4,ALL3_AGREE,DOWN,96.18,SELL CALLS,ADD_POSITION,Month 3 (late add),2025-10,DOWN,36.7,NO,2025-11,DOWN,50.6,NO,2025-12,DOWN
SSDL,2026-Q1,ALL3_AGREE,DOWN,96.18,SELL CALLS,ADD_POSITION,Month 3 (late add),2026-01,DOWN,65.8,NO,2026-02,DOWN,29.1,NO,2026-03,DOWN
STALLION,2026-Q1,ALL3_AGREE,DOWN,96.18,SELL CALLS,ADD_POSITION,Month 3 (late add),2026-01,DOWN,60.7,NO,2026-02,DOWN,67.6,NO,2026-03,DOWN
STANLEY,2025-Q4,ALL3_AGREE,DOWN,96.18,SELL CALLS,ADD_POSITION,Month 3 (late add),2025-10,DOWN,51.4,NO,2025-11,DOWN,92.5,NO,2025-12,DOWN
STARTECK,2025-Q4,ALL3_AGREE,DOWN,96.18,SELL CALLS,ADD_POSITION,Month 3 (late add),2025-10,DOWN,43.7,NO,2025-11,DOWN,56.4,NO,2025-12,DOWN
STCINDIA,2026-Q1,ALL3_AGREE,DOWN,96.18,SELL CALLS,ADD_POSITION,Month 3 (late add),2026-01,DOWN,26.3,NO,2026-02,DOWN,51.8,NO,2026-03,DOWN
STEELCITY,2025-Q4,ALL3_AGREE,DOWN,96.18,SELL CALLS,ADD_POSITION,Month 3 (late add),2025-10,DOWN,29.1,NO,2025-11,DOWN,69.0,NO,2025-12,DOWN
STERTOOLS,2026-Q1,ALL3_AGREE,DOWN,96.18,SELL CALLS,ADD_POSITION,Month 3 (late add),2026-01,DOWN,34.1,NO,2026-02,DOWN,66.6,NO,2026-03,DOWN
STYL,2025-Q4,ALL3_AGREE,DOWN,96.18,SELL CALLS,ADD_POSITION,Month 3 (late add),2025-10,DOWN,43.0,NO,2025-11,DOWN,92.3,NO,2025-12,DOWN
STYLAMIND,2025-Q4,ALL3_AGREE,UP,96.18,SELL PUTS,ADD_POSITION,Month 3 (late add),2025-10,UP,88.3,YES,2025-11,UP,4.0,NO,2025-12,UP
STYLEBAAZA,2025-Q4,ALL3_AGREE,DOWN,96.18,SELL CALLS,ADD_POSITION,Month 3 (late add),2025-10,DOWN,68.3,NO,2025-11,DOWN,43.8,NO,2025-12,DOWN
SUBEXLTD,2026-Q1,ALL3_AGREE,DOWN,96.18,SELL CALLS,ADD_POSITION,Month 3 (late add),2026-01,DOWN,58.0,NO,2026-02,DOWN,9.6,NO,2026-03,DOWN
SUBROS,2025-Q4,ALL3_AGREE,DOWN,96.18,SELL CALLS,ADD_POSITION,Month 3 (late add),2025-10,DOWN,4.4,NO,2025-11,DOWN,89.3,NO,2025-12,DOWN
SUDARCOLOR,2026-Q1,ALL3_AGREE,DOWN,96.18,SELL CALLS,ADD_POSITION,Month 3 (late add),2026-01,DOWN,40.6,NO,2026-02,DOWN,74.7,NO,2026-03,DOWN
SUDARSCHEM,2025-Q4,ALL3_AGREE,DOWN,96.18,SELL CALLS,ADD_POSITION,Month 3 (late add),2025-10,DOWN,83.0,NO,2025-11,DOWN,64.3,NO,2025-12,DOWN
SUDARSCHEM,2026-Q1,ALL3_AGREE,DOWN,96.18,SELL CALLS,ADD_POSITION,Month 3 (late add),2026-01,DOWN,35.7,NO,2026-02,DOWN,11.0,NO,2026-03,DOWN
SULA,2025-Q4,ALL3_AGREE,DOWN,96.18,SELL CALLS,ADD_POSITION,Month 3 (late add),2025-10,DOWN,40.2,NO,2025-11,DOWN,60.4,NO,2025-12,DOWN
SULA,2026-Q1,ALL3_AGREE,DOWN,96.18,SELL CALLS,ADD_POSITION,Month 3 (late add),2026-01,DOWN,90.2,NO,2026-02,DOWN,53.4,NO,2026-03,DOWN
SUMEETINDS,2025-Q4,ALL3_AGREE,DOWN,96.18,SELL CALLS,ADD_POSITION,Month 3 (late add),2025-10,DOWN,93.5,NO,2025-11,DOWN,13.1,NO,2025-12,DOWN
SUMICHEM,2026-Q1,ALL3_AGREE,DOWN,96.18,SELL CALLS,ADD_POSITION,Month 3 (late add),2026-01,DOWN,72.3,NO,2026-02,DOWN,19.1,NO,2026-03,DOWN
SUMIT,2025-Q4,ALL3_AGREE,DOWN,96.18,SELL CALLS,ADD_POSITION,Month 3 (late add),2025-10,DOWN,17.4,NO,2025-11,DOWN,70.1,NO,2025-12,DOWN
SUMMITSEC,2026-Q1,ALL3_AGREE,DOWN,96.18,SELL CALLS,ADD_POSITION,Month 3 (late add),2026-01,DOWN,53.4,NO,2026-02,DOWN,28.8,NO,2026-03,DOWN
SUNCLAY,2025-Q4,ALL3_AGREE,DOWN,96.18,SELL CALLS,ADD_POSITION,Month 3 (late add),2025-10,DOWN,78.1,NO,2025-11,DOWN,48.2,NO,2025-12,DOWN
SUNDARAM,2026-Q1,ALL3_AGREE,DOWN,96.18,SELL CALLS,ADD_POSITION,Month 3 (late add),2026-01,DOWN,53.3,NO,2026-02,DOWN,44.0,NO,2026-03,DOWN
SUNDARMFIN,2025-Q4,ALL3_AGREE,UP,96.18,SELL PUTS,ADD_POSITION,Month 3 (late add),2025-10,UP,57.5,YES,2025-11,UP,41.9,YES,2025-12,UP
SUNDROP,2025-Q4,ALL3_AGREE,DOWN,96.18,SELL CALLS,ADD_POSITION,Month 3 (late add),2025-10,DOWN,1.9,NO,2025-11,DOWN,62.5,NO,2025-12,DOWN
SUNTECK,2026-Q1,ALL3_AGREE,DOWN,96.18,SELL CALLS,ADD_POSITION,Month 3 (late add),2026-01,DOWN,5.8,YES,2026-02,DOWN,15.9,NO,2026-03,DOWN
SUPERSPIN,2026-Q1,ALL3_AGREE,DOWN,96.18,SELL CALLS,ADD_POSITION,Month 3 (late add),2026-01,DOWN,13.7,NO,2026-02,DOWN,61.0,NO,2026-03,DOWN
SUPRAJIT,2026-Q1,ALL3_AGREE,DOWN,96.18,SELL CALLS,ADD_POSITION,Month 3 (late add),2026-01,DOWN,13.6,NO,2026-02,DOWN,14.5,NO,2026-03,DOWN
SUPREME,2025-Q4,ALL3_AGREE,DOWN,96.18,SELL CALLS,ADD_POSITION,Month 3 (late add),2025-10,DOWN,15.3,YES,2025-11,DOWN,62.8,NO,2025-12,DOWN
SUPREME,2026-Q1,ALL3_AGREE,DOWN,96.18,SELL CALLS,ADD_POSITION,Month 3 (late add),2026-01,DOWN,94.6,NO,2026-02,DOWN,17.2,NO,2026-03,DOWN
SUPREMEINF,2026-Q1,ALL3_AGREE,DOWN,96.18,SELL CALLS,ADD_POSITION,Month 3 (late add),2026-01,DOWN,29.7,NO,2026-02,DOWN,32.1,YES,2026-03,DOWN
SURAJLTD,2025-Q4,ALL3_AGREE,DOWN,96.18,SELL CALLS,ADD_POSITION,Month 3 (late add),2025-10,DOWN,41.6,NO,2025-11,DOWN,69.2,NO,2025-12,DOWN
SURANASOL,2026-Q1,ALL3_AGREE,DOWN,96.18,SELL CALLS,ADD_POSITION,Month 3 (late add),2026-01,DOWN,56.6,NO,2026-02,DOWN,28.1,NO,2026-03,DOWN
SURYALAXMI,2026-Q1,ALL3_AGREE,DOWN,96.18,SELL CALLS,ADD_POSITION,Month 3 (late add),2026-01,DOWN,36.0,NO,2026-02,DOWN,5.7,YES,2026-03,DOWN
SURYAROSNI,2026-Q1,ALL3_AGREE,DOWN,96.18,SELL CALLS,ADD_POSITION,Month 3 (late add),2026-01,DOWN,54.1,NO,2026-02,DOWN,46.6,NO,2026-03,DOWN
SUVIDHAA,2025-Q4,ALL3_AGREE,DOWN,96.18,SELL CALLS,ADD_POSITION,Month 3 (late add),2025-10,DOWN,20.4,NO,2025-11,DOWN,62.9,NO,2025-12,DOWN
SUYOG,2025-Q4,ALL3_AGREE,DOWN,96.18,SELL CALLS,ADD_POSITION,Month 3 (late add),2025-10,DOWN,2.4,NO,2025-11,DOWN,83.4,NO,2025-12,DOWN
SVLL,2026-Q1,ALL3_AGREE,DOWN,96.18,SELL CALLS,ADD_POSITION,Month 3 (late add),2026-01,DOWN,35.0,NO,2026-02,DOWN,32.3,NO,2026-03,DOWN
SVPGLOB,2026-Q1,ALL3_AGREE,DOWN,96.18,SELL CALLS,ADD_POSITION,Month 3 (late add),2026-01,DOWN,42.8,NO,2026-02,DOWN,35.5,NO,2026-03,DOWN
SWANCORP,2026-Q1,ALL3_AGREE,DOWN,96.18,SELL CALLS,ADD_POSITION,Month 3 (late add),2026-01,DOWN,57.9,NO,2026-02,DOWN,51.4,NO,2026-03,DOWN
SWANDEF,2025-Q4,ALL3_AGREE,UP,96.18,SELL PUTS,ADD_POSITION,Month 3 (late add),2025-10,UP,100.0,YES,2025-11,UP,100.0,YES,2025-12,UP
SWARAJENG,2025-Q4,ALL3_AGREE,DOWN,96.18,SELL CALLS,ADD_POSITION,Month 3 (late add),2025-10,DOWN,34.5,NO,2025-11,DOWN,56.8,NO,2025-12,DOWN
SWELECTES,2025-Q4,ALL3_AGREE,DOWN,96.18,SELL CALLS,ADD_POSITION,Month 3 (late add),2025-10,DOWN,47.4,NO,2025-11,DOWN,66.4,NO,2025-12,DOWN
SYNGENE,2025-Q4,ALL3_AGREE,UP,96.18,SELL PUTS,ADD_POSITION,Month 3 (late add),2025-10,UP,57.1,YES,2025-11,UP,12.4,NO,2025-12,UP
SYSTMTXC,2026-Q1,ALL3_AGREE,DOWN,96.18,SELL CALLS,ADD_POSITION,Month 3 (late add),2026-01,DOWN,74.3,NO,2026-02,DOWN,46.0,NO,2026-03,DOWN
TAJGVK,2026-Q1,ALL3_AGREE,DOWN,96.18,SELL CALLS,ADD_POSITION,Month 3 (late add),2026-01,DOWN,67.4,NO,2026-02,DOWN,29.4,NO,2026-03,DOWN
TAKE,2025-Q4,ALL3_AGREE,UP,96.18,SELL PUTS,ADD_POSITION,Month 3 (late add),2025-10,UP,81.0,YES,2025-11,UP,87.3,YES,2025-12,UP
TANLA,2025-Q4,ALL3_AGREE,DOWN,96.18,SELL CALLS,ADD_POSITION,Month 3 (late add),2025-10,DOWN,29.0,NO,2025-11,DOWN,64.3,NO,2025-12,DOWN
TANLA,2026-Q1,ALL3_AGREE,DOWN,96.18,SELL CALLS,ADD_POSITION,Month 3 (late add),2026-01,DOWN,15.3,NO,2026-02,DOWN,73.8,NO,2026-03,DOWN
TARAPUR,2026-Q1,ALL3_AGREE,DOWN,96.18,SELL CALLS,ADD_POSITION,Month 3 (late add),2026-01,DOWN,11.2,NO,2026-02,DOWN,61.1,NO,2026-03,DOWN
TARSONS,2025-Q4,ALL3_AGREE,DOWN,96.18,SELL CALLS,ADD_POSITION,Month 3 (late add),2025-10,DOWN,61.6,NO,2025-11,DOWN,69.2,NO,2025-12,DOWN
TARSONS,2026-Q1,ALL3_AGREE,DOWN,96.18,SELL CALLS,ADD_POSITION,Month 3 (late add),2026-01,DOWN,88.8,NO,2026-02,DOWN,10.8,NO,2026-03,DOWN
TASTYBITE,2025-Q4,ALL3_AGREE,DOWN,96.18,SELL CALLS,ADD_POSITION,Month 3 (late add),2025-10,DOWN,0.4,NO,2025-11,DOWN,83.7,NO,2025-12,DOWN
TATACHEM,2025-Q4,ALL3_AGREE,DOWN,96.18,SELL CALLS,ADD_POSITION,Month 3 (late add),2025-10,DOWN,55.4,NO,2025-11,DOWN,67.4,NO,2025-12,DOWN
TATACHEM,2026-Q1,ALL3_AGREE,DOWN,96.18,SELL CALLS,ADD_POSITION,Month 3 (late add),2026-01,DOWN,23.9,NO,2026-02,DOWN,34.2,NO,2026-03,DOWN
TATAINVEST,2025-Q4,ALL3_AGREE,DOWN,96.18,SELL CALLS,ADD_POSITION,Month 3 (late add),2025-10,DOWN,89.2,NO,2025-11,DOWN,58.4,NO,2025-12,DOWN
TATATECH,2026-Q1,ALL3_AGREE,DOWN,96.18,SELL CALLS,ADD_POSITION,Month 3 (late add),2026-01,DOWN,3.4,YES,2026-02,DOWN,56.7,NO,2026-03,DOWN
TBZ,2025-Q4,ALL3_AGREE,DOWN,96.18,SELL CALLS,ADD_POSITION,Month 3 (late add),2025-10,DOWN,21.5,NO,2025-11,DOWN,18.5,NO,2025-12,DOWN
TBZ,2026-Q1,ALL3_AGREE,DOWN,96.18,SELL CALLS,ADD_POSITION,Month 3 (late add),2026-01,DOWN,8.6,NO,2026-02,DOWN,44.5,NO,2026-03,DOWN
TCIEXP,2025-Q4,ALL3_AGREE,DOWN,96.18,SELL CALLS,ADD_POSITION,Month 3 (late add),2025-10,DOWN,60.0,NO,2025-11,DOWN,67.3,NO,2025-12,DOWN
TCIFINANCE,2026-Q1,ALL3_AGREE,DOWN,96.18,SELL CALLS,ADD_POSITION,Month 3 (late add),2026-01,DOWN,45.6,NO,2026-02,DOWN,59.2,NO,2026-03,DOWN
TCPLPACK,2025-Q4,ALL3_AGREE,DOWN,96.18,SELL CALLS,ADD_POSITION,Month 3 (late add),2025-10,DOWN,0.6,NO,2025-11,DOWN,49.0,NO,2025-12,DOWN
TCS,2025-Q4,ALL3_AGREE,UP,96.18,SELL PUTS,ADD_POSITION,Month 3 (late add),2025-10,UP,73.0,YES,2025-11,UP,40.6,YES,2025-12,UP
TCS,2026-Q1,ALL3_AGREE,DOWN,96.18,SELL CALLS,ADD_POSITION,Month 3 (late add),2026-01,DOWN,39.3,NO,2026-02,DOWN,61.4,NO,2026-03,DOWN
TEAMLEASE,2026-Q1,ALL3_AGREE,DOWN,96.18,SELL CALLS,ADD_POSITION,Month 3 (late add),2026-01,DOWN,72.8,NO,2026-02,DOWN,36.4,NO,2026-03,DOWN
TECH,2025-Q4,ALL3_AGREE,UP,96.18,SELL PUTS,ADD_POSITION,Month 3 (late add),2025-10,UP,39.0,YES,2025-11,UP,43.5,YES,2025-12,UP
TECHM,2025-Q4,ALL3_AGREE,UP,96.18,SELL PUTS,ADD_POSITION,Month 3 (late add),2025-10,UP,24.4,YES,2025-11,UP,64.6,YES,2025-12,UP
TECHNOE,2025-Q4,ALL3_AGREE,DOWN,96.18,SELL CALLS,ADD_POSITION,Month 3 (late add),2025-10,DOWN,1.1,NO,2025-11,DOWN,60.5,NO,2025-12,DOWN
TECILCHEM,2026-Q1,ALL3_AGREE,DOWN,96.18,SELL CALLS,ADD_POSITION,Month 3 (late add),2026-01,DOWN,95.6,NO,2026-02,DOWN,38.8,NO,2026-03,DOWN
TEJASNET,2025-Q4,ALL3_AGREE,DOWN,96.18,SELL CALLS,ADD_POSITION,Month 3 (late add),2025-10,DOWN,69.1,NO,2025-11,DOWN,47.2,NO,2025-12,DOWN
TEMBO,2026-Q1,ALL3_AGREE,DOWN,96.18,SELL CALLS,ADD_POSITION,Month 3 (late add),2026-01,DOWN,37.2,NO,2026-02,DOWN,18.9,NO,2026-03,DOWN
TERASOFT,2026-Q1,ALL3_AGREE,DOWN,96.18,SELL CALLS,ADD_POSITION,Month 3 (late add),2026-01,DOWN,12.2,YES,2026-02,DOWN,39.1,NO,2026-03,DOWN
TEXINFRA,2026-Q1,ALL3_AGREE,DOWN,96.18,SELL CALLS,ADD_POSITION,Month 3 (late add),2026-01,DOWN,32.2,NO,2026-02,DOWN,26.7,NO,2026-03,DOWN
TEXRAIL,2026-Q1,ALL3_AGREE,DOWN,96.18,SELL CALLS,ADD_POSITION,Month 3 (late add),2026-01,DOWN,39.0,NO,2026-02,DOWN,90.1,NO,2026-03,DOWN
TFL,2026-Q1,ALL3_AGREE,DOWN,96.18,SELL CALLS,ADD_POSITION,Month 3 (late add),2026-01,DOWN,22.2,NO,2026-02,DOWN,21.9,NO,2026-03,DOWN
TGBHOTELS,2025-Q4,ALL3_AGREE,DOWN,96.18,SELL CALLS,ADD_POSITION,Month 3 (late add),2025-10,DOWN,40.9,NO,2025-11,DOWN,39.2,NO,2025-12,DOWN
THANGAMAYL,2025-Q4,ALL3_AGREE,UP,96.18,SELL PUTS,ADD_POSITION,Month 3 (late add),2025-10,UP,51.4,YES,2025-11,UP,80.5,YES,2025-12,UP
THEINVEST,2025-Q4,ALL3_AGREE,DOWN,96.18,SELL CALLS,ADD_POSITION,Month 3 (late add),2025-10,DOWN,23.7,NO,2025-11,DOWN,81.1,NO,2025-12,DOWN
THOMASCOOK,2026-Q1,ALL3_AGREE,DOWN,96.18,SELL CALLS,ADD_POSITION,Month 3 (late add),2026-01,DOWN,89.6,NO,2026-02,DOWN,68.4,NO,2026-03,DOWN
THOMASCOTT,2026-Q1,ALL3_AGREE,DOWN,96.18,SELL CALLS,ADD_POSITION,Month 3 (late add),2026-01,DOWN,12.5,NO,2026-02,DOWN,43.8,NO,2026-03,DOWN
TIGERLOGS,2025-Q4,ALL3_AGREE,DOWN,96.18,SELL CALLS,ADD_POSITION,Month 3 (late add),2025-10,DOWN,53.9,NO,2025-11,DOWN,66.3,NO,2025-12,DOWN
TIINDIA,2025-Q4,ALL3_AGREE,DOWN,96.18,SELL CALLS,ADD_POSITION,Month 3 (late add),2025-10,DOWN,35.8,NO,2025-11,DOWN,70.8,NO,2025-12,DOWN
TIL,2026-Q1,ALL3_AGREE,DOWN,96.18,SELL CALLS,ADD_POSITION,Month 3 (late add),2026-01,DOWN,58.2,NO,2026-02,DOWN,40.4,NO,2026-03,DOWN
TIMETECHNO,2025-Q4,ALL3_AGREE,DOWN,96.18,SELL CALLS,ADD_POSITION,Month 3 (late add),2025-10,DOWN,26.5,YES,2025-11,DOWN,56.4,NO,2025-12,DOWN
TITAGARH,2026-Q1,ALL3_AGREE,DOWN,96.18,SELL CALLS,ADD_POSITION,Month 3 (late add),2026-01,DOWN,47.1,NO,2026-02,DOWN,84.9,NO,2026-03,DOWN
TITAN,2025-Q4,ALL3_AGREE,UP,96.18,SELL PUTS,ADD_POSITION,Month 3 (late add),2025-10,UP,83.1,YES,2025-11,UP,58.9,YES,2025-12,UP
TNIDETF,2025-Q4,ALL3_AGREE,UP,96.18,SELL PUTS,ADD_POSITION,Month 3 (late add),2025-10,UP,30.9,YES,2025-11,UP,41.9,YES,2025-12,UP
TNIDETF,2026-Q1,ALL3_AGREE,DOWN,96.18,SELL CALLS,ADD_POSITION,Month 3 (late add),2026-01,DOWN,51.6,NO,2026-02,DOWN,63.2,NO,2026-03,DOWN
TNPETRO,2026-Q1,ALL3_AGREE,DOWN,96.18,SELL CALLS,ADD_POSITION,Month 3 (late add),2026-01,DOWN,50.6,NO,2026-02,DOWN,10.8,NO,2026-03,DOWN
TNTELE,2026-Q1,ALL3_AGREE,DOWN,96.18,SELL CALLS,ADD_POSITION,Month 3 (late add),2026-01,DOWN,61.8,NO,2026-02,DOWN,60.8,NO,2026-03,DOWN
TOKYOPLAST,2026-Q1,ALL3_AGREE,DOWN,96.18,SELL CALLS,ADD_POSITION,Month 3 (late add),2026-01,DOWN,68.1,NO,2026-02,DOWN,64.8,NO,2026-03,DOWN
TOLINS,2026-Q1,ALL3_AGREE,DOWN,96.18,SELL CALLS,ADD_POSITION,Month 3 (late add),2026-01,DOWN,37.8,NO,2026-02,DOWN,38.0,NO,2026-03,DOWN
TOP10ADD,2025-Q4,ALL3_AGREE,UP,96.18,SELL PUTS,ADD_POSITION,Month 3 (late add),2025-10,UP,77.6,YES,2025-11,UP,39.8,YES,2025-12,UP
TOP10ADD,2026-Q1,ALL3_AGREE,DOWN,96.18,SELL CALLS,ADD_POSITION,Month 3 (late add),2026-01,DOWN,29.6,NO,2026-02,DOWN,46.6,NO,2026-03,DOWN
TOP15IETF,2025-Q4,ALL3_AGREE,UP,96.18,SELL PUTS,ADD_POSITION,Month 3 (late add),2025-10,UP,59.8,YES,2025-11,UP,50.0,YES,2025-12,UP
TORNTPHARM,2025-Q4,ALL3_AGREE,UP,96.18,SELL PUTS,ADD_POSITION,Month 3 (late add),2025-10,UP,27.3,NO,2025-11,UP,43.5,YES,2025-12,UP
TOTAL,2026-Q1,ALL3_AGREE,DOWN,96.18,SELL CALLS,ADD_POSITION,Month 3 (late add),2026-01,DOWN,61.6,NO,2026-02,DOWN,12.6,NO,2026-03,DOWN
TOUCHWOOD,2025-Q4,ALL3_AGREE,UP,96.18,SELL PUTS,ADD_POSITION,Month 3 (late add),2025-10,UP,12.5,YES,2025-11,UP,4.1,NO,2025-12,UP
TPHQ,2026-Q1,ALL3_AGREE,DOWN,96.18,SELL CALLS,ADD_POSITION,Month 3 (late add),2026-01,DOWN,12.5,NO,2026-02,DOWN,12.5,NO,2026-03,DOWN
TRANSRAILL,2025-Q4,ALL3_AGREE,DOWN,96.18,SELL CALLS,ADD_POSITION,Month 3 (late add),2025-10,DOWN,14.7,YES,2025-11,DOWN,61.9,NO,2025-12,DOWN
TRANSWORLD,2026-Q1,ALL3_AGREE,DOWN,96.18,SELL CALLS,ADD_POSITION,Month 3 (late add),2026-01,DOWN,28.1,NO,2026-02,DOWN,77.4,NO,2026-03,DOWN
TREJHARA,2026-Q1,ALL3_AGREE,DOWN,96.18,SELL CALLS,ADD_POSITION,Month 3 (late add),2026-01,DOWN,63.3,NO,2026-02,DOWN,1.8,YES,2026-03,DOWN
TREL,2026-Q1,ALL3_AGREE,DOWN,96.18,SELL CALLS,ADD_POSITION,Month 3 (late add),2026-01,DOWN,23.8,NO,2026-02,DOWN,59.2,NO,2026-03,DOWN
TRIGYN,2025-Q4,ALL3_AGREE,DOWN,96.18,SELL CALLS,ADD_POSITION,Month 3 (late add),2025-10,DOWN,77.8,NO,2025-11,DOWN,42.2,NO,2025-12,DOWN
TRIGYN,2026-Q1,ALL3_AGREE,DOWN,96.18,SELL CALLS,ADD_POSITION,Month 3 (late add),2026-01,DOWN,67.5,NO,2026-02,DOWN,36.6,NO,2026-03,DOWN
TRITURBINE,2026-Q1,ALL3_AGREE,DOWN,96.18,SELL CALLS,ADD_POSITION,Month 3 (late add),2026-01,DOWN,40.3,NO,2026-02,DOWN,17.6,NO,2026-03,DOWN
TRU,2025-Q4,ALL3_AGREE,DOWN,96.18,SELL CALLS,ADD_POSITION,Month 3 (late add),2025-10,DOWN,21.5,NO,2025-11,DOWN,59.8,NO,2025-12,DOWN
TRU,2026-Q1,ALL3_AGREE,DOWN,96.18,SELL CALLS,ADD_POSITION,Month 3 (late add),2026-01,DOWN,24.4,NO,2026-02,DOWN,38.5,NO,2026-03,DOWN
TSFINV,2026-Q1,ALL3_AGREE,DOWN,96.18,SELL CALLS,ADD_POSITION,Month 3 (late add),2026-01,DOWN,37.2,NO,2026-02,DOWN,38.4,NO,2026-03,DOWN
TTKHLTCARE,2026-Q1,ALL3_AGREE,DOWN,96.18,SELL CALLS,ADD_POSITION,Month 3 (late add),2026-01,DOWN,69.0,NO,2026-02,DOWN,83.7,NO,2026-03,DOWN
TTML,2026-Q1,ALL3_AGREE,DOWN,96.18,SELL CALLS,ADD_POSITION,Month 3 (late add),2026-01,DOWN,52.3,NO,2026-02,DOWN,66.2,NO,2026-03,DOWN
TVSHLTD,2026-Q1,ALL3_AGREE,DOWN,96.18,SELL CALLS,ADD_POSITION,Month 3 (late add),2026-01,DOWN,37.6,YES,2026-02,DOWN,6.1,NO,2026-03,DOWN
TVSMOTOR,2025-Q4,ALL3_AGREE,UP,96.18,SELL PUTS,ADD_POSITION,Month 3 (late add),2025-10,UP,17.2,YES,2025-11,UP,9.9,YES,2025-12,UP
TVVISION,2026-Q1,ALL3_AGREE,DOWN,96.18,SELL CALLS,ADD_POSITION,Month 3 (late add),2026-01,DOWN,85.2,NO,2026-02,DOWN,41.9,NO,2026-03,DOWN
UCAL,2025-Q4,ALL3_AGREE,DOWN,96.18,SELL CALLS,ADD_POSITION,Month 3 (late add),2025-10,DOWN,45.8,NO,2025-11,DOWN,80.2,NO,2025-12,DOWN
UFO,2026-Q1,ALL3_AGREE,DOWN,96.18,SELL CALLS,ADD_POSITION,Month 3 (late add),2026-01,DOWN,60.8,NO,2026-02,DOWN,21.7,NO,2026-03,DOWN
UGROCAP,2025-Q4,ALL3_AGREE,UP,96.18,SELL PUTS,ADD_POSITION,Month 3 (late add),2025-10,UP,47.9,YES,2025-11,UP,38.8,NO,2025-12,UP
UGROCAP,2026-Q1,ALL3_AGREE,DOWN,96.18,SELL CALLS,ADD_POSITION,Month 3 (late add),2026-01,DOWN,60.8,NO,2026-02,DOWN,62.8,NO,2026-03,DOWN
ULTRACEMCO,2025-Q4,ALL3_AGREE,DOWN,96.18,SELL CALLS,ADD_POSITION,Month 3 (late add),2025-10,DOWN,60.1,NO,2025-11,DOWN,71.6,NO,2025-12,DOWN
UNICHEMLAB,2026-Q1,ALL3_AGREE,DOWN,96.18,SELL CALLS,ADD_POSITION,Month 3 (late add),2026-01,DOWN,73.5,NO,2026-02,DOWN,24.5,NO,2026-03,DOWN
UNIDT,2025-Q4,ALL3_AGREE,UP,96.18,SELL PUTS,ADD_POSITION,Month 3 (late add),2025-10,UP,11.8,YES,2025-11,UP,53.5,NO,2025-12,UP
UNIINFO,2026-Q1,ALL3_AGREE,DOWN,96.18,SELL CALLS,ADD_POSITION,Month 3 (late add),2026-01,DOWN,69.1,NO,2026-02,DOWN,13.1,NO,2026-03,DOWN
UNITECH,2025-Q4,ALL3_AGREE,DOWN,96.18,SELL CALLS,ADD_POSITION,Month 3 (late add),2025-10,DOWN,35.7,NO,2025-11,DOWN,58.6,NO,2025-12,DOWN
UNITEDPOLY,2025-Q4,ALL3_AGREE,DOWN,96.18,SELL CALLS,ADD_POSITION,Month 3 (late add),2025-10,DOWN,31.2,NO,2025-11,DOWN,0.3,YES,2025-12,DOWN
UNITEDTEA,2026-Q1,ALL3_AGREE,UP,96.18,SELL PUTS,ADD_POSITION,Month 3 (late add),2026-01,UP,4.0,YES,2026-02,UP,21.0,YES,2026-03,UP
UNIVCABLES,2026-Q1,ALL3_AGREE,DOWN,96.18,SELL CALLS,ADD_POSITION,Month 3 (late add),2026-01,DOWN,48.6,NO,2026-02,DOWN,35.3,NO,2026-03,DOWN
UPL,2025-Q4,ALL3_AGREE,UP,96.18,SELL PUTS,ADD_POSITION,Month 3 (late add),2025-10,UP,79.8,YES,2025-11,UP,59.6,YES,2025-12,UP
UPL,2026-Q1,ALL3_AGREE,DOWN,96.18,SELL CALLS,ADD_POSITION,Month 3 (late add),2026-01,DOWN,67.7,NO,2026-02,DOWN,45.6,NO,2026-03,DOWN
USK,2025-Q4,ALL3_AGREE,DOWN,96.18,SELL CALLS,ADD_POSITION,Month 3 (late add),2025-10,DOWN,66.5,NO,2025-11,DOWN,63.6,NO,2025-12,DOWN
UTIAMC,2025-Q4,ALL3_AGREE,DOWN,96.18,SELL CALLS,ADD_POSITION,Month 3 (late add),2025-10,DOWN,36.7,NO,2025-11,DOWN,79.0,NO,2025-12,DOWN
UTKARSHBNK,2025-Q4,ALL3_AGREE,DOWN,96.18,SELL CALLS,ADD_POSITION,Month 3 (late add),2025-10,DOWN,13.0,NO,2025-11,DOWN,75.7,NO,2025-12,DOWN
UTTAMSUGAR,2026-Q1,ALL3_AGREE,DOWN,96.18,SELL CALLS,ADD_POSITION,Month 3 (late add),2026-01,DOWN,73.5,NO,2026-02,DOWN,55.6,NO,2026-03,DOWN
UYFINCORP,2025-Q4,ALL3_AGREE,DOWN,96.18,SELL CALLS,ADD_POSITION,Month 3 (late add),2025-10,DOWN,19.0,YES,2025-11,DOWN,17.7,NO,2025-12,DOWN
VAISHALI,2026-Q1,ALL3_AGREE,DOWN,96.18,SELL CALLS,ADD_POSITION,Month 3 (late add),2026-01,DOWN,44.4,NO,2026-02,DOWN,79.2,NO,2026-03,DOWN
VAKRANGEE,2026-Q1,ALL3_AGREE,DOWN,96.18,SELL CALLS,ADD_POSITION,Month 3 (late add),2026-01,DOWN,59.4,NO,2026-02,DOWN,17.8,NO,2026-03,DOWN
VALIANTORG,2026-Q1,ALL3_AGREE,DOWN,96.18,SELL CALLS,ADD_POSITION,Month 3 (late add),2026-01,DOWN,62.1,NO,2026-02,DOWN,21.8,NO,2026-03,DOWN
VARDHACRLC,2026-Q1,ALL3_AGREE,DOWN,96.18,SELL CALLS,ADD_POSITION,Month 3 (late add),2026-01,DOWN,70.3,NO,2026-02,DOWN,35.9,NO,2026-03,DOWN
VARDMNPOLY,2025-Q4,ALL3_AGREE,DOWN,96.18,SELL CALLS,ADD_POSITION,Month 3 (late add),2025-10,DOWN,29.1,NO,2025-11,DOWN,47.0,NO,2025-12,DOWN
VARDMNPOLY,2026-Q1,ALL3_AGREE,UP,96.18,SELL PUTS,ADD_POSITION,Month 3 (late add),2026-01,UP,23.1,NO,2026-02,UP,76.4,YES,2026-03,UP
VARROC,2026-Q1,ALL3_AGREE,DOWN,96.18,SELL CALLS,ADD_POSITION,Month 3 (late add),2026-01,DOWN,17.3,NO,2026-02,DOWN,33.9,NO,2026-03,DOWN
VASCONEQ,2025-Q4,ALL3_AGREE,DOWN,96.18,SELL CALLS,ADD_POSITION,Month 3 (late add),2025-10,DOWN,21.0,NO,2025-11,DOWN,71.4,NO,2025-12,DOWN
VASCONEQ,2026-Q1,ALL3_AGREE,DOWN,96.18,SELL CALLS,ADD_POSITION,Month 3 (late add),2026-01,DOWN,37.9,NO,2026-02,DOWN,40.9,NO,2026-03,DOWN
VBL,2025-Q4,ALL3_AGREE,UP,96.18,SELL PUTS,ADD_POSITION,Month 3 (late add),2025-10,UP,35.1,YES,2025-11,UP,23.4,YES,2025-12,UP
VBL,2026-Q1,ALL3_AGREE,DOWN,96.18,SELL CALLS,ADD_POSITION,Month 3 (late add),2026-01,DOWN,38.5,NO,2026-02,DOWN,32.9,NO,2026-03,DOWN
VEEDOL,2026-Q1,ALL3_AGREE,DOWN,96.18,SELL CALLS,ADD_POSITION,Month 3 (late add),2026-01,DOWN,74.4,NO,2026-02,DOWN,25.2,NO,2026-03,DOWN
VENKEYS,2026-Q1,ALL3_AGREE,DOWN,96.18,SELL CALLS,ADD_POSITION,Month 3 (late add),2026-01,DOWN,5.7,YES,2026-02,DOWN,48.3,NO,2026-03,DOWN
VENTIVE,2026-Q1,ALL3_AGREE,DOWN,96.18,SELL CALLS,ADD_POSITION,Month 3 (late add),2026-01,DOWN,25.6,NO,2026-02,DOWN,38.1,NO,2026-03,DOWN
VERTOZ,2026-Q1,ALL3_AGREE,DOWN,96.18,SELL CALLS,ADD_POSITION,Month 3 (late add),2026-01,DOWN,91.2,NO,2026-02,DOWN,56.7,NO,2026-03,DOWN
VESUVIUS,2025-Q4,ALL3_AGREE,DOWN,96.18,SELL CALLS,ADD_POSITION,Month 3 (late add),2025-10,DOWN,47.0,NO,2025-11,DOWN,15.5,NO,2025-12,DOWN
VHLTD,2025-Q4,ALL3_AGREE,UP,96.18,SELL PUTS,ADD_POSITION,Month 3 (late add),2025-10,UP,44.0,YES,2025-11,UP,14.2,YES,2025-12,UP
VIDHIING,2026-Q1,ALL3_AGREE,DOWN,96.18,SELL CALLS,ADD_POSITION,Month 3 (late add),2026-01,DOWN,59.5,NO,2026-02,DOWN,11.6,NO,2026-03,DOWN
VIJIFIN,2025-Q4,ALL3_AGREE,DOWN,96.18,SELL CALLS,ADD_POSITION,Month 3 (late add),2025-10,DOWN,43.2,NO,2025-11,DOWN,7.9,NO,2025-12,DOWN
VIKASECO,2026-Q1,ALL3_AGREE,DOWN,96.18,SELL CALLS,ADD_POSITION,Month 3 (late add),2026-01,DOWN,47.1,NO,2026-02,DOWN,46.7,NO,2026-03,DOWN
VIKASLIFE,2025-Q4,ALL3_AGREE,DOWN,96.18,SELL CALLS,ADD_POSITION,Month 3 (late add),2025-10,DOWN,50.0,NO,2025-11,DOWN,55.9,NO,2025-12,DOWN
VIKASLIFE,2026-Q1,ALL3_AGREE,DOWN,96.18,SELL CALLS,ADD_POSITION,Month 3 (late add),2026-01,DOWN,17.1,NO,2026-02,DOWN,65.7,NO,2026-03,DOWN
VIKRAN,2025-Q4,ALL3_AGREE,UP,96.18,SELL PUTS,ADD_POSITION,Month 3 (late add),2025-10,UP,41.6,YES,2025-11,UP,18.3,YES,2025-12,UP
VIKRAN,2026-Q1,ALL3_AGREE,DOWN,96.18,SELL CALLS,ADD_POSITION,Month 3 (late add),2026-01,DOWN,75.0,NO,2026-02,DOWN,81.6,NO,2026-03,DOWN
VINATIORGA,2026-Q1,ALL3_AGREE,DOWN,96.18,SELL CALLS,ADD_POSITION,Month 3 (late add),2026-01,DOWN,41.9,NO,2026-02,DOWN,41.9,NO,2026-03,DOWN
VINEETLAB,2026-Q1,ALL3_AGREE,DOWN,96.18,SELL CALLS,ADD_POSITION,Month 3 (late add),2026-01,DOWN,53.5,NO,2026-02,DOWN,71.4,NO,2026-03,DOWN
VINNY,2025-Q4,ALL3_AGREE,UP,96.18,SELL PUTS,ADD_POSITION,Month 3 (late add),2025-10,UP,13.3,NO,2025-11,UP,38.9,YES,2025-12,UP
VINYLINDIA,2025-Q4,ALL3_AGREE,DOWN,96.18,SELL CALLS,ADD_POSITION,Month 3 (late add),2025-10,DOWN,25.4,NO,2025-11,DOWN,73.3,NO,2025-12,DOWN
VINYLINDIA,2026-Q1,ALL3_AGREE,DOWN,96.18,SELL CALLS,ADD_POSITION,Month 3 (late add),2026-01,DOWN,56.4,NO,2026-02,DOWN,19.8,NO,2026-03,DOWN
VIPCLOTHNG,2026-Q1,ALL3_AGREE,DOWN,96.18,SELL CALLS,ADD_POSITION,Month 3 (late add),2026-01,DOWN,47.6,NO,2026-02,DOWN,85.8,NO,2026-03,DOWN
VIPIND,2026-Q1,ALL3_AGREE,DOWN,96.18,SELL CALLS,ADD_POSITION,Month 3 (late add),2026-01,DOWN,17.2,NO,2026-02,DOWN,30.6,NO,2026-03,DOWN
VIRINCHI,2026-Q1,ALL3_AGREE,DOWN,96.18,SELL CALLS,ADD_POSITION,Month 3 (late add),2026-01,DOWN,39.1,NO,2026-02,DOWN,35.4,NO,2026-03,DOWN
VISHNU,2025-Q4,ALL3_AGREE,UP,96.18,SELL PUTS,ADD_POSITION,Month 3 (late add),2025-10,UP,86.8,YES,2025-11,UP,8.0,YES,2025-12,UP
VIVIDHA,2025-Q4,ALL3_AGREE,DOWN,96.18,SELL CALLS,ADD_POSITION,Month 3 (late add),2025-10,DOWN,14.3,NO,2025-11,DOWN,50.0,NO,2025-12,DOWN
VIVIMEDLAB,2026-Q1,ALL3_AGREE,DOWN,96.18,SELL CALLS,ADD_POSITION,Month 3 (late add),2026-01,DOWN,79.0,NO,2026-02,DOWN,55.2,NO,2026-03,DOWN
VLSFINANCE,2026-Q1,ALL3_AGREE,DOWN,96.18,SELL CALLS,ADD_POSITION,Month 3 (late add),2026-01,DOWN,73.5,NO,2026-02,DOWN,78.8,NO,2026-03,DOWN
VMART,2026-Q1,ALL3_AGREE,DOWN,96.18,SELL CALLS,ADD_POSITION,Month 3 (late add),2026-01,DOWN,42.7,NO,2026-02,DOWN,64.3,NO,2026-03,DOWN
VMM,2026-Q1,ALL3_AGREE,DOWN,96.18,SELL CALLS,ADD_POSITION,Month 3 (late add),2026-01,DOWN,49.9,NO,2026-02,DOWN,57.6,NO,2026-03,DOWN
VMSTMT,2025-Q4,ALL3_AGREE,DOWN,96.18,SELL CALLS,ADD_POSITION,Month 3 (late add),2025-10,DOWN,36.7,NO,2025-11,DOWN,89.2,NO,2025-12,DOWN
VMSTMT,2026-Q1,ALL3_AGREE,DOWN,96.18,SELL CALLS,ADD_POSITION,Month 3 (late add),2026-01,DOWN,53.5,NO,2026-02,DOWN,42.4,NO,2026-03,DOWN
VOLTAS,2025-Q4,ALL3_AGREE,UP,96.18,SELL PUTS,ADD_POSITION,Month 3 (late add),2025-10,UP,23.8,YES,2025-11,UP,0.4,NO,2025-12,UP
VRAJ,2025-Q4,ALL3_AGREE,DOWN,96.18,SELL CALLS,ADD_POSITION,Month 3 (late add),2025-10,DOWN,1.5,NO,2025-11,DOWN,89.2,NO,2025-12,DOWN
VTL,2025-Q4,ALL3_AGREE,UP,96.18,SELL PUTS,ADD_POSITION,Month 3 (late add),2025-10,UP,35.0,YES,2025-11,UP,4.9,NO,2025-12,UP
VTL,2026-Q1,ALL3_AGREE,UP,96.18,SELL PUTS,ADD_POSITION,Month 3 (late add),2026-01,UP,6.2,NO,2026-02,UP,82.4,YES,2026-03,UP
WAAREEINDO,2026-Q1,ALL3_AGREE,DOWN,96.18,SELL CALLS,ADD_POSITION,Month 3 (late add),2026-01,DOWN,59.4,NO,2026-02,DOWN,86.5,NO,2026-03,DOWN
WEALTH,2025-Q4,ALL3_AGREE,DOWN,96.18,SELL CALLS,ADD_POSITION,Month 3 (late add),2025-10,DOWN,53.7,NO,2025-11,DOWN,59.5,NO,2025-12,DOWN
WELINV,2025-Q4,ALL3_AGREE,UP,96.18,SELL PUTS,ADD_POSITION,Month 3 (late add),2025-10,UP,64.1,YES,2025-11,UP,10.5,YES,2025-12,UP
WESTLIFE,2025-Q4,ALL3_AGREE,DOWN,96.18,SELL CALLS,ADD_POSITION,Month 3 (late add),2025-10,DOWN,81.2,NO,2025-11,DOWN,38.1,NO,2025-12,DOWN
WEWIN,2026-Q1,ALL3_AGREE,DOWN,96.18,SELL CALLS,ADD_POSITION,Month 3 (late add),2026-01,DOWN,32.7,NO,2026-02,DOWN,1.3,YES,2026-03,DOWN
WEWORK,2026-Q1,ALL3_AGREE,DOWN,96.18,SELL CALLS,ADD_POSITION,Month 3 (late add),2026-01,DOWN,50.3,NO,2026-02,DOWN,71.9,NO,2026-03,DOWN
WINDMACHIN,2025-Q4,ALL3_AGREE,DOWN,96.18,SELL CALLS,ADD_POSITION,Month 3 (late add),2025-10,DOWN,8.3,YES,2025-11,DOWN,41.3,NO,2025-12,DOWN
WINDMACHIN,2026-Q1,ALL3_AGREE,DOWN,96.18,SELL CALLS,ADD_POSITION,Month 3 (late add),2026-01,DOWN,33.8,NO,2026-02,DOWN,19.3,NO,2026-03,DOWN
WIPRO,2025-Q4,ALL3_AGREE,UP,96.18,SELL PUTS,ADD_POSITION,Month 3 (late add),2025-10,UP,5.6,YES,2025-11,UP,55.5,YES,2025-12,UP
WIPRO,2026-Q1,ALL3_AGREE,DOWN,96.18,SELL CALLS,ADD_POSITION,Month 3 (late add),2026-01,DOWN,68.8,NO,2026-02,DOWN,58.9,NO,2026-03,DOWN
WONDERLA,2025-Q4,ALL3_AGREE,DOWN,96.18,SELL CALLS,ADD_POSITION,Month 3 (late add),2025-10,DOWN,49.5,NO,2025-11,DOWN,14.5,NO,2025-12,DOWN
WORTHPERI,2025-Q4,ALL3_AGREE,DOWN,96.18,SELL CALLS,ADD_POSITION,Month 3 (late add),2025-10,DOWN,21.2,NO,2025-11,DOWN,30.1,NO,2025-12,DOWN
WSI,2026-Q1,ALL3_AGREE,DOWN,96.18,SELL CALLS,ADD_POSITION,Month 3 (late add),2026-01,DOWN,55.9,NO,2026-02,DOWN,55.1,NO,2026-03,DOWN
WSTCSTPAPR,2025-Q4,ALL3_AGREE,DOWN,96.18,SELL CALLS,ADD_POSITION,Month 3 (late add),2025-10,DOWN,27.2,NO,2025-11,DOWN,44.5,NO,2025-12,DOWN
XCHANGING,2026-Q1,ALL3_AGREE,DOWN,96.18,SELL CALLS,ADD_POSITION,Month 3 (late add),2026-01,DOWN,62.9,NO,2026-02,DOWN,48.6,NO,2026-03,DOWN
XPROINDIA,2025-Q4,ALL3_AGREE,DOWN,96.18,SELL CALLS,ADD_POSITION,Month 3 (late add),2025-10,DOWN,42.4,NO,2025-11,DOWN,48.1,NO,2025-12,DOWN
YATRA,2025-Q4,ALL3_AGREE,UP,96.18,SELL PUTS,ADD_POSITION,Month 3 (late add),2025-10,UP,15.8,YES,2025-11,UP,45.4,YES,2025-12,UP
YATRA,2026-Q1,ALL3_AGREE,DOWN,96.18,SELL CALLS,ADD_POSITION,Month 3 (late add),2026-01,DOWN,67.8,NO,2026-02,DOWN,40.2,NO,2026-03,DOWN
YESBANK,2026-Q1,ALL3_AGREE,DOWN,96.18,SELL CALLS,ADD_POSITION,Month 3 (late add),2026-01,DOWN,7.9,NO,2026-02,DOWN,52.8,NO,2026-03,DOWN
YUKEN,2026-Q1,ALL3_AGREE,DOWN,96.18,SELL CALLS,ADD_POSITION,Month 3 (late add),2026-01,DOWN,51.7,NO,2026-02,DOWN,15.5,NO,2026-03,DOWN
ZAGGLE,2026-Q1,ALL3_AGREE,DOWN,96.18,SELL CALLS,ADD_POSITION,Month 3 (late add),2026-01,DOWN,75.6,NO,2026-02,DOWN,59.0,NO,2026-03,DOWN
ZEELEARN,2026-Q1,ALL3_AGREE,DOWN,96.18,SELL CALLS,ADD_POSITION,Month 3 (late add),2026-01,DOWN,68.0,NO,2026-02,DOWN,32.2,NO,2026-03,DOWN
ZEEMEDIA,2025-Q4,ALL3_AGREE,DOWN,96.18,SELL CALLS,ADD_POSITION,Month 3 (late add),2025-10,DOWN,45.9,NO,2025-11,DOWN,26.2,NO,2025-12,DOWN
ZENITHEXPO,2026-Q1,ALL3_AGREE,DOWN,96.18,SELL CALLS,ADD_POSITION,Month 3 (late add),2026-01,DOWN,0.4,YES,2026-02,DOWN,0.2,YES,2026-03,DOWN
ZODIAC,2025-Q4,ALL3_AGREE,DOWN,96.18,SELL CALLS,ADD_POSITION,Month 3 (late add),2025-10,DOWN,83.0,NO,2025-11,DOWN,38.1,NO,2025-12,DOWN
ZOTA,2026-Q1,ALL3_AGREE,DOWN,96.18,SELL CALLS,ADD_POSITION,Month 3 (late add),2026-01,DOWN,70.0,NO,2026-02,DOWN,38.6,NO,2026-03,DOWN
ZUARIIND,2026-Q1,ALL3_AGREE,DOWN,96.18,SELL CALLS,ADD_POSITION,Month 3 (late add),2026-01,DOWN,77.8,NO,2026-02,DOWN,21.3,NO,2026-03,DOWN
ZYDUSLIFE,2025-Q4,ALL3_AGREE,DOWN,96.18,SELL CALLS,ADD_POSITION,Month 3 (late add),2025-10,DOWN,11.0,NO,2025-11,DOWN,39.0,NO,2025-12,DOWN
20MICRONS,2025-Q4,M1_M2_AGREE,DOWN,86.65,SELL CALLS,FULL_POSITION,After Month 2 closes,2025-10,DOWN,12.7,NO,2025-11,DOWN,38.5,NO,2025-12,UP
21STCENMGM,2025-Q4,M1_M2_AGREE,DOWN,86.65,SELL CALLS,FULL_POSITION,After Month 2 closes,2025-10,DOWN,58.9,NO,2025-11,DOWN,72.9,NO,2025-12,UP
5PAISA,2026-Q1,M1_M2_AGREE,UP,86.65,SELL PUTS,FULL_POSITION,After Month 2 closes,2026-01,UP,15.5,YES,2026-02,UP,56.3,NO,2026-03,DOWN
A2ZINFRA,2025-Q4,M1_M2_AGREE,DOWN,86.65,SELL CALLS,FULL_POSITION,After Month 2 closes,2025-10,DOWN,2.5,NO,2025-11,DOWN,28.7,NO,2025-12,UP
AAATECH,2026-Q1,M1_M2_AGREE,UP,86.65,SELL PUTS,FULL_POSITION,After Month 2 closes,2026-01,UP,6.8,NO,2026-02,UP,10.3,YES,2026-03,DOWN
AADHARHFC,2026-Q1,M1_M2_AGREE,DOWN,86.65,SELL CALLS,FULL_POSITION,After Month 2 closes,2026-01,DOWN,7.0,YES,2026-02,DOWN,43.7,NO,2026-03,UP
AAREYDRUGS,2026-Q1,M1_M2_AGREE,UP,86.65,SELL PUTS,FULL_POSITION,After Month 2 closes,2026-01,UP,10.2,NO,2026-02,UP,40.5,YES,2026-03,DOWN
AARTIDRUGS,2025-Q4,M1_M2_AGREE,DOWN,86.65,SELL CALLS,FULL_POSITION,After Month 2 closes,2025-10,DOWN,7.7,YES,2025-11,DOWN,59.8,NO,2025-12,UP
AARTIPHARM,2025-Q4,M1_M2_AGREE,DOWN,86.65,SELL CALLS,FULL_POSITION,After Month 2 closes,2025-10,DOWN,33.8,YES,2025-11,DOWN,73.9,NO,2025-12,UP
AARTISURF,2026-Q1,M1_M2_AGREE,UP,86.65,SELL PUTS,FULL_POSITION,After Month 2 closes,2026-01,UP,21.8,YES,2026-02,UP,23.3,NO,2026-03,DOWN
AARVI,2026-Q1,M1_M2_AGREE,DOWN,86.65,SELL CALLS,FULL_POSITION,After Month 2 closes,2026-01,DOWN,15.2,YES,2026-02,DOWN,6.9,YES,2026-03,UP
ABB,2025-Q4,M1_M2_AGREE,DOWN,86.65,SELL CALLS,FULL_POSITION,After Month 2 closes,2025-10,DOWN,14.6,YES,2025-11,DOWN,9.6,NO,2025-12,UP
ABBOTINDIA,2026-Q1,M1_M2_AGREE,DOWN,86.65,SELL CALLS,FULL_POSITION,After Month 2 closes,2026-01,DOWN,60.9,NO,2026-02,DOWN,62.7,NO,2026-03,UP
ABCAPITAL,2025-Q4,M1_M2_AGREE,UP,86.65,SELL PUTS,FULL_POSITION,After Month 2 closes,2025-10,UP,70.7,YES,2025-11,UP,85.1,YES,2025-12,DOWN
ABFRL,2025-Q4,M1_M2_AGREE,DOWN,86.65,SELL CALLS,FULL_POSITION,After Month 2 closes,2025-10,DOWN,39.8,NO,2025-11,DOWN,37.7,NO,2025-12,UP
ABGSEC,2025-Q4,M1_M2_AGREE,UP,86.65,SELL PUTS,FULL_POSITION,After Month 2 closes,2025-10,UP,42.9,YES,2025-11,UP,84.0,YES,2025-12,DOWN
ABGSEC,2026-Q1,M1_M2_AGREE,UP,86.65,SELL PUTS,FULL_POSITION,After Month 2 closes,2026-01,UP,53.7,NO,2026-02,UP,36.2,YES,2026-03,FLAT
ABSLAMC,2025-Q4,M1_M2_AGREE,DOWN,86.65,SELL CALLS,FULL_POSITION,After Month 2 closes,2025-10,DOWN,20.9,NO,2025-11,DOWN,34.5,NO,2025-12,UP
ABSLMSCIN,2026-Q1,M1_M2_AGREE,DOWN,86.65,SELL CALLS,FULL_POSITION,After Month 2 closes,2026-02,DOWN,15.8,NO,2026-03,DOWN,84.2,NO,NOT YET CLOSED,
ACCELYA,2025-Q4,M1_M2_AGREE,DOWN,86.65,SELL CALLS,FULL_POSITION,After Month 2 closes,2025-10,DOWN,64.9,NO,2025-11,DOWN,69.8,NO,2025-12,UP
ACCELYA,2026-Q1,M1_M2_AGREE,DOWN,86.65,SELL CALLS,FULL_POSITION,After Month 2 closes,2026-01,DOWN,16.9,NO,2026-02,DOWN,41.6,NO,2026-03,UP
ACI,2025-Q4,M1_M2_AGREE,DOWN,86.65,SELL CALLS,FULL_POSITION,After Month 2 closes,2025-10,DOWN,20.8,NO,2025-11,DOWN,95.0,NO,2025-12,UP
ACUTAAS,2025-Q4,M1_M2_AGREE,UP,86.65,SELL PUTS,FULL_POSITION,After Month 2 closes,2025-10,UP,74.0,YES,2025-11,UP,44.4,YES,2025-12,DOWN
ADANI-RE,2025-Q4,M1_M2_AGREE,DOWN,86.65,SELL CALLS,FULL_POSITION,After Month 2 closes,2025-11,DOWN,79.2,NO,2025-12,DOWN,20.0,NO,NOT YET CLOSED,
ADANIPORTS,2025-Q4,M1_M2_AGREE,UP,86.65,SELL PUTS,FULL_POSITION,After Month 2 closes,2025-10,UP,42.6,YES,2025-11,UP,59.5,YES,2025-12,DOWN
ADL,2026-Q1,M1_M2_AGREE,DOWN,86.65,SELL CALLS,FULL_POSITION,After Month 2 closes,2026-01,DOWN,13.7,NO,2026-02,DOWN,12.9,NO,2026-03,UP
ADOR,2025-Q4,M1_M2_AGREE,UP,86.65,SELL PUTS,FULL_POSITION,After Month 2 closes,2025-10,UP,33.9,YES,2025-11,UP,9.3,YES,2025-12,DOWN
ADVAIT,2026-Q1,M1_M2_AGREE,UP,86.65,SELL PUTS,FULL_POSITION,After Month 2 closes,2026-01,UP,21.9,YES,2026-02,UP,33.5,YES,2026-03,DOWN
ADVANCE,2026-Q1,M1_M2_AGREE,UP,86.65,SELL PUTS,FULL_POSITION,After Month 2 closes,2026-01,UP,36.9,YES,2026-02,UP,46.8,NO,2026-03,DOWN
ADVANIHOTR,2026-Q1,M1_M2_AGREE,UP,86.65,SELL PUTS,FULL_POSITION,After Month 2 closes,2026-01,UP,19.0,NO,2026-02,UP,38.0,NO,2026-03,DOWN
AEROENTER,2025-Q4,M1_M2_AGREE,DOWN,86.65,SELL CALLS,FULL_POSITION,After Month 2 closes,2025-10,DOWN,7.0,NO,2025-11,DOWN,1.6,NO,2025-12,UP
AERONEU,2025-Q4,M1_M2_AGREE,DOWN,86.65,SELL CALLS,FULL_POSITION,After Month 2 closes,2025-10,DOWN,2.3,YES,2025-11,DOWN,30.7,NO,2025-12,UP
AFCONS,2026-Q1,M1_M2_AGREE,DOWN,86.65,SELL CALLS,FULL_POSITION,After Month 2 closes,2026-01,DOWN,72.8,NO,2026-02,DOWN,66.4,NO,2026-03,UP
AFFLE,2025-Q4,M1_M2_AGREE,DOWN,86.65,SELL CALLS,FULL_POSITION,After Month 2 closes,2025-10,DOWN,17.4,NO,2025-11,DOWN,98.4,NO,2025-12,UP
AGARWALEYE,2025-Q4,M1_M2_AGREE,UP,86.65,SELL PUTS,FULL_POSITION,After Month 2 closes,2025-10,UP,17.0,YES,2025-11,UP,33.6,YES,2025-12,DOWN
AGI,2026-Q1,M1_M2_AGREE,DOWN,86.65,SELL CALLS,FULL_POSITION,After Month 2 closes,2026-01,DOWN,78.1,NO,2026-02,DOWN,63.6,NO,2026-03,UP
AGROPHOS,2025-Q4,M1_M2_AGREE,DOWN,86.65,SELL CALLS,FULL_POSITION,After Month 2 closes,2025-10,DOWN,8.2,NO,2025-11,DOWN,19.4,NO,2025-12,UP
AGROPHOS,2026-Q1,M1_M2_AGREE,DOWN,86.65,SELL CALLS,FULL_POSITION,After Month 2 closes,2026-01,DOWN,71.1,NO,2026-02,DOWN,55.1,NO,2026-03,UP
AGSTRA,2025-Q4,M1_M2_AGREE,UP,86.65,SELL PUTS,FULL_POSITION,After Month 2 closes,2025-10,UP,33.0,YES,2025-11,UP,25.7,YES,2025-12,DOWN
AHCL,2026-Q1,M1_M2_AGREE,DOWN,86.65,SELL CALLS,FULL_POSITION,After Month 2 closes,2026-01,DOWN,73.2,NO,2026-02,DOWN,58.0,NO,2026-03,UP
AHLUCONT,2026-Q1,M1_M2_AGREE,DOWN,86.65,SELL CALLS,FULL_POSITION,After Month 2 closes,2026-01,DOWN,74.9,NO,2026-02,DOWN,45.2,NO,2026-03,UP
AIIL,2025-Q4,M1_M2_AGREE,DOWN,86.65,SELL CALLS,FULL_POSITION,After Month 2 closes,2025-10,DOWN,51.4,NO,2025-11,DOWN,67.3,NO,2025-12,UP
AIIL,2026-Q1,M1_M2_AGREE,DOWN,86.65,SELL CALLS,FULL_POSITION,After Month 2 closes,2026-01,DOWN,97.5,NO,2026-02,DOWN,25.2,NO,2026-03,UP
AKASH,2025-Q4,M1_M2_AGREE,DOWN,86.65,SELL CALLS,FULL_POSITION,After Month 2 closes,2025-10,DOWN,12.2,NO,2025-11,DOWN,80.4,NO,2025-12,UP
AKI,2025-Q4,M1_M2_AGREE,DOWN,86.65,SELL CALLS,FULL_POSITION,After Month 2 closes,2025-10,DOWN,57.1,NO,2025-11,DOWN,25.9,NO,2025-12,UP
AKSHARCHEM,2025-Q4,M1_M2_AGREE,UP,86.65,SELL PUTS,FULL_POSITION,After Month 2 closes,2025-10,UP,2.1,YES,2025-11,UP,0.2,YES,2025-12,DOWN
AKSHOPTFBR,2026-Q1,M1_M2_AGREE,DOWN,86.65,SELL CALLS,FULL_POSITION,After Month 2 closes,2026-01,DOWN,59.3,NO,2026-02,DOWN,41.1,NO,2026-03,UP
ALANKIT,2025-Q4,M1_M2_AGREE,DOWN,86.65,SELL CALLS,FULL_POSITION,After Month 2 closes,2025-10,DOWN,35.3,NO,2025-11,DOWN,68.2,NO,2025-12,UP
ALIVUS,2025-Q4,M1_M2_AGREE,DOWN,86.65,SELL CALLS,FULL_POSITION,After Month 2 closes,2025-10,DOWN,11.4,NO,2025-11,DOWN,21.3,NO,2025-12,UP
ALKALI,2025-Q4,M1_M2_AGREE,DOWN,86.65,SELL CALLS,FULL_POSITION,After Month 2 closes,2025-10,DOWN,13.5,NO,2025-11,DOWN,67.9,NO,2025-12,UP
ALLDIGI,2025-Q4,M1_M2_AGREE,DOWN,86.65,SELL CALLS,FULL_POSITION,After Month 2 closes,2025-10,DOWN,35.2,NO,2025-11,DOWN,38.4,NO,2025-12,UP
ALOKINDS,2025-Q4,M1_M2_AGREE,DOWN,86.65,SELL CALLS,FULL_POSITION,After Month 2 closes,2025-10,DOWN,5.2,NO,2025-11,DOWN,42.7,NO,2025-12,UP
ALPHA,2025-Q4,M1_M2_AGREE,UP,86.65,SELL PUTS,FULL_POSITION,After Month 2 closes,2025-10,UP,68.0,YES,2025-11,UP,32.8,YES,2025-12,DOWN
ALPHAETF,2025-Q4,M1_M2_AGREE,UP,86.65,SELL PUTS,FULL_POSITION,After Month 2 closes,2025-10,UP,76.9,YES,2025-11,UP,33.3,YES,2025-12,DOWN
ALPL30IETF,2025-Q4,M1_M2_AGREE,UP,86.65,SELL PUTS,FULL_POSITION,After Month 2 closes,2025-10,UP,44.8,YES,2025-11,UP,25.5,YES,2025-12,DOWN
AMAGI,2026-Q1,M1_M2_AGREE,UP,86.65,SELL PUTS,FULL_POSITION,After Month 2 closes,2026-01,UP,64.8,YES,2026-02,UP,18.4,YES,2026-03,DOWN
AMANTA,2025-Q4,M1_M2_AGREE,DOWN,86.65,SELL CALLS,FULL_POSITION,After Month 2 closes,2025-10,DOWN,50.7,NO,2025-11,DOWN,67.8,NO,2025-12,UP
AMBIKCO,2025-Q4,M1_M2_AGREE,DOWN,86.65,SELL CALLS,FULL_POSITION,After Month 2 closes,2025-10,DOWN,45.7,NO,2025-11,DOWN,89.0,NO,2025-12,UP
AMBIKCO,2026-Q1,M1_M2_AGREE,UP,86.65,SELL PUTS,FULL_POSITION,After Month 2 closes,2026-01,UP,17.0,YES,2026-02,UP,23.4,YES,2026-03,DOWN
AMBUJACEM,2025-Q4,M1_M2_AGREE,DOWN,86.65,SELL CALLS,FULL_POSITION,After Month 2 closes,2025-10,DOWN,22.4,NO,2025-11,DOWN,40.6,NO,2025-12,UP
AMJLAND,2025-Q4,M1_M2_AGREE,UP,86.65,SELL PUTS,FULL_POSITION,After Month 2 closes,2025-10,UP,8.4,YES,2025-11,UP,36.0,NO,2025-12,DOWN
ANGELONE,2025-Q4,M1_M2_AGREE,UP,86.65,SELL PUTS,FULL_POSITION,After Month 2 closes,2025-10,UP,75.3,YES,2025-11,UP,51.2,YES,2025-12,DOWN
ANMOL,2026-Q1,M1_M2_AGREE,DOWN,86.65,SELL CALLS,FULL_POSITION,After Month 2 closes,2026-01,DOWN,57.2,NO,2026-02,DOWN,3.1,YES,2026-03,FLAT
ANSALAPI,2025-Q4,M1_M2_AGREE,DOWN,86.65,SELL CALLS,FULL_POSITION,After Month 2 closes,2025-10,DOWN,94.6,NO,2025-11,DOWN,62.9,NO,2025-12,UP
ANTHEM,2025-Q4,M1_M2_AGREE,DOWN,86.65,SELL CALLS,FULL_POSITION,After Month 2 closes,2025-10,DOWN,58.5,NO,2025-11,DOWN,77.2,NO,2025-12,UP
ANUP,2025-Q4,M1_M2_AGREE,DOWN,86.65,SELL CALLS,FULL_POSITION,After Month 2 closes,2025-10,DOWN,10.3,NO,2025-11,DOWN,20.8,NO,2025-12,FLAT
ANUP,2026-Q1,M1_M2_AGREE,DOWN,86.65,SELL CALLS,FULL_POSITION,After Month 2 closes,2026-01,DOWN,83.1,NO,2026-02,DOWN,30.7,NO,2026-03,UP
APARINDS,2025-Q4,M1_M2_AGREE,UP,86.65,SELL PUTS,FULL_POSITION,After Month 2 closes,2025-10,UP,34.6,YES,2025-11,UP,37.6,YES,2025-12,DOWN
APCL,2025-Q4,M1_M2_AGREE,DOWN,86.65,SELL CALLS,FULL_POSITION,After Month 2 closes,2025-10,DOWN,43.8,NO,2025-11,DOWN,49.8,NO,2025-12,UP
APCOTEXIND,2026-Q1,M1_M2_AGREE,UP,86.65,SELL PUTS,FULL_POSITION,After Month 2 closes,2026-01,UP,2.5,YES,2026-02,UP,21.9,NO,2026-03,DOWN
APLAPOLLO,2026-Q1,M1_M2_AGREE,UP,86.65,SELL PUTS,FULL_POSITION,After Month 2 closes,2026-01,UP,39.3,YES,2026-02,UP,72.5,YES,2026-03,DOWN
APOLLOPIPE,2025-Q4,M1_M2_AGREE,DOWN,86.65,SELL CALLS,FULL_POSITION,After Month 2 closes,2025-10,DOWN,40.3,NO,2025-11,DOWN,44.4,NO,2025-12,UP
APOLLOTYRE,2025-Q4,M1_M2_AGREE,UP,86.65,SELL PUTS,FULL_POSITION,After Month 2 closes,2025-10,UP,42.5,YES,2025-11,UP,33.4,YES,2025-12,DOWN
APOLSINHOT,2026-Q1,M1_M2_AGREE,UP,86.65,SELL PUTS,FULL_POSITION,After Month 2 closes,2026-01,UP,41.9,YES,2026-02,UP,58.9,NO,2026-03,DOWN
AQYLON,2026-Q1,M1_M2_AGREE,DOWN,86.65,SELL CALLS,FULL_POSITION,After Month 2 closes,2026-02,DOWN,85.2,NO,2026-03,DOWN,91.2,NO,NOT YET CLOSED,
ARCHIDPLY,2025-Q4,M1_M2_AGREE,DOWN,86.65,SELL CALLS,FULL_POSITION,After Month 2 closes,2025-10,DOWN,55.8,NO,2025-11,DOWN,80.9,NO,2025-12,UP
ARCHIES,2025-Q4,M1_M2_AGREE,DOWN,86.65,SELL CALLS,FULL_POSITION,After Month 2 closes,2025-10,DOWN,47.2,NO,2025-11,DOWN,73.5,NO,2025-12,UP
ARENTERP,2025-Q4,M1_M2_AGREE,UP,86.65,SELL PUTS,FULL_POSITION,After Month 2 closes,2025-10,UP,41.1,YES,2025-11,UP,66.2,YES,2025-12,DOWN
ARENTERP,2026-Q1,M1_M2_AGREE,DOWN,86.65,SELL CALLS,FULL_POSITION,After Month 2 closes,2026-01,DOWN,70.1,NO,2026-02,DOWN,60.2,NO,2026-03,UP
ARFIN,2026-Q1,M1_M2_AGREE,DOWN,86.65,SELL CALLS,FULL_POSITION,After Month 2 closes,2026-01,DOWN,12.2,YES,2026-02,DOWN,25.4,NO,2026-03,UP
ARISINFRA,2026-Q1,M1_M2_AGREE,DOWN,86.65,SELL CALLS,FULL_POSITION,After Month 2 closes,2026-01,DOWN,55.2,NO,2026-02,DOWN,95.1,NO,NOT YET CLOSED,
ARMANFIN,2025-Q4,M1_M2_AGREE,UP,86.65,SELL PUTS,FULL_POSITION,After Month 2 closes,2025-10,UP,68.4,YES,2025-11,UP,12.6,YES,2025-12,DOWN
ARMANFIN,2026-Q1,M1_M2_AGREE,UP,86.65,SELL PUTS,FULL_POSITION,After Month 2 closes,2026-01,UP,29.8,YES,2026-02,UP,21.4,NO,2026-03,DOWN
AROGRANITE,2025-Q4,M1_M2_AGREE,DOWN,86.65,SELL CALLS,FULL_POSITION,After Month 2 closes,2025-10,DOWN,26.2,NO,2025-11,DOWN,53.8,NO,2025-12,UP
ARSSBL,2025-Q4,M1_M2_AGREE,UP,86.65,SELL PUTS,FULL_POSITION,After Month 2 closes,2025-10,UP,66.3,YES,2025-11,UP,62.9,YES,2025-12,DOWN
ARTEMISMED,2025-Q4,M1_M2_AGREE,UP,86.65,SELL PUTS,FULL_POSITION,After Month 2 closes,2025-10,UP,42.5,YES,2025-11,UP,69.5,YES,2025-12,DOWN
ARVIND,2025-Q4,M1_M2_AGREE,UP,86.65,SELL PUTS,FULL_POSITION,After Month 2 closes,2025-10,UP,32.0,YES,2025-11,UP,57.4,YES,2025-12,DOWN
ARVIND,2026-Q1,M1_M2_AGREE,UP,86.65,SELL PUTS,FULL_POSITION,After Month 2 closes,2026-01,UP,6.5,NO,2026-02,UP,37.5,YES,2026-03,FLAT
ARVINDFASN,2025-Q4,M1_M2_AGREE,DOWN,86.65,SELL CALLS,FULL_POSITION,After Month 2 closes,2025-10,DOWN,49.8,NO,2025-11,DOWN,2.1,YES,2025-12,UP
ARVSMART,2025-Q4,M1_M2_AGREE,DOWN,86.65,SELL CALLS,FULL_POSITION,After Month 2 closes,2025-10,DOWN,19.2,NO,2025-11,DOWN,63.8,NO,2025-12,UP
ASAHIINDIA,2025-Q4,M1_M2_AGREE,UP,86.65,SELL PUTS,FULL_POSITION,After Month 2 closes,2025-10,UP,55.1,YES,2025-11,UP,48.2,YES,2025-12,DOWN
ASAHISONG,2025-Q4,M1_M2_AGREE,DOWN,86.65,SELL CALLS,FULL_POSITION,After Month 2 closes,2025-10,DOWN,7.7,NO,2025-11,DOWN,29.2,NO,2025-12,UP
ASAL,2026-Q1,M1_M2_AGREE,UP,86.65,SELL PUTS,FULL_POSITION,After Month 2 closes,2026-01,UP,20.8,NO,2026-02,UP,23.3,YES,2026-03,DOWN
ASHIANA,2026-Q1,M1_M2_AGREE,UP,86.65,SELL PUTS,FULL_POSITION,After Month 2 closes,2026-01,UP,10.2,YES,2026-02,UP,35.9,YES,2026-03,DOWN
ASHIMASYN,2026-Q1,M1_M2_AGREE,DOWN,86.65,SELL CALLS,FULL_POSITION,After Month 2 closes,2026-01,DOWN,70.6,NO,2026-02,DOWN,49.0,NO,2026-03,UP
ASHOKAMET,2025-Q4,M1_M2_AGREE,DOWN,86.65,SELL CALLS,FULL_POSITION,After Month 2 closes,2025-10,DOWN,11.9,NO,2025-11,DOWN,44.0,NO,2025-12,UP
ASHOKLEY,2026-Q1,M1_M2_AGREE,UP,86.65,SELL PUTS,FULL_POSITION,After Month 2 closes,2026-01,UP,81.8,YES,2026-02,UP,50.6,YES,2026-03,DOWN
ASIANHOTNR,2026-Q1,M1_M2_AGREE,DOWN,86.65,SELL CALLS,FULL_POSITION,After Month 2 closes,2026-01,DOWN,44.8,NO,2026-02,DOWN,26.4,NO,2026-03,UP
ASIANPAINT,2025-Q4,M1_M2_AGREE,UP,86.65,SELL PUTS,FULL_POSITION,After Month 2 closes,2025-10,UP,63.7,YES,2025-11,UP,84.2,YES,2025-12,DOWN
ASKAUTOLTD,2026-Q1,M1_M2_AGREE,DOWN,86.65,SELL CALLS,FULL_POSITION,After Month 2 closes,2026-01,DOWN,41.8,NO,2026-02,DOWN,50.3,NO,2026-03,UP
ASTRON,2026-Q1,M1_M2_AGREE,DOWN,86.65,SELL CALLS,FULL_POSITION,After Month 2 closes,2026-01,DOWN,71.7,NO,2026-02,DOWN,63.1,NO,2026-03,UP
ATAM,2026-Q1,M1_M2_AGREE,DOWN,86.65,SELL CALLS,FULL_POSITION,After Month 2 closes,2026-01,DOWN,60.0,NO,2026-02,DOWN,77.6,NO,2026-03,UP
ATGL,2026-Q1,M1_M2_AGREE,DOWN,86.65,SELL CALLS,FULL_POSITION,After Month 2 closes,2026-01,DOWN,33.8,NO,2026-02,DOWN,33.6,NO,2026-03,UP
ATL,2025-Q4,M1_M2_AGREE,DOWN,86.65,SELL CALLS,FULL_POSITION,After Month 2 closes,2025-10,DOWN,46.0,NO,2025-11,DOWN,64.0,NO,2025-12,UP
ATL-RE,2025-Q4,M1_M2_AGREE,DOWN,86.65,SELL CALLS,FULL_POSITION,After Month 2 closes,2025-11,DOWN,45.1,NO,2025-12,DOWN,18.9,NO,NOT YET CLOSED,
ATLANTAA,2025-Q4,M1_M2_AGREE,DOWN,86.65,SELL CALLS,FULL_POSITION,After Month 2 closes,2025-10,DOWN,15.3,YES,2025-11,DOWN,61.0,NO,2025-12,UP
ATLASCYCLE,2025-Q4,M1_M2_AGREE,DOWN,86.65,SELL CALLS,FULL_POSITION,After Month 2 closes,2025-10,DOWN,72.3,NO,2025-11,DOWN,68.9,NO,2025-12,UP
ATUL,2026-Q1,M1_M2_AGREE,UP,86.65,SELL PUTS,FULL_POSITION,After Month 2 closes,2026-01,UP,10.2,YES,2026-02,UP,33.1,YES,2026-03,DOWN
ATULAUTO,2025-Q4,M1_M2_AGREE,UP,86.65,SELL PUTS,FULL_POSITION,After Month 2 closes,2025-10,UP,11.0,YES,2025-11,UP,15.9,NO,2025-12,DOWN
AURIGROW,2026-Q1,M1_M2_AGREE,DOWN,86.65,SELL CALLS,FULL_POSITION,After Month 2 closes,2026-01,DOWN,85.7,NO,2026-02,DOWN,88.0,NO,2026-03,UP
AUSOMENT,2025-Q4,M1_M2_AGREE,UP,86.65,SELL PUTS,FULL_POSITION,After Month 2 closes,2025-10,UP,25.3,YES,2025-11,UP,35.6,YES,2025-12,DOWN
AUTOIND,2025-Q4,M1_M2_AGREE,DOWN,86.65,SELL CALLS,FULL_POSITION,After Month 2 closes,2025-10,DOWN,6.7,NO,2025-11,DOWN,51.6,NO,2025-12,UP
AVADHSUGAR,2025-Q4,M1_M2_AGREE,DOWN,86.65,SELL CALLS,FULL_POSITION,After Month 2 closes,2025-10,DOWN,27.4,YES,2025-11,DOWN,84.7,NO,2025-12,UP
AVADHSUGAR,2026-Q1,M1_M2_AGREE,DOWN,86.65,SELL CALLS,FULL_POSITION,After Month 2 closes,2026-01,DOWN,54.4,NO,2026-02,DOWN,67.2,YES,2026-03,UP
AVANTEL,2025-Q4,M1_M2_AGREE,DOWN,86.65,SELL CALLS,FULL_POSITION,After Month 2 closes,2025-10,DOWN,5.4,NO,2025-11,DOWN,61.2,NO,2025-12,UP
AVG,2025-Q4,M1_M2_AGREE,DOWN,86.65,SELL CALLS,FULL_POSITION,After Month 2 closes,2025-10,DOWN,18.7,NO,2025-11,DOWN,64.4,NO,2025-12,UP
AWFIS,2026-Q1,M1_M2_AGREE,DOWN,86.65,SELL CALLS,FULL_POSITION,After Month 2 closes,2026-01,DOWN,90.5,NO,2026-02,DOWN,85.1,NO,2026-03,UP
AWHCL,2025-Q4,M1_M2_AGREE,DOWN,86.65,SELL CALLS,FULL_POSITION,After Month 2 closes,2025-10,DOWN,1.0,NO,2025-11,DOWN,90.5,NO,2025-12,UP
AXISBANK,2025-Q4,M1_M2_AGREE,UP,86.65,SELL PUTS,FULL_POSITION,After Month 2 closes,2025-10,UP,68.8,YES,2025-11,UP,60.0,YES,2025-12,DOWN
AXISBANK,2026-Q1,M1_M2_AGREE,UP,86.65,SELL PUTS,FULL_POSITION,After Month 2 closes,2026-01,UP,74.1,YES,2026-02,UP,9.4,YES,2026-03,DOWN
AXISBPSETF,2026-Q1,M1_M2_AGREE,DOWN,86.65,SELL CALLS,FULL_POSITION,After Month 2 closes,2026-01,DOWN,34.9,NO,2026-02,DOWN,38.7,NO,2026-03,FLAT
AXISCETF,2025-Q4,M1_M2_AGREE,UP,86.65,SELL PUTS,FULL_POSITION,After Month 2 closes,2025-10,UP,37.1,YES,2025-11,UP,5.7,YES,2025-12,DOWN
AXISGOLD,2026-Q1,M1_M2_AGREE,UP,86.65,SELL PUTS,FULL_POSITION,After Month 2 closes,2026-01,UP,48.9,YES,2026-02,UP,31.4,YES,2026-03,DOWN
AXISNIFTY,2025-Q4,M1_M2_AGREE,UP,86.65,SELL PUTS,FULL_POSITION,After Month 2 closes,2025-10,UP,37.7,YES,2025-11,UP,28.1,YES,2025-12,DOWN
AXISVALUE,2026-Q1,M1_M2_AGREE,UP,86.65,SELL PUTS,FULL_POSITION,After Month 2 closes,2026-01,UP,21.6,YES,2026-02,UP,70.4,YES,2026-03,DOWN
AXITA,2026-Q1,M1_M2_AGREE,DOWN,86.65,SELL CALLS,FULL_POSITION,After Month 2 closes,2026-01,DOWN,81.7,NO,2026-02,DOWN,52.3,NO,2026-03,UP
AXSENSEX,2025-Q4,M1_M2_AGREE,UP,86.65,SELL PUTS,FULL_POSITION,After Month 2 closes,2025-10,UP,28.5,YES,2025-11,UP,14.1,YES,2025-12,FLAT
AYE,2026-Q1,M1_M2_AGREE,DOWN,86.65,SELL CALLS,FULL_POSITION,After Month 2 closes,2026-02,DOWN,33.6,NO,2026-03,DOWN,41.2,NO,NOT YET CLOSED,
AZAD,2025-Q4,M1_M2_AGREE,UP,86.65,SELL PUTS,FULL_POSITION,After Month 2 closes,2025-10,UP,56.1,YES,2025-11,UP,20.4,NO,2025-12,DOWN
BAIDFIN,2025-Q4,M1_M2_AGREE,DOWN,86.65,SELL CALLS,FULL_POSITION,After Month 2 closes,2025-10,DOWN,4.0,YES,2025-11,DOWN,34.2,NO,2025-12,UP
BAJAJCON,2026-Q1,M1_M2_AGREE,UP,86.65,SELL PUTS,FULL_POSITION,After Month 2 closes,2026-01,UP,82.4,YES,2026-02,UP,52.4,YES,2026-03,DOWN
BAJAJELEC,2026-Q1,M1_M2_AGREE,DOWN,86.65,SELL CALLS,FULL_POSITION,After Month 2 closes,2026-01,DOWN,59.5,NO,2026-02,DOWN,59.4,NO,2026-03,UP
BAJAJHIND,2026-Q1,M1_M2_AGREE,DOWN,86.65,SELL CALLS,FULL_POSITION,After Month 2 closes,2026-01,DOWN,65.9,NO,2026-02,DOWN,9.2,NO,2026-03,UP
BAJAJINDEF,2026-Q1,M1_M2_AGREE,DOWN,86.65,SELL CALLS,FULL_POSITION,After Month 2 closes,2026-01,DOWN,49.1,NO,2026-02,DOWN,65.2,NO,2026-03,UP
BAJEL,2025-Q4,M1_M2_AGREE,DOWN,86.65,SELL CALLS,FULL_POSITION,After Month 2 closes,2025-10,DOWN,40.3,NO,2025-11,DOWN,63.0,NO,2025-12,UP
BALAJEE,2025-Q4,M1_M2_AGREE,DOWN,86.65,SELL CALLS,FULL_POSITION,After Month 2 closes,2025-10,DOWN,12.9,NO,2025-11,DOWN,56.5,NO,2025-12,UP
BALAJEE,2026-Q1,M1_M2_AGREE,DOWN,86.65,SELL CALLS,FULL_POSITION,After Month 2 closes,2026-01,DOWN,79.7,NO,2026-02,DOWN,83.0,NO,2026-03,UP
BALAMINES,2026-Q1,M1_M2_AGREE,UP,86.65,SELL PUTS,FULL_POSITION,After Month 2 closes,2026-01,UP,1.4,NO,2026-02,UP,39.7,NO,2026-03,DOWN
BALKRISIND,2025-Q4,M1_M2_AGREE,UP,86.65,SELL PUTS,FULL_POSITION,After Month 2 closes,2025-10,UP,9.0,YES,2025-11,UP,25.0,YES,2025-12,DOWN
BALMLAWRIE,2025-Q4,M1_M2_AGREE,DOWN,86.65,SELL CALLS,FULL_POSITION,After Month 2 closes,2025-10,DOWN,64.7,NO,2025-11,DOWN,81.2,NO,2025-12,UP
BALUFORGE,2025-Q4,M1_M2_AGREE,DOWN,86.65,SELL CALLS,FULL_POSITION,After Month 2 closes,2025-10,DOWN,4.2,NO,2025-11,DOWN,24.2,NO,2025-12,UP
BANCOINDIA,2025-Q4,M1_M2_AGREE,DOWN,86.65,SELL CALLS,FULL_POSITION,After Month 2 closes,2025-10,DOWN,67.2,NO,2025-11,DOWN,17.4,NO,2025-12,UP
BANDHANBNK,2026-Q1,M1_M2_AGREE,UP,86.65,SELL PUTS,FULL_POSITION,After Month 2 closes,2026-01,UP,45.2,YES,2026-02,UP,64.0,YES,2026-03,DOWN
BANG,2025-Q4,M1_M2_AGREE,UP,86.65,SELL PUTS,FULL_POSITION,After Month 2 closes,2025-10,UP,24.5,YES,2025-11,UP,44.4,NO,2025-12,DOWN
BANKBEES,2025-Q4,M1_M2_AGREE,UP,86.65,SELL PUTS,FULL_POSITION,After Month 2 closes,2025-10,UP,39.4,YES,2025-11,UP,60.9,YES,2025-12,DOWN
BANKBETA,2026-Q1,M1_M2_AGREE,UP,86.65,SELL PUTS,FULL_POSITION,After Month 2 closes,2026-01,UP,49.6,YES,2026-02,UP,1.6,YES,2026-03,DOWN
BANKBETF,2025-Q4,M1_M2_AGREE,UP,86.65,SELL PUTS,FULL_POSITION,After Month 2 closes,2025-10,UP,87.0,YES,2025-11,UP,63.6,YES,2025-12,DOWN
BANKETF,2025-Q4,M1_M2_AGREE,UP,86.65,SELL PUTS,FULL_POSITION,After Month 2 closes,2025-10,UP,79.7,YES,2025-11,UP,76.6,YES,2025-12,DOWN
BANKIETF,2026-Q1,M1_M2_AGREE,UP,86.65,SELL PUTS,FULL_POSITION,After Month 2 closes,2026-01,UP,1.7,YES,2026-02,UP,14.3,NO,2026-03,DOWN
BANKINDIA,2025-Q4,M1_M2_AGREE,UP,86.65,SELL PUTS,FULL_POSITION,After Month 2 closes,2025-10,UP,79.5,YES,2025-11,UP,48.9,YES,2025-12,DOWN
BANKINDIA,2026-Q1,M1_M2_AGREE,UP,86.65,SELL PUTS,FULL_POSITION,After Month 2 closes,2026-01,UP,73.7,YES,2026-02,UP,38.1,YES,2026-03,DOWN
BANKNIFTY1,2025-Q4,M1_M2_AGREE,UP,86.65,SELL PUTS,FULL_POSITION,After Month 2 closes,2025-10,UP,65.1,YES,2025-11,UP,45.8,YES,2025-12,DOWN
BANKPSU,2025-Q4,M1_M2_AGREE,UP,86.65,SELL PUTS,FULL_POSITION,After Month 2 closes,2025-10,UP,78.2,YES,2025-11,UP,40.2,YES,2025-12,DOWN
BANKPSU,2026-Q1,M1_M2_AGREE,UP,86.65,SELL PUTS,FULL_POSITION,After Month 2 closes,2026-01,UP,62.7,YES,2026-02,UP,45.5,YES,2026-03,DOWN
BASML,2025-Q4,M1_M2_AGREE,UP,86.65,SELL PUTS,FULL_POSITION,After Month 2 closes,2025-10,UP,63.4,YES,2025-11,UP,44.6,YES,2025-12,DOWN
BBETF0432,2025-Q4,M1_M2_AGREE,UP,86.65,SELL PUTS,FULL_POSITION,After Month 2 closes,2025-10,UP,65.3,YES,2025-11,UP,29.1,YES,2025-12,DOWN
BBTC,2025-Q4,M1_M2_AGREE,UP,86.65,SELL PUTS,FULL_POSITION,After Month 2 closes,2025-10,UP,60.4,YES,2025-11,UP,66.1,NO,2025-12,DOWN
BBTCL,2025-Q4,M1_M2_AGREE,UP,86.65,SELL PUTS,FULL_POSITION,After Month 2 closes,2025-10,UP,1.9,NO,2025-11,UP,7.0,YES,2025-12,DOWN
BBTCL,2026-Q1,M1_M2_AGREE,DOWN,86.65,SELL CALLS,FULL_POSITION,After Month 2 closes,2026-01,DOWN,0.0,NO,2026-02,DOWN,34.8,NO,2026-03,UP
BCG,2025-Q4,M1_M2_AGREE,UP,86.65,SELL PUTS,FULL_POSITION,After Month 2 closes,2025-10,UP,19.1,NO,2025-11,UP,21.4,NO,2025-12,DOWN
BCONCEPTS,2025-Q4,M1_M2_AGREE,DOWN,86.65,SELL CALLS,FULL_POSITION,After Month 2 closes,2025-10,DOWN,42.0,NO,2025-11,DOWN,38.3,NO,2025-12,UP
BECTORFOOD,2025-Q4,M1_M2_AGREE,UP,86.65,SELL PUTS,FULL_POSITION,After Month 2 closes,2025-10,UP,49.3,YES,2025-11,UP,29.1,NO,2025-12,DOWN
BEDMUTHA,2025-Q4,M1_M2_AGREE,DOWN,86.65,SELL CALLS,FULL_POSITION,After Month 2 closes,2025-10,DOWN,57.3,NO,2025-11,DOWN,50.9,NO,2025-12,UP
BELLACASA,2026-Q1,M1_M2_AGREE,DOWN,86.65,SELL CALLS,FULL_POSITION,After Month 2 closes,2026-01,DOWN,64.5,NO,2026-02,DOWN,69.5,NO,2026-03,UP
BERGEPAINT,2025-Q4,M1_M2_AGREE,UP,86.65,SELL PUTS,FULL_POSITION,After Month 2 closes,2025-10,UP,70.8,YES,2025-11,UP,37.0,YES,2025-12,DOWN
BETA,2026-Q1,M1_M2_AGREE,DOWN,86.65,SELL CALLS,FULL_POSITION,After Month 2 closes,2026-01,DOWN,34.8,NO,2026-02,DOWN,86.2,NO,2026-03,UP
BFSI,2025-Q4,M1_M2_AGREE,UP,86.65,SELL PUTS,FULL_POSITION,After Month 2 closes,2025-10,UP,67.1,YES,2025-11,UP,34.0,YES,2025-12,DOWN
BFUTILITIE,2025-Q4,M1_M2_AGREE,DOWN,86.65,SELL CALLS,FULL_POSITION,After Month 2 closes,2025-10,DOWN,35.8,NO,2025-11,DOWN,86.3,NO,2025-12,UP
BGLOBAL,2026-Q1,M1_M2_AGREE,DOWN,86.65,SELL CALLS,FULL_POSITION,After Month 2 closes,2026-01,DOWN,100.0,NO,2026-02,DOWN,34.2,NO,2026-03,FLAT
BGRENERGY,2025-Q4,M1_M2_AGREE,UP,86.65,SELL PUTS,FULL_POSITION,After Month 2 closes,2025-10,UP,77.0,YES,2025-11,UP,4.3,YES,2025-12,DOWN
BHARATCOAL,2026-Q1,M1_M2_AGREE,DOWN,86.65,SELL CALLS,FULL_POSITION,After Month 2 closes,2026-01,DOWN,52.1,NO,2026-02,DOWN,76.5,NO,2026-03,UP
BHEL,2025-Q4,M1_M2_AGREE,UP,86.65,SELL PUTS,FULL_POSITION,After Month 2 closes,2025-10,UP,69.0,YES,2025-11,UP,63.1,YES,2025-12,DOWN
BILVYAPAR,2025-Q4,M1_M2_AGREE,DOWN,86.65,SELL CALLS,FULL_POSITION,After Month 2 closes,2025-10,DOWN,35.7,NO,2025-11,DOWN,95.4,NO,2025-12,UP
BIOCON,2025-Q4,M1_M2_AGREE,UP,86.65,SELL PUTS,FULL_POSITION,After Month 2 closes,2025-10,UP,80.8,YES,2025-11,UP,50.1,YES,2025-12,DOWN
BIRLANU,2025-Q4,M1_M2_AGREE,DOWN,86.65,SELL CALLS,FULL_POSITION,After Month 2 closes,2025-10,DOWN,19.4,NO,2025-11,DOWN,76.0,NO,2025-12,UP
BLAL,2025-Q4,M1_M2_AGREE,DOWN,86.65,SELL CALLS,FULL_POSITION,After Month 2 closes,2025-10,DOWN,47.1,NO,2025-11,DOWN,30.2,NO,2025-12,UP
BLBLIMITED,2026-Q1,M1_M2_AGREE,UP,86.65,SELL PUTS,FULL_POSITION,After Month 2 closes,2026-01,UP,14.4,NO,2026-02,UP,42.3,YES,2026-03,DOWN
BLUESTONE,2026-Q1,M1_M2_AGREE,DOWN,86.65,SELL CALLS,FULL_POSITION,After Month 2 closes,2026-01,DOWN,38.9,NO,2026-02,DOWN,11.4,NO,2026-03,UP
BONLON,2026-Q1,M1_M2_AGREE,DOWN,86.65,SELL CALLS,FULL_POSITION,After Month 2 closes,2026-02,DOWN,24.3,NO,2026-03,DOWN,25.4,NO,NOT YET CLOSED,
BOROLTD,2026-Q1,M1_M2_AGREE,DOWN,86.65,SELL CALLS,FULL_POSITION,After Month 2 closes,2026-01,DOWN,55.8,NO,2026-02,DOWN,35.7,NO,2026-03,UP
BOROSCI,2026-Q1,M1_M2_AGREE,DOWN,86.65,SELL CALLS,FULL_POSITION,After Month 2 closes,2026-01,DOWN,41.6,NO,2026-02,DOWN,24.6,NO,2026-03,UP
BRNL,2025-Q4,M1_M2_AGREE,UP,86.65,SELL PUTS,FULL_POSITION,After Month 2 closes,2025-10,UP,21.6,YES,2025-11,UP,11.4,YES,2025-12,DOWN
BSE,2025-Q4,M1_M2_AGREE,UP,86.65,SELL PUTS,FULL_POSITION,After Month 2 closes,2025-10,UP,81.7,YES,2025-11,UP,77.5,YES,2025-12,DOWN
BSHSL,2025-Q4,M1_M2_AGREE,DOWN,86.65,SELL CALLS,FULL_POSITION,After Month 2 closes,2025-10,DOWN,13.4,NO,2025-11,DOWN,85.7,NO,2025-12,UP
BSL,2026-Q1,M1_M2_AGREE,DOWN,86.65,SELL CALLS,FULL_POSITION,After Month 2 closes,2026-01,DOWN,51.6,NO,2026-02,DOWN,61.0,NO,2026-03,FLAT
BSLGOLDETF,2026-Q1,M1_M2_AGREE,UP,86.65,SELL PUTS,FULL_POSITION,After Month 2 closes,2026-01,UP,52.0,YES,2026-02,UP,8.4,YES,2026-03,DOWN
BSLNIFTY,2025-Q4,M1_M2_AGREE,UP,86.65,SELL PUTS,FULL_POSITION,After Month 2 closes,2025-10,UP,68.6,YES,2025-11,UP,24.7,YES,2025-12,DOWN
BSLSENETFG,2025-Q4,M1_M2_AGREE,UP,86.65,SELL PUTS,FULL_POSITION,After Month 2 closes,2025-10,UP,62.9,YES,2025-11,UP,64.6,YES,2025-12,DOWN
BTML,2026-Q1,M1_M2_AGREE,DOWN,86.65,SELL CALLS,FULL_POSITION,After Month 2 closes,2026-01,DOWN,41.2,NO,2026-02,DOWN,60.3,NO,2026-03,UP
BUTTERFLY,2026-Q1,M1_M2_AGREE,DOWN,86.65,SELL CALLS,FULL_POSITION,After Month 2 closes,2026-01,DOWN,43.3,NO,2026-02,DOWN,5.8,YES,2026-03,UP
CALSOFT,2026-Q1,M1_M2_AGREE,DOWN,86.65,SELL CALLS,FULL_POSITION,After Month 2 closes,2026-01,DOWN,69.5,NO,2026-02,DOWN,68.6,NO,2026-03,UP
CAMLINFINE,2025-Q4,M1_M2_AGREE,DOWN,86.65,SELL CALLS,FULL_POSITION,After Month 2 closes,2025-10,DOWN,2.1,NO,2025-11,DOWN,57.8,NO,2025-12,UP
CANFINHOME,2026-Q1,M1_M2_AGREE,DOWN,86.65,SELL CALLS,FULL_POSITION,After Month 2 closes,2026-01,DOWN,6.9,YES,2026-02,DOWN,70.6,NO,2026-03,UP
CANHLIFE,2026-Q1,M1_M2_AGREE,DOWN,86.65,SELL CALLS,FULL_POSITION,After Month 2 closes,2026-01,DOWN,0.2,YES,2026-02,DOWN,31.5,NO,2026-03,UP
CAPILLARY,2025-Q4,M1_M2_AGREE,UP,86.65,SELL PUTS,FULL_POSITION,After Month 2 closes,2025-11,UP,26.0,YES,2025-12,UP,29.5,YES,NOT YET CLOSED,
CAPILLARY,2026-Q1,M1_M2_AGREE,DOWN,86.65,SELL CALLS,FULL_POSITION,After Month 2 closes,2026-01,DOWN,54.4,NO,2026-02,DOWN,79.2,NO,2026-03,UP
CAPLIPOINT,2026-Q1,M1_M2_AGREE,DOWN,86.65,SELL CALLS,FULL_POSITION,After Month 2 closes,2026-01,DOWN,54.9,NO,2026-02,DOWN,25.4,NO,2026-03,UP
CAPTRU-RE1,2025-Q4,M1_M2_AGREE,DOWN,86.65,SELL CALLS,FULL_POSITION,After Month 2 closes,2025-10,DOWN,53.4,NO,2025-11,DOWN,83.1,NO,NOT YET CLOSED,
CAPTRUST,2025-Q4,M1_M2_AGREE,DOWN,86.65,SELL CALLS,FULL_POSITION,After Month 2 closes,2025-10,DOWN,36.5,NO,2025-11,DOWN,96.7,NO,2025-12,UP
CARRARO,2025-Q4,M1_M2_AGREE,UP,86.65,SELL PUTS,FULL_POSITION,After Month 2 closes,2025-10,UP,81.1,YES,2025-11,UP,43.2,YES,2025-12,DOWN
CARTRADE,2025-Q4,M1_M2_AGREE,UP,86.65,SELL PUTS,FULL_POSITION,After Month 2 closes,2025-10,UP,71.5,YES,2025-11,UP,12.2,YES,2025-12,DOWN
CARYSIL,2025-Q4,M1_M2_AGREE,UP,86.65,SELL PUTS,FULL_POSITION,After Month 2 closes,2025-10,UP,72.7,YES,2025-11,UP,46.9,YES,2025-12,DOWN
CASHIETF,2026-Q1,M1_M2_AGREE,UP,86.65,SELL PUTS,FULL_POSITION,After Month 2 closes,2026-01,UP,50.6,YES,2026-02,UP,100.0,YES,2026-03,FLAT
CASTROLIND,2025-Q4,M1_M2_AGREE,DOWN,86.65,SELL CALLS,FULL_POSITION,After Month 2 closes,2025-10,DOWN,41.1,NO,2025-11,DOWN,27.9,NO,2025-12,UP
CCAVENUE,2026-Q1,M1_M2_AGREE,DOWN,86.65,SELL CALLS,FULL_POSITION,After Month 2 closes,2026-02,DOWN,32.1,NO,2026-03,DOWN,53.6,NO,NOT YET CLOSED,
CCCL,2025-Q4,M1_M2_AGREE,DOWN,86.65,SELL CALLS,FULL_POSITION,After Month 2 closes,2025-10,DOWN,86.9,NO,2025-11,DOWN,52.4,NO,2025-12,UP
CDSL,2025-Q4,M1_M2_AGREE,UP,86.65,SELL PUTS,FULL_POSITION,After Month 2 closes,2025-10,UP,63.8,YES,2025-11,UP,19.3,YES,2025-12,DOWN
CEATLTD,2026-Q1,M1_M2_AGREE,DOWN,86.65,SELL CALLS,FULL_POSITION,After Month 2 closes,2026-01,DOWN,13.8,NO,2026-02,DOWN,36.5,NO,2026-03,UP
CEIGALL,2025-Q4,M1_M2_AGREE,DOWN,86.65,SELL CALLS,FULL_POSITION,After Month 2 closes,2025-10,DOWN,59.8,NO,2025-11,DOWN,32.1,NO,2025-12,UP
CENTEXT,2026-Q1,M1_M2_AGREE,DOWN,86.65,SELL CALLS,FULL_POSITION,After Month 2 closes,2026-01,DOWN,2.5,NO,2026-02,DOWN,62.4,NO,2026-03,UP
CEWATER,2025-Q4,M1_M2_AGREE,DOWN,86.65,SELL CALLS,FULL_POSITION,After Month 2 closes,2025-10,DOWN,69.6,NO,2025-11,DOWN,75.5,NO,2025-12,UP
CGCL,2026-Q1,M1_M2_AGREE,DOWN,86.65,SELL CALLS,FULL_POSITION,After Month 2 closes,2026-01,DOWN,22.9,NO,2026-02,DOWN,59.8,NO,2026-03,UP
CGPOWER,2025-Q4,M1_M2_AGREE,DOWN,86.65,SELL CALLS,FULL_POSITION,After Month 2 closes,2025-10,DOWN,8.1,NO,2025-11,DOWN,70.2,NO,2025-12,UP
CHAMBLFERT,2025-Q4,M1_M2_AGREE,DOWN,86.65,SELL CALLS,FULL_POSITION,After Month 2 closes,2025-10,DOWN,66.1,NO,2025-11,DOWN,74.5,NO,2025-12,UP
CHEMBOND,2025-Q4,M1_M2_AGREE,DOWN,86.65,SELL CALLS,FULL_POSITION,After Month 2 closes,2025-10,DOWN,21.0,NO,2025-11,DOWN,44.1,NO,2025-12,UP
CHENNPETRO,2026-Q1,M1_M2_AGREE,UP,86.65,SELL PUTS,FULL_POSITION,After Month 2 closes,2026-01,UP,22.5,YES,2026-02,UP,58.2,YES,2026-03,DOWN
CHOICEGOLD,2026-Q1,M1_M2_AGREE,UP,86.65,SELL PUTS,FULL_POSITION,After Month 2 closes,2026-01,UP,55.5,YES,2026-02,UP,8.8,YES,2026-03,DOWN
CIFL,2025-Q4,M1_M2_AGREE,DOWN,86.65,SELL CALLS,FULL_POSITION,After Month 2 closes,2025-10,DOWN,23.6,YES,2025-11,DOWN,19.3,NO,2025-12,UP
CIGNITITEC,2025-Q4,M1_M2_AGREE,UP,86.65,SELL PUTS,FULL_POSITION,After Month 2 closes,2025-10,UP,59.2,YES,2025-11,UP,66.5,YES,2025-12,DOWN
CINELINE,2025-Q4,M1_M2_AGREE,DOWN,86.65,SELL CALLS,FULL_POSITION,After Month 2 closes,2025-10,DOWN,10.1,NO,2025-11,DOWN,42.1,NO,2025-12,UP
CINELINE,2026-Q1,M1_M2_AGREE,UP,86.65,SELL PUTS,FULL_POSITION,After Month 2 closes,2026-01,UP,0.4,YES,2026-02,UP,40.0,YES,2026-03,DOWN
CINEVISTA,2026-Q1,M1_M2_AGREE,DOWN,86.65,SELL CALLS,FULL_POSITION,After Month 2 closes,2026-01,DOWN,3.9,YES,2026-02,DOWN,25.3,NO,2026-03,UP
CIPLA,2025-Q4,M1_M2_AGREE,UP,86.65,SELL PUTS,FULL_POSITION,After Month 2 closes,2025-10,UP,1.9,NO,2025-11,UP,56.3,YES,2025-12,DOWN
CLEDUCATE,2025-Q4,M1_M2_AGREE,DOWN,86.65,SELL CALLS,FULL_POSITION,After Month 2 closes,2025-10,DOWN,21.1,NO,2025-11,DOWN,20.3,NO,2025-12,UP
CLEDUCATE,2026-Q1,M1_M2_AGREE,DOWN,86.65,SELL CALLS,FULL_POSITION,After Month 2 closes,2026-01,DOWN,65.0,NO,2026-02,DOWN,92.5,NO,2026-03,UP
COALINDIA,2025-Q4,M1_M2_AGREE,DOWN,86.65,SELL CALLS,FULL_POSITION,After Month 2 closes,2025-10,DOWN,3.0,NO,2025-11,DOWN,67.1,NO,2025-12,UP
COCHINSHIP,2025-Q4,M1_M2_AGREE,DOWN,86.65,SELL CALLS,FULL_POSITION,After Month 2 closes,2025-10,DOWN,1.0,YES,2025-11,DOWN,76.1,NO,2025-12,UP
COFORGE,2025-Q4,M1_M2_AGREE,UP,86.65,SELL PUTS,FULL_POSITION,After Month 2 closes,2025-10,UP,62.1,YES,2025-11,UP,61.0,YES,2025-12,DOWN
COHANCE,2026-Q1,M1_M2_AGREE,DOWN,86.65,SELL CALLS,FULL_POSITION,After Month 2 closes,2026-01,DOWN,93.3,NO,2026-02,DOWN,73.8,NO,2026-03,UP
COMMOIETF,2026-Q1,M1_M2_AGREE,UP,86.65,SELL PUTS,FULL_POSITION,After Month 2 closes,2026-01,UP,5.4,YES,2026-02,UP,36.8,YES,2026-03,DOWN
COMPUSOFT,2026-Q1,M1_M2_AGREE,DOWN,86.65,SELL CALLS,FULL_POSITION,After Month 2 closes,2026-01,DOWN,65.6,NO,2026-02,DOWN,23.5,NO,2026-03,UP
COMSYN,2025-Q4,M1_M2_AGREE,DOWN,86.65,SELL CALLS,FULL_POSITION,After Month 2 closes,2025-10,DOWN,52.6,YES,2025-11,DOWN,51.5,NO,2025-12,UP
CONS,2025-Q4,M1_M2_AGREE,UP,86.65,SELL PUTS,FULL_POSITION,After Month 2 closes,2025-10,UP,34.6,YES,2025-11,UP,6.4,YES,2025-12,DOWN
CONSOFINVT,2025-Q4,M1_M2_AGREE,DOWN,86.65,SELL CALLS,FULL_POSITION,After Month 2 closes,2025-10,DOWN,12.7,YES,2025-11,DOWN,71.6,NO,2025-12,UP
CONSUMIETF,2025-Q4,M1_M2_AGREE,UP,86.65,SELL PUTS,FULL_POSITION,After Month 2 closes,2025-10,UP,19.3,YES,2025-11,UP,17.8,YES,2025-12,FLAT
CONTROLPR,2026-Q1,M1_M2_AGREE,UP,86.65,SELL PUTS,FULL_POSITION,After Month 2 closes,2026-01,UP,67.4,NO,2026-02,UP,19.6,YES,2026-03,DOWN
CORDSCABLE,2025-Q4,M1_M2_AGREE,UP,86.65,SELL PUTS,FULL_POSITION,After Month 2 closes,2025-10,UP,74.8,YES,2025-11,UP,24.0,YES,2025-12,DOWN
COSMOFIRST,2025-Q4,M1_M2_AGREE,DOWN,86.65,SELL CALLS,FULL_POSITION,After Month 2 closes,2025-10,DOWN,27.6,NO,2025-11,DOWN,47.2,NO,2025-12,UP
CPSEETF,2025-Q4,M1_M2_AGREE,UP,86.65,SELL PUTS,FULL_POSITION,After Month 2 closes,2025-10,UP,43.3,YES,2025-11,UP,54.3,NO,2025-12,DOWN
CRAFTSMAN,2025-Q4,M1_M2_AGREE,DOWN,86.65,SELL CALLS,FULL_POSITION,After Month 2 closes,2025-10,DOWN,23.1,NO,2025-11,DOWN,27.2,YES,2025-12,UP
CREATIVE,2025-Q4,M1_M2_AGREE,UP,86.65,SELL PUTS,FULL_POSITION,After Month 2 closes,2025-10,UP,58.0,YES,2025-11,UP,0.1,YES,2025-12,FLAT
CREDITACC,2026-Q1,M1_M2_AGREE,UP,86.65,SELL PUTS,FULL_POSITION,After Month 2 closes,2026-01,UP,15.9,YES,2026-02,UP,34.1,NO,2026-03,DOWN
CUMMINSIND,2025-Q4,M1_M2_AGREE,UP,86.65,SELL PUTS,FULL_POSITION,After Month 2 closes,2025-10,UP,75.0,YES,2025-11,UP,37.0,YES,2025-12,DOWN
CURAA,2026-Q1,M1_M2_AGREE,DOWN,86.65,SELL CALLS,FULL_POSITION,After Month 2 closes,2026-01,DOWN,65.0,NO,2026-02,DOWN,16.0,YES,2026-03,UP
CYBERTECH,2025-Q4,M1_M2_AGREE,DOWN,86.65,SELL CALLS,FULL_POSITION,After Month 2 closes,2025-10,DOWN,40.0,NO,2025-11,DOWN,63.2,NO,2025-12,UP
CYIENT,2025-Q4,M1_M2_AGREE,UP,86.65,SELL PUTS,FULL_POSITION,After Month 2 closes,2025-10,UP,16.3,YES,2025-11,UP,46.6,NO,2025-12,DOWN
CYIENTDLM,2026-Q1,M1_M2_AGREE,DOWN,86.65,SELL CALLS,FULL_POSITION,After Month 2 closes,2026-01,DOWN,53.1,NO,2026-02,DOWN,67.7,NO,2026-03,UP
DABUR,2025-Q4,M1_M2_AGREE,UP,86.65,SELL PUTS,FULL_POSITION,After Month 2 closes,2025-10,UP,8.9,NO,2025-11,UP,68.9,YES,2025-12,DOWN
DABUR,2026-Q1,M1_M2_AGREE,UP,86.65,SELL PUTS,FULL_POSITION,After Month 2 closes,2026-01,UP,4.3,YES,2026-02,UP,30.8,YES,2026-03,DOWN
DALBHARAT,2025-Q4,M1_M2_AGREE,DOWN,86.65,SELL CALLS,FULL_POSITION,After Month 2 closes,2025-10,DOWN,53.8,NO,2025-11,DOWN,60.2,NO,2025-12,UP
DALBHARAT,2026-Q1,M1_M2_AGREE,UP,86.65,SELL PUTS,FULL_POSITION,After Month 2 closes,2026-01,UP,31.5,NO,2026-02,UP,26.8,NO,2026-03,DOWN
DALMIASUG,2025-Q4,M1_M2_AGREE,DOWN,86.65,SELL CALLS,FULL_POSITION,After Month 2 closes,2025-10,DOWN,8.2,NO,2025-11,DOWN,91.4,NO,2025-12,UP
DAMODARIND,2025-Q4,M1_M2_AGREE,UP,86.65,SELL PUTS,FULL_POSITION,After Month 2 closes,2025-10,UP,19.0,NO,2025-11,UP,37.3,NO,2025-12,DOWN
DATAPATTNS,2025-Q4,M1_M2_AGREE,UP,86.65,SELL PUTS,FULL_POSITION,After Month 2 closes,2025-10,UP,51.7,YES,2025-11,UP,33.9,YES,2025-12,DOWN
DAVANGERE,2026-Q1,M1_M2_AGREE,UP,86.65,SELL PUTS,FULL_POSITION,After Month 2 closes,2026-01,UP,33.2,YES,2026-02,UP,24.8,NO,2026-03,DOWN
DBL,2025-Q4,M1_M2_AGREE,DOWN,86.65,SELL CALLS,FULL_POSITION,After Month 2 closes,2025-10,DOWN,29.7,YES,2025-11,DOWN,18.9,NO,2025-12,UP
DCBBANK,2025-Q4,M1_M2_AGREE,UP,86.65,SELL PUTS,FULL_POSITION,After Month 2 closes,2025-10,UP,82.4,YES,2025-11,UP,75.5,YES,2025-12,DOWN
DCBBANK,2026-Q1,M1_M2_AGREE,UP,86.65,SELL PUTS,FULL_POSITION,After Month 2 closes,2026-01,UP,84.3,YES,2026-02,UP,50.0,NO,2026-03,DOWN
DCI,2025-Q4,M1_M2_AGREE,DOWN,86.65,SELL CALLS,FULL_POSITION,After Month 2 closes,2025-10,DOWN,12.5,NO,2025-11,DOWN,5.3,NO,2025-12,UP
DCM,2025-Q4,M1_M2_AGREE,UP,86.65,SELL PUTS,FULL_POSITION,After Month 2 closes,2025-10,UP,24.5,NO,2025-11,UP,4.1,NO,2025-12,DOWN
DCMSHRIRAM,2026-Q1,M1_M2_AGREE,DOWN,86.65,SELL CALLS,FULL_POSITION,After Month 2 closes,2026-01,DOWN,32.4,NO,2026-02,DOWN,77.2,NO,2026-03,UP
DCXINDIA,2025-Q4,M1_M2_AGREE,DOWN,86.65,SELL CALLS,FULL_POSITION,After Month 2 closes,2025-10,DOWN,60.5,NO,2025-11,DOWN,80.5,NO,2025-12,UP
DDEVPLSTIK,2025-Q4,M1_M2_AGREE,DOWN,86.65,SELL CALLS,FULL_POSITION,After Month 2 closes,2025-10,DOWN,65.7,NO,2025-11,DOWN,52.5,NO,2025-12,UP
DECCANCE,2025-Q4,M1_M2_AGREE,DOWN,86.65,SELL CALLS,FULL_POSITION,After Month 2 closes,2025-10,DOWN,48.2,NO,2025-11,DOWN,83.9,NO,2025-12,UP
DEEDEV,2025-Q4,M1_M2_AGREE,DOWN,86.65,SELL CALLS,FULL_POSITION,After Month 2 closes,2025-10,DOWN,22.0,NO,2025-11,DOWN,85.2,NO,2025-12,UP
DEEPAKNTR,2025-Q4,M1_M2_AGREE,DOWN,86.65,SELL CALLS,FULL_POSITION,After Month 2 closes,2025-10,DOWN,81.9,NO,2025-11,DOWN,78.7,NO,2025-12,UP
DEEPINDS,2025-Q4,M1_M2_AGREE,DOWN,86.65,SELL CALLS,FULL_POSITION,After Month 2 closes,2025-10,DOWN,22.7,YES,2025-11,DOWN,36.4,NO,2025-12,UP
DEFENCE,2026-Q1,M1_M2_AGREE,DOWN,86.65,SELL CALLS,FULL_POSITION,After Month 2 closes,2026-02,DOWN,39.9,NO,2026-03,DOWN,40.0,NO,NOT YET CLOSED,
DELTACORP,2025-Q4,M1_M2_AGREE,DOWN,86.65,SELL CALLS,FULL_POSITION,After Month 2 closes,2025-10,DOWN,11.7,NO,2025-11,DOWN,89.0,NO,2025-12,UP
DELTAMAGNT,2025-Q4,M1_M2_AGREE,UP,86.65,SELL PUTS,FULL_POSITION,After Month 2 closes,2025-10,UP,19.9,NO,2025-11,UP,26.2,YES,2025-12,DOWN
DEN,2025-Q4,M1_M2_AGREE,DOWN,86.65,SELL CALLS,FULL_POSITION,After Month 2 closes,2025-10,DOWN,2.3,YES,2025-11,DOWN,29.9,NO,2025-12,UP
DENTA,2026-Q1,M1_M2_AGREE,DOWN,86.65,SELL CALLS,FULL_POSITION,After Month 2 closes,2026-01,DOWN,77.2,NO,2026-02,DOWN,24.0,NO,2026-03,UP
DEVIT,2025-Q4,M1_M2_AGREE,UP,86.65,SELL PUTS,FULL_POSITION,After Month 2 closes,2025-10,UP,0.1,NO,2025-11,UP,3.3,YES,2025-12,DOWN
DEVIT,2026-Q1,M1_M2_AGREE,DOWN,86.65,SELL CALLS,FULL_POSITION,After Month 2 closes,2026-01,DOWN,33.7,NO,2026-02,DOWN,52.3,NO,2026-03,UP
DEVYANI,2025-Q4,M1_M2_AGREE,DOWN,86.65,SELL CALLS,FULL_POSITION,After Month 2 closes,2025-10,DOWN,59.7,NO,2025-11,DOWN,89.0,NO,2025-12,UP
DHANBANK,2025-Q4,M1_M2_AGREE,UP,86.65,SELL PUTS,FULL_POSITION,After Month 2 closes,2025-10,UP,56.6,YES,2025-11,UP,10.3,YES,2025-12,DOWN
DHARMAJ,2025-Q4,M1_M2_AGREE,DOWN,86.65,SELL CALLS,FULL_POSITION,After Month 2 closes,2025-10,DOWN,39.2,NO,2025-11,DOWN,69.5,NO,2025-12,UP
DHRUV,2026-Q1,M1_M2_AGREE,DOWN,86.65,SELL CALLS,FULL_POSITION,After Month 2 closes,2026-01,DOWN,86.0,NO,2026-02,DOWN,54.4,NO,2026-03,UP
DIFFNKG,2025-Q4,M1_M2_AGREE,DOWN,86.65,SELL CALLS,FULL_POSITION,After Month 2 closes,2025-10,DOWN,29.5,YES,2025-11,DOWN,75.4,NO,2025-12,UP
DIGIDRIVE,2025-Q4,M1_M2_AGREE,DOWN,86.65,SELL CALLS,FULL_POSITION,After Month 2 closes,2025-10,DOWN,14.8,NO,2025-11,DOWN,16.2,NO,2025-12,FLAT
DIGISPICE,2026-Q1,M1_M2_AGREE,DOWN,86.65,SELL CALLS,FULL_POSITION,After Month 2 closes,2026-01,DOWN,96.8,NO,2026-02,DOWN,28.3,NO,2026-03,UP
DIGITIDE,2025-Q4,M1_M2_AGREE,DOWN,86.65,SELL CALLS,FULL_POSITION,After Month 2 closes,2025-10,DOWN,0.6,NO,2025-11,DOWN,61.3,NO,2025-12,UP
DIGJAMLMTD,2025-Q4,M1_M2_AGREE,DOWN,86.65,SELL CALLS,FULL_POSITION,After Month 2 closes,2025-10,DOWN,89.4,NO,2025-11,DOWN,43.9,NO,2025-12,UP
DIVGIITTS,2025-Q4,M1_M2_AGREE,DOWN,86.65,SELL CALLS,FULL_POSITION,After Month 2 closes,2025-10,DOWN,50.0,NO,2025-11,DOWN,39.4,NO,2025-12,FLAT
DJML,2025-Q4,M1_M2_AGREE,DOWN,86.65,SELL CALLS,FULL_POSITION,After Month 2 closes,2025-10,DOWN,4.6,NO,2025-11,DOWN,96.1,NO,2025-12,UP
DJML,2026-Q1,M1_M2_AGREE,UP,86.65,SELL PUTS,FULL_POSITION,After Month 2 closes,2026-01,UP,30.5,YES,2026-02,UP,52.2,YES,2026-03,DOWN
DOLATALGO,2025-Q4,M1_M2_AGREE,DOWN,86.65,SELL CALLS,FULL_POSITION,After Month 2 closes,2025-10,DOWN,6.9,NO,2025-11,DOWN,69.7,NO,2025-12,UP
DOLPHIN,2025-Q4,M1_M2_AGREE,DOWN,86.65,SELL CALLS,FULL_POSITION,After Month 2 closes,2025-10,DOWN,62.0,NO,2025-11,DOWN,36.4,NO,2025-12,UP
DOLPHIN,2026-Q1,M1_M2_AGREE,DOWN,86.65,SELL CALLS,FULL_POSITION,After Month 2 closes,2026-01,DOWN,34.0,NO,2026-02,DOWN,56.2,NO,2026-03,UP
DOMS,2026-Q1,M1_M2_AGREE,DOWN,86.65,SELL CALLS,FULL_POSITION,After Month 2 closes,2026-01,DOWN,52.0,NO,2026-02,DOWN,16.1,NO,2026-03,UP
DONEAR,2025-Q4,M1_M2_AGREE,UP,86.65,SELL PUTS,FULL_POSITION,After Month 2 closes,2025-10,UP,26.1,YES,2025-11,UP,34.0,YES,2025-12,DOWN
DPWIRES,2026-Q1,M1_M2_AGREE,DOWN,86.65,SELL CALLS,FULL_POSITION,After Month 2 closes,2026-01,DOWN,52.9,NO,2026-02,DOWN,99.9,NO,2026-03,UP
DREAMFOLKS,2025-Q4,M1_M2_AGREE,UP,86.65,SELL PUTS,FULL_POSITION,After Month 2 closes,2025-10,UP,43.9,YES,2025-11,UP,28.7,NO,2025-12,DOWN
DSFCL,2026-Q1,M1_M2_AGREE,DOWN,86.65,SELL CALLS,FULL_POSITION,After Month 2 closes,2026-02,DOWN,87.9,NO,2026-03,DOWN,69.1,NO,NOT YET CLOSED,
E2E,2026-Q1,M1_M2_AGREE,UP,86.65,SELL PUTS,FULL_POSITION,After Month 2 closes,2026-01,UP,23.9,YES,2026-02,UP,39.9,YES,2026-03,DOWN
EASEMYTRIP,2025-Q4,M1_M2_AGREE,DOWN,86.65,SELL CALLS,FULL_POSITION,After Month 2 closes,2025-10,DOWN,11.9,NO,2025-11,DOWN,52.9,NO,2025-12,UP
EBANKNIFTY,2025-Q4,M1_M2_AGREE,UP,86.65,SELL PUTS,FULL_POSITION,After Month 2 closes,2025-10,UP,71.8,YES,2025-11,UP,40.1,YES,2025-12,DOWN
EBBETF0430,2026-Q1,M1_M2_AGREE,UP,86.65,SELL PUTS,FULL_POSITION,After Month 2 closes,2026-01,UP,6.9,YES,2026-02,UP,4.5,YES,2026-03,FLAT
EBBETF0431,2025-Q4,M1_M2_AGREE,UP,86.65,SELL PUTS,FULL_POSITION,After Month 2 closes,2025-10,UP,29.2,YES,2025-11,UP,27.0,YES,2025-12,DOWN
EBBETF0433,2025-Q4,M1_M2_AGREE,UP,86.65,SELL PUTS,FULL_POSITION,After Month 2 closes,2025-10,UP,30.9,YES,2025-11,UP,92.1,YES,2025-12,DOWN
EDELWEISS,2025-Q4,M1_M2_AGREE,UP,86.65,SELL PUTS,FULL_POSITION,After Month 2 closes,2025-10,UP,33.7,YES,2025-11,UP,25.5,NO,2025-12,DOWN
EIEL,2026-Q1,M1_M2_AGREE,DOWN,86.65,SELL CALLS,FULL_POSITION,After Month 2 closes,2026-01,DOWN,58.1,NO,2026-02,DOWN,62.0,NO,2026-03,UP
EIFFL,2025-Q4,M1_M2_AGREE,DOWN,86.65,SELL CALLS,FULL_POSITION,After Month 2 closes,2025-10,DOWN,5.4,YES,2025-11,DOWN,70.1,NO,2025-12,UP
ELECTCAST,2025-Q4,M1_M2_AGREE,DOWN,86.65,SELL CALLS,FULL_POSITION,After Month 2 closes,2025-10,DOWN,28.5,NO,2025-11,DOWN,80.5,NO,2025-12,UP
ELECTHERM,2025-Q4,M1_M2_AGREE,DOWN,86.65,SELL CALLS,FULL_POSITION,After Month 2 closes,2025-10,DOWN,12.0,NO,2025-11,DOWN,39.0,NO,2025-12,UP
ELGIEQUIP,2025-Q4,M1_M2_AGREE,UP,86.65,SELL PUTS,FULL_POSITION,After Month 2 closes,2025-10,UP,29.2,YES,2025-11,UP,12.9,YES,2025-12,DOWN
ELGIRUBCO,2026-Q1,M1_M2_AGREE,DOWN,86.65,SELL CALLS,FULL_POSITION,After Month 2 closes,2026-01,DOWN,45.1,NO,2026-02,DOWN,18.5,NO,2026-03,UP
ELM250,2025-Q4,M1_M2_AGREE,UP,86.65,SELL PUTS,FULL_POSITION,After Month 2 closes,2025-10,UP,55.2,YES,2025-11,UP,23.1,YES,2025-12,DOWN
EMCURE,2025-Q4,M1_M2_AGREE,UP,86.65,SELL PUTS,FULL_POSITION,After Month 2 closes,2025-10,UP,31.9,YES,2025-11,UP,51.6,YES,2025-12,DOWN
EMSLIMITED,2025-Q4,M1_M2_AGREE,DOWN,86.65,SELL CALLS,FULL_POSITION,After Month 2 closes,2025-10,DOWN,23.2,NO,2025-11,DOWN,86.4,NO,2025-12,UP
EMSLIMITED,2026-Q1,M1_M2_AGREE,DOWN,86.65,SELL CALLS,FULL_POSITION,After Month 2 closes,2026-01,DOWN,82.0,NO,2026-02,DOWN,45.5,NO,2026-03,UP
EMUDHRA,2026-Q1,M1_M2_AGREE,DOWN,86.65,SELL CALLS,FULL_POSITION,After Month 2 closes,2026-01,DOWN,43.6,NO,2026-02,DOWN,59.5,NO,2026-03,UP
EMULTIMQ,2025-Q4,M1_M2_AGREE,UP,86.65,SELL PUTS,FULL_POSITION,After Month 2 closes,2025-10,UP,61.0,YES,2025-11,UP,8.9,YES,2025-12,DOWN
ENERGY,2026-Q1,M1_M2_AGREE,DOWN,86.65,SELL CALLS,FULL_POSITION,After Month 2 closes,2026-01,DOWN,25.8,NO,2026-02,DOWN,16.7,YES,2026-03,UP
ENERGYDEV,2025-Q4,M1_M2_AGREE,UP,86.65,SELL PUTS,FULL_POSITION,After Month 2 closes,2025-10,UP,22.5,YES,2025-11,UP,18.2,YES,2025-12,DOWN
ENIFTY,2025-Q4,M1_M2_AGREE,DOWN,86.65,SELL CALLS,FULL_POSITION,After Month 2 closes,2025-11,DOWN,42.2,YES,2025-12,DOWN,22.3,NO,NOT YET CLOSED,
ENIL,2026-Q1,M1_M2_AGREE,DOWN,86.65,SELL CALLS,FULL_POSITION,After Month 2 closes,2026-01,DOWN,4.2,NO,2026-02,DOWN,67.4,NO,2026-03,UP
EPACK,2025-Q4,M1_M2_AGREE,DOWN,86.65,SELL CALLS,FULL_POSITION,After Month 2 closes,2025-10,DOWN,17.6,NO,2025-11,DOWN,74.7,NO,2025-12,UP
EPACKPEB,2025-Q4,M1_M2_AGREE,UP,86.65,SELL PUTS,FULL_POSITION,After Month 2 closes,2025-10,UP,71.7,YES,2025-11,UP,70.0,YES,2025-12,DOWN
EPIGRAL,2026-Q1,M1_M2_AGREE,DOWN,86.65,SELL CALLS,FULL_POSITION,After Month 2 closes,2026-01,DOWN,73.9,NO,2026-02,DOWN,79.6,NO,2026-03,UP
EQUAL50ADD,2025-Q4,M1_M2_AGREE,UP,86.65,SELL PUTS,FULL_POSITION,After Month 2 closes,2025-10,UP,73.7,YES,2025-11,UP,22.9,YES,2025-12,DOWN
EQUIPPP,2025-Q4,M1_M2_AGREE,DOWN,86.65,SELL CALLS,FULL_POSITION,After Month 2 closes,2025-10,DOWN,44.2,NO,2025-11,DOWN,34.3,NO,2025-12,UP
EQUITASBNK,2025-Q4,M1_M2_AGREE,UP,86.65,SELL PUTS,FULL_POSITION,After Month 2 closes,2025-10,UP,0.7,NO,2025-11,UP,74.2,YES,2025-12,DOWN
ERIS,2025-Q4,M1_M2_AGREE,UP,86.65,SELL PUTS,FULL_POSITION,After Month 2 closes,2025-10,UP,7.1,YES,2025-11,UP,4.7,NO,2025-12,DOWN
ESAFSFB,2025-Q4,M1_M2_AGREE,DOWN,86.65,SELL CALLS,FULL_POSITION,After Month 2 closes,2025-10,DOWN,43.6,NO,2025-11,DOWN,59.8,NO,2025-12,UP
ESCORTS,2025-Q4,M1_M2_AGREE,UP,86.65,SELL PUTS,FULL_POSITION,After Month 2 closes,2025-10,UP,88.6,YES,2025-11,UP,3.5,YES,2025-12,DOWN
ESG,2025-Q4,M1_M2_AGREE,UP,86.65,SELL PUTS,FULL_POSITION,After Month 2 closes,2025-10,UP,77.0,YES,2025-11,UP,44.3,YES,2025-12,FLAT
ESTER,2025-Q4,M1_M2_AGREE,UP,86.65,SELL PUTS,FULL_POSITION,After Month 2 closes,2025-10,UP,10.7,YES,2025-11,UP,13.3,NO,2025-12,DOWN
ETHOSLTD,2025-Q4,M1_M2_AGREE,UP,86.65,SELL PUTS,FULL_POSITION,After Month 2 closes,2025-10,UP,78.2,YES,2025-11,UP,24.6,YES,2025-12,DOWN
EUREKAFORB,2025-Q4,M1_M2_AGREE,UP,86.65,SELL PUTS,FULL_POSITION,After Month 2 closes,2025-10,UP,35.1,NO,2025-11,UP,68.1,YES,2025-12,DOWN
EUROBOND,2025-Q4,M1_M2_AGREE,DOWN,86.65,SELL CALLS,FULL_POSITION,After Month 2 closes,2025-10,DOWN,25.8,NO,2025-11,DOWN,56.2,NO,2025-12,UP
EUROPRATIK,2025-Q4,M1_M2_AGREE,UP,86.65,SELL PUTS,FULL_POSITION,After Month 2 closes,2025-10,UP,80.2,YES,2025-11,UP,28.4,YES,2025-12,DOWN
EUROTEXIND,2026-Q1,M1_M2_AGREE,DOWN,86.65,SELL CALLS,FULL_POSITION,After Month 2 closes,2026-01,DOWN,41.6,NO,2026-02,DOWN,25.2,NO,2026-03,UP
EVERESTIND,2025-Q4,M1_M2_AGREE,DOWN,86.65,SELL CALLS,FULL_POSITION,After Month 2 closes,2025-10,DOWN,50.7,NO,2025-11,DOWN,80.3,NO,2025-12,UP
EVIETF,2025-Q4,M1_M2_AGREE,UP,86.65,SELL PUTS,FULL_POSITION,After Month 2 closes,2025-10,UP,1.0,YES,2025-11,UP,4.5,YES,2025-12,DOWN
EVINDIA,2025-Q4,M1_M2_AGREE,UP,86.65,SELL PUTS,FULL_POSITION,After Month 2 closes,2025-10,UP,10.9,YES,2025-11,UP,1.7,NO,2025-12,DOWN
EXCEL,2026-Q1,M1_M2_AGREE,DOWN,86.65,SELL CALLS,FULL_POSITION,After Month 2 closes,2026-01,DOWN,38.9,NO,2026-02,DOWN,51.9,NO,2026-03,UP
EXCELSOFT,2025-Q4,M1_M2_AGREE,DOWN,86.65,SELL CALLS,FULL_POSITION,After Month 2 closes,2025-11,DOWN,65.1,NO,2025-12,DOWN,71.0,NO,NOT YET CLOSED,
EXICOM,2025-Q4,M1_M2_AGREE,DOWN,86.65,SELL CALLS,FULL_POSITION,After Month 2 closes,2025-10,DOWN,35.3,NO,2025-11,DOWN,78.4,NO,2025-12,UP
EXPLEOSOL,2025-Q4,M1_M2_AGREE,UP,86.65,SELL PUTS,FULL_POSITION,After Month 2 closes,2025-10,UP,32.0,YES,2025-11,UP,45.2,YES,2025-12,DOWN
FABTECH,2025-Q4,M1_M2_AGREE,UP,86.65,SELL PUTS,FULL_POSITION,After Month 2 closes,2025-10,UP,44.1,YES,2025-11,UP,21.5,YES,2025-12,DOWN
FACT,2026-Q1,M1_M2_AGREE,DOWN,86.65,SELL CALLS,FULL_POSITION,After Month 2 closes,2026-01,DOWN,64.9,NO,2026-02,DOWN,72.5,NO,2026-03,UP
FAIRCHEMOR,2025-Q4,M1_M2_AGREE,DOWN,86.65,SELL CALLS,FULL_POSITION,After Month 2 closes,2025-10,DOWN,27.7,NO,2025-11,DOWN,46.1,NO,2025-12,UP
FAZE3Q,2025-Q4,M1_M2_AGREE,UP,86.65,SELL PUTS,FULL_POSITION,After Month 2 closes,2025-10,UP,9.6,YES,2025-11,UP,34.4,YES,2025-12,DOWN
FCL,2025-Q4,M1_M2_AGREE,DOWN,86.65,SELL CALLS,FULL_POSITION,After Month 2 closes,2025-10,DOWN,94.1,NO,2025-11,DOWN,31.8,NO,2025-12,UP
FDC,2025-Q4,M1_M2_AGREE,DOWN,86.65,SELL CALLS,FULL_POSITION,After Month 2 closes,2025-10,DOWN,36.4,YES,2025-11,DOWN,70.8,NO,2025-12,FLAT
FEDERALBNK,2026-Q1,M1_M2_AGREE,UP,86.65,SELL PUTS,FULL_POSITION,After Month 2 closes,2026-01,UP,42.2,YES,2026-02,UP,38.3,YES,2026-03,DOWN
FEDFINA,2026-Q1,M1_M2_AGREE,DOWN,86.65,SELL CALLS,FULL_POSITION,After Month 2 closes,2026-01,DOWN,3.0,YES,2026-02,DOWN,84.8,NO,2026-03,UP
FIBERWEB,2026-Q1,M1_M2_AGREE,UP,86.65,SELL PUTS,FULL_POSITION,After Month 2 closes,2026-01,UP,26.3,YES,2026-02,UP,31.2,YES,2026-03,DOWN
FIEMIND,2025-Q4,M1_M2_AGREE,UP,86.65,SELL PUTS,FULL_POSITION,After Month 2 closes,2025-10,UP,68.8,YES,2025-11,UP,56.5,YES,2025-12,DOWN
FILATEX,2026-Q1,M1_M2_AGREE,DOWN,86.65,SELL CALLS,FULL_POSITION,After Month 2 closes,2026-01,DOWN,34.2,NO,2026-02,DOWN,26.2,NO,2026-03,UP
FINCABLES,2025-Q4,M1_M2_AGREE,DOWN,86.65,SELL CALLS,FULL_POSITION,After Month 2 closes,2025-10,DOWN,61.8,NO,2025-11,DOWN,53.6,NO,2025-12,UP
FINOPB,2025-Q4,M1_M2_AGREE,UP,86.65,SELL PUTS,FULL_POSITION,After Month 2 closes,2025-10,UP,20.2,YES,2025-11,UP,54.8,YES,2025-12,DOWN
FIRSTCRY,2026-Q1,M1_M2_AGREE,DOWN,86.65,SELL CALLS,FULL_POSITION,After Month 2 closes,2026-01,DOWN,22.0,NO,2026-02,DOWN,73.2,NO,2026-03,UP
FLAIR,2026-Q1,M1_M2_AGREE,DOWN,86.65,SELL CALLS,FULL_POSITION,After Month 2 closes,2026-01,DOWN,85.4,NO,2026-02,DOWN,11.3,YES,2026-03,UP
FLFL,2025-Q4,M1_M2_AGREE,DOWN,86.65,SELL CALLS,FULL_POSITION,After Month 2 closes,2025-10,DOWN,42.2,NO,2025-11,DOWN,27.6,NO,2025-12,UP
FLUOROCHEM,2025-Q4,M1_M2_AGREE,DOWN,86.65,SELL CALLS,FULL_POSITION,After Month 2 closes,2025-10,DOWN,12.9,YES,2025-11,DOWN,74.6,NO,2025-12,UP
FOCUS,2026-Q1,M1_M2_AGREE,DOWN,86.65,SELL CALLS,FULL_POSITION,After Month 2 closes,2026-01,DOWN,27.7,NO,2026-02,DOWN,28.2,NO,2026-03,UP
FSL,2026-Q1,M1_M2_AGREE,DOWN,86.65,SELL CALLS,FULL_POSITION,After Month 2 closes,2026-01,DOWN,47.1,NO,2026-02,DOWN,99.0,NO,2026-03,UP
FUSION,2026-Q1,M1_M2_AGREE,UP,86.65,SELL PUTS,FULL_POSITION,After Month 2 closes,2026-01,UP,80.7,YES,2026-02,UP,21.7,YES,2026-03,DOWN
GAEL,2026-Q1,M1_M2_AGREE,UP,86.65,SELL PUTS,FULL_POSITION,After Month 2 closes,2026-01,UP,7.1,YES,2026-02,UP,0.4,NO,2026-03,DOWN
GALAPREC,2025-Q4,M1_M2_AGREE,DOWN,86.65,SELL CALLS,FULL_POSITION,After Month 2 closes,2025-10,DOWN,11.7,YES,2025-11,DOWN,27.7,NO,2025-12,UP
GALAPREC,2026-Q1,M1_M2_AGREE,DOWN,86.65,SELL CALLS,FULL_POSITION,After Month 2 closes,2026-01,DOWN,61.5,NO,2026-02,DOWN,8.1,YES,2026-03,UP
GANDHITUBE,2025-Q4,M1_M2_AGREE,DOWN,86.65,SELL CALLS,FULL_POSITION,After Month 2 closes,2025-10,DOWN,60.5,NO,2025-11,DOWN,82.2,NO,2025-12,UP
GANESHHOU,2025-Q4,M1_M2_AGREE,UP,86.65,SELL PUTS,FULL_POSITION,After Month 2 closes,2025-10,UP,8.1,NO,2025-11,UP,2.9,YES,2025-12,FLAT
GANGAFORGE,2025-Q4,M1_M2_AGREE,DOWN,86.65,SELL CALLS,FULL_POSITION,After Month 2 closes,2025-10,DOWN,2.5,NO,2025-11,DOWN,47.7,NO,2025-12,UP
GANGESSECU,2025-Q4,M1_M2_AGREE,UP,86.65,SELL PUTS,FULL_POSITION,After Month 2 closes,2025-10,UP,24.4,YES,2025-11,UP,40.3,NO,2025-12,DOWN
GATECH,2026-Q1,M1_M2_AGREE,DOWN,86.65,SELL CALLS,FULL_POSITION,After Month 2 closes,2026-01,DOWN,25.0,NO,2026-02,DOWN,28.6,NO,2026-03,UP
GAYAHWS,2025-Q4,M1_M2_AGREE,DOWN,86.65,SELL CALLS,FULL_POSITION,After Month 2 closes,2025-10,DOWN,30.5,NO,2025-11,DOWN,29.3,NO,2025-12,UP
GEEKAYWIRE,2025-Q4,M1_M2_AGREE,DOWN,86.65,SELL CALLS,FULL_POSITION,After Month 2 closes,2025-10,DOWN,81.7,NO,2025-11,DOWN,3.7,NO,2025-12,UP
GEMAROMA,2025-Q4,M1_M2_AGREE,DOWN,86.65,SELL CALLS,FULL_POSITION,After Month 2 closes,2025-10,DOWN,25.0,NO,2025-11,DOWN,96.0,NO,2025-12,UP
GEOJITFSL,2025-Q4,M1_M2_AGREE,DOWN,86.65,SELL CALLS,FULL_POSITION,After Month 2 closes,2025-10,DOWN,39.4,NO,2025-11,DOWN,4.4,NO,2025-12,UP
GFLLIMITED,2026-Q1,M1_M2_AGREE,DOWN,86.65,SELL CALLS,FULL_POSITION,After Month 2 closes,2026-01,DOWN,83.5,NO,2026-02,DOWN,39.0,NO,2026-03,UP
GHCLTEXTIL,2026-Q1,M1_M2_AGREE,UP,86.65,SELL PUTS,FULL_POSITION,After Month 2 closes,2026-01,UP,10.7,YES,2026-02,UP,6.7,NO,2026-03,DOWN
GILT5BETA,2026-Q1,M1_M2_AGREE,UP,86.65,SELL PUTS,FULL_POSITION,After Month 2 closes,2026-01,UP,20.3,NO,2026-02,UP,67.9,YES,2026-03,DOWN
GILT5YBEES,2026-Q1,M1_M2_AGREE,DOWN,86.65,SELL CALLS,FULL_POSITION,After Month 2 closes,2026-01,DOWN,40.2,NO,2026-02,DOWN,8.9,YES,2026-03,FLAT
GKWLIMITED,2026-Q1,M1_M2_AGREE,DOWN,86.65,SELL CALLS,FULL_POSITION,After Month 2 closes,2026-01,DOWN,25.1,NO,2026-02,DOWN,13.2,NO,2026-03,UP
GLOBALVECT,2026-Q1,M1_M2_AGREE,DOWN,86.65,SELL CALLS,FULL_POSITION,After Month 2 closes,2026-01,DOWN,60.6,NO,2026-02,DOWN,27.0,NO,2026-03,UP
GLOBECIVIL,2025-Q4,M1_M2_AGREE,UP,86.65,SELL PUTS,FULL_POSITION,After Month 2 closes,2025-10,UP,66.9,YES,2025-11,UP,35.6,NO,2025-12,DOWN
GLOSTERLTD,2025-Q4,M1_M2_AGREE,DOWN,86.65,SELL CALLS,FULL_POSITION,After Month 2 closes,2025-10,DOWN,59.7,NO,2025-11,DOWN,1.6,NO,2025-12,UP
GMDCLTD,2025-Q4,M1_M2_AGREE,DOWN,86.65,SELL CALLS,FULL_POSITION,After Month 2 closes,2025-10,DOWN,13.1,NO,2025-11,DOWN,38.0,NO,2025-12,UP
GMRAIRPORT,2025-Q4,M1_M2_AGREE,UP,86.65,SELL PUTS,FULL_POSITION,After Month 2 closes,2025-10,UP,73.8,YES,2025-11,UP,90.0,YES,2025-12,DOWN
GMRP&UI,2025-Q4,M1_M2_AGREE,UP,86.65,SELL PUTS,FULL_POSITION,After Month 2 closes,2025-10,UP,23.2,YES,2025-11,UP,10.8,YES,2025-12,DOWN
GNA,2026-Q1,M1_M2_AGREE,UP,86.65,SELL PUTS,FULL_POSITION,After Month 2 closes,2026-01,UP,64.5,YES,2026-02,UP,45.2,YES,2026-03,DOWN
GNFC,2025-Q4,M1_M2_AGREE,UP,86.65,SELL PUTS,FULL_POSITION,After Month 2 closes,2025-10,UP,43.5,YES,2025-11,UP,4.9,NO,2025-12,DOWN
GOACARBON,2025-Q4,M1_M2_AGREE,DOWN,86.65,SELL CALLS,FULL_POSITION,After Month 2 closes,2025-10,DOWN,0.0,NO,2025-11,DOWN,83.3,NO,2025-12,UP
GODFRYPHLP,2025-Q4,M1_M2_AGREE,DOWN,86.65,SELL CALLS,FULL_POSITION,After Month 2 closes,2025-10,DOWN,71.1,NO,2025-11,DOWN,68.7,NO,2025-12,UP
GODREJCP,2025-Q4,M1_M2_AGREE,DOWN,86.65,SELL CALLS,FULL_POSITION,After Month 2 closes,2025-10,DOWN,66.8,NO,2025-11,DOWN,3.9,NO,2025-12,UP
GOKEX,2025-Q4,M1_M2_AGREE,UP,86.65,SELL PUTS,FULL_POSITION,After Month 2 closes,2025-10,UP,62.6,YES,2025-11,UP,74.7,YES,2025-12,DOWN
GOLD1,2026-Q1,M1_M2_AGREE,UP,86.65,SELL PUTS,FULL_POSITION,After Month 2 closes,2026-01,UP,44.0,YES,2026-02,UP,2.9,NO,2026-03,DOWN
GOLD360,2026-Q1,M1_M2_AGREE,UP,86.65,SELL PUTS,FULL_POSITION,After Month 2 closes,2026-01,UP,48.5,YES,2026-02,UP,45.5,YES,2026-03,DOWN
GOLDADD,2026-Q1,M1_M2_AGREE,UP,86.65,SELL PUTS,FULL_POSITION,After Month 2 closes,2026-01,UP,37.3,YES,2026-02,UP,9.5,NO,2026-03,DOWN
GOLDBEES,2026-Q1,M1_M2_AGREE,UP,86.65,SELL PUTS,FULL_POSITION,After Month 2 closes,2026-01,UP,55.5,YES,2026-02,UP,51.6,YES,2026-03,DOWN
GOLDBETA,2026-Q1,M1_M2_AGREE,UP,86.65,SELL PUTS,FULL_POSITION,After Month 2 closes,2026-01,UP,49.5,YES,2026-02,UP,9.9,NO,2026-03,DOWN
GOLDCASE,2026-Q1,M1_M2_AGREE,UP,86.65,SELL PUTS,FULL_POSITION,After Month 2 closes,2026-01,UP,54.7,YES,2026-02,UP,35.7,YES,2026-03,DOWN
GOLDETF,2026-Q1,M1_M2_AGREE,UP,86.65,SELL PUTS,FULL_POSITION,After Month 2 closes,2026-01,UP,61.3,YES,2026-02,UP,60.5,YES,2026-03,DOWN
GOLDIETF,2026-Q1,M1_M2_AGREE,UP,86.65,SELL PUTS,FULL_POSITION,After Month 2 closes,2026-01,UP,53.7,YES,2026-02,UP,34.1,YES,2026-03,DOWN
GOLDTECH,2026-Q1,M1_M2_AGREE,DOWN,86.65,SELL CALLS,FULL_POSITION,After Month 2 closes,2026-01,DOWN,32.9,NO,2026-02,DOWN,65.8,NO,2026-03,UP
GPTHEALTH,2026-Q1,M1_M2_AGREE,DOWN,86.65,SELL CALLS,FULL_POSITION,After Month 2 closes,2026-01,DOWN,51.8,NO,2026-02,DOWN,38.6,NO,2026-03,UP
GREENPOWER,2026-Q1,M1_M2_AGREE,DOWN,86.65,SELL CALLS,FULL_POSITION,After Month 2 closes,2026-01,DOWN,44.1,NO,2026-02,DOWN,85.6,NO,2026-03,UP
GRMOVER,2025-Q4,M1_M2_AGREE,UP,86.65,SELL PUTS,FULL_POSITION,After Month 2 closes,2025-10,UP,93.7,YES,2025-11,UP,44.2,YES,2025-12,DOWN
GROBTEA,2026-Q1,M1_M2_AGREE,DOWN,86.65,SELL CALLS,FULL_POSITION,After Month 2 closes,2026-01,DOWN,55.6,NO,2026-02,DOWN,25.0,YES,2026-03,FLAT
GROWW,2025-Q4,M1_M2_AGREE,UP,86.65,SELL PUTS,FULL_POSITION,After Month 2 closes,2025-11,UP,57.7,YES,2025-12,UP,12.3,NO,NOT YET CLOSED,
GROWWDEFNC,2025-Q4,M1_M2_AGREE,UP,86.65,SELL PUTS,FULL_POSITION,After Month 2 closes,2025-10,UP,47.0,YES,2025-11,UP,10.2,NO,2025-12,DOWN
GROWWLOVOL,2025-Q4,M1_M2_AGREE,UP,86.65,SELL PUTS,FULL_POSITION,After Month 2 closes,2025-10,UP,22.5,YES,2025-11,UP,28.3,YES,2025-12,DOWN
GROWWMC150,2025-Q4,M1_M2_AGREE,DOWN,86.65,SELL CALLS,FULL_POSITION,After Month 2 closes,2025-11,DOWN,37.2,NO,2025-12,DOWN,0.8,YES,NOT YET CLOSED,
GROWWN200,2025-Q4,M1_M2_AGREE,UP,86.65,SELL PUTS,FULL_POSITION,After Month 2 closes,2025-10,UP,27.5,YES,2025-11,UP,20.8,YES,2025-12,DOWN
GROWWNET,2025-Q4,M1_M2_AGREE,UP,86.65,SELL PUTS,FULL_POSITION,After Month 2 closes,2025-10,UP,48.2,YES,2025-11,UP,41.1,NO,2025-12,DOWN
GRSE,2025-Q4,M1_M2_AGREE,UP,86.65,SELL PUTS,FULL_POSITION,After Month 2 closes,2025-10,UP,10.1,YES,2025-11,UP,53.4,YES,2025-12,DOWN
GRWRHITECH,2025-Q4,M1_M2_AGREE,UP,86.65,SELL PUTS,FULL_POSITION,After Month 2 closes,2025-10,UP,47.7,YES,2025-11,UP,53.7,YES,2025-12,DOWN
GSEC10ABSL,2025-Q4,M1_M2_AGREE,UP,86.65,SELL PUTS,FULL_POSITION,After Month 2 closes,2025-10,UP,54.0,YES,2025-11,UP,5.6,NO,2025-12,DOWN
GSEC10IETF,2025-Q4,M1_M2_AGREE,UP,86.65,SELL PUTS,FULL_POSITION,After Month 2 closes,2025-10,UP,42.2,YES,2025-11,UP,88.0,YES,2025-12,DOWN
GSEC5IETF,2025-Q4,M1_M2_AGREE,UP,86.65,SELL PUTS,FULL_POSITION,After Month 2 closes,2025-10,UP,7.7,YES,2025-11,UP,36.5,YES,2025-12,DOWN
GSLSU,2025-Q4,M1_M2_AGREE,UP,86.65,SELL PUTS,FULL_POSITION,After Month 2 closes,2025-10,UP,59.1,YES,2025-11,UP,64.6,YES,2025-12,DOWN
GTPL,2025-Q4,M1_M2_AGREE,DOWN,86.65,SELL CALLS,FULL_POSITION,After Month 2 closes,2025-10,DOWN,24.0,NO,2025-11,DOWN,69.8,NO,2025-12,UP
GTPL,2026-Q1,M1_M2_AGREE,DOWN,86.65,SELL CALLS,FULL_POSITION,After Month 2 closes,2026-01,DOWN,58.3,NO,2026-02,DOWN,70.2,NO,2026-03,UP
GUFICBIO,2026-Q1,M1_M2_AGREE,DOWN,86.65,SELL CALLS,FULL_POSITION,After Month 2 closes,2026-01,DOWN,57.2,NO,2026-02,DOWN,54.4,NO,2026-03,UP
GUJGASLTD,2025-Q4,M1_M2_AGREE,DOWN,86.65,SELL CALLS,FULL_POSITION,After Month 2 closes,2025-10,DOWN,52.1,NO,2025-11,DOWN,74.1,NO,2025-12,UP
GUJRAFFIA,2026-Q1,M1_M2_AGREE,DOWN,86.65,SELL CALLS,FULL_POSITION,After Month 2 closes,2026-01,DOWN,54.3,NO,2026-02,DOWN,48.5,NO,2026-03,UP
GULFOILLUB,2025-Q4,M1_M2_AGREE,DOWN,86.65,SELL CALLS,FULL_POSITION,After Month 2 closes,2025-10,DOWN,51.9,YES,2025-11,DOWN,43.0,NO,2025-12,UP
GVKPIL,2026-Q1,M1_M2_AGREE,DOWN,86.65,SELL CALLS,FULL_POSITION,After Month 2 closes,2026-01,DOWN,67.9,NO,2026-02,DOWN,20.0,NO,2026-03,UP
GVT&D,2025-Q4,M1_M2_AGREE,DOWN,86.65,SELL CALLS,FULL_POSITION,After Month 2 closes,2025-10,DOWN,13.7,YES,2025-11,DOWN,29.3,NO,2025-12,UP
GVT&D,2026-Q1,M1_M2_AGREE,UP,86.65,SELL PUTS,FULL_POSITION,After Month 2 closes,2026-01,UP,12.5,YES,2026-02,UP,72.9,YES,2026-03,DOWN
HALDER,2026-Q1,M1_M2_AGREE,DOWN,86.65,SELL CALLS,FULL_POSITION,After Month 2 closes,2026-01,DOWN,7.6,NO,2026-02,DOWN,41.7,NO,2026-03,UP
HALEOSLABS,2025-Q4,M1_M2_AGREE,DOWN,86.65,SELL CALLS,FULL_POSITION,After Month 2 closes,2025-11,DOWN,18.7,NO,2025-12,DOWN,29.5,NO,NOT YET CLOSED,
HAPPSTMNDS,2026-Q1,M1_M2_AGREE,DOWN,86.65,SELL CALLS,FULL_POSITION,After Month 2 closes,2026-01,DOWN,65.9,NO,2026-02,DOWN,69.8,NO,2026-03,UP
HARDWYN,2025-Q4,M1_M2_AGREE,UP,86.65,SELL PUTS,FULL_POSITION,After Month 2 closes,2025-10,UP,35.6,YES,2025-11,UP,86.5,YES,2025-12,DOWN
HARSHA,2025-Q4,M1_M2_AGREE,UP,86.65,SELL PUTS,FULL_POSITION,After Month 2 closes,2025-10,UP,14.3,YES,2025-11,UP,42.9,NO,2025-12,DOWN
HATSUN,2025-Q4,M1_M2_AGREE,UP,86.65,SELL PUTS,FULL_POSITION,After Month 2 closes,2025-10,UP,63.2,YES,2025-11,UP,48.9,NO,2025-12,DOWN
HAVISHA,2025-Q4,M1_M2_AGREE,DOWN,86.65,SELL CALLS,FULL_POSITION,After Month 2 closes,2025-10,DOWN,0.0,NO,2025-11,DOWN,52.0,NO,2025-12,UP
HCG,2026-Q1,M1_M2_AGREE,DOWN,86.65,SELL CALLS,FULL_POSITION,After Month 2 closes,2026-01,DOWN,70.8,NO,2026-02,DOWN,20.3,NO,2026-03,UP
HCLTECH,2025-Q4,M1_M2_AGREE,UP,86.65,SELL PUTS,FULL_POSITION,After Month 2 closes,2025-10,UP,85.7,YES,2025-11,UP,46.8,YES,2025-12,DOWN
HDFCAMC,2025-Q4,M1_M2_AGREE,DOWN,86.65,SELL CALLS,FULL_POSITION,After Month 2 closes,2025-10,DOWN,22.9,NO,2025-11,DOWN,92.8,NO,2025-12,UP
HDFCBANK,2025-Q4,M1_M2_AGREE,UP,86.65,SELL PUTS,FULL_POSITION,After Month 2 closes,2025-10,UP,47.3,YES,2025-11,UP,50.7,YES,2025-12,DOWN
HDFCGOLD,2026-Q1,M1_M2_AGREE,UP,86.65,SELL PUTS,FULL_POSITION,After Month 2 closes,2026-01,UP,59.5,YES,2026-02,UP,35.0,YES,2026-03,DOWN
HDFCGROWTH,2025-Q4,M1_M2_AGREE,UP,86.65,SELL PUTS,FULL_POSITION,After Month 2 closes,2025-10,UP,54.9,YES,2025-11,UP,64.5,YES,2025-12,DOWN
HDFCMID150,2025-Q4,M1_M2_AGREE,UP,86.65,SELL PUTS,FULL_POSITION,After Month 2 closes,2025-10,UP,89.7,YES,2025-11,UP,22.1,YES,2025-12,DOWN
HDFCMOMENT,2025-Q4,M1_M2_AGREE,UP,86.65,SELL PUTS,FULL_POSITION,After Month 2 closes,2025-10,UP,67.9,YES,2025-11,UP,29.8,YES,2025-12,DOWN
HDFCNIFBAN,2025-Q4,M1_M2_AGREE,UP,86.65,SELL PUTS,FULL_POSITION,After Month 2 closes,2025-10,UP,82.5,YES,2025-11,UP,44.4,YES,2025-12,DOWN
HDFCPSUBK,2025-Q4,M1_M2_AGREE,UP,86.65,SELL PUTS,FULL_POSITION,After Month 2 closes,2025-10,UP,78.2,YES,2025-11,UP,56.6,YES,2025-12,DOWN
HDFCPSUBK,2026-Q1,M1_M2_AGREE,UP,86.65,SELL PUTS,FULL_POSITION,After Month 2 closes,2026-01,UP,61.7,YES,2026-02,UP,49.3,YES,2026-03,DOWN
HDFCPVTBAN,2025-Q4,M1_M2_AGREE,UP,86.65,SELL PUTS,FULL_POSITION,After Month 2 closes,2025-10,UP,41.5,YES,2025-11,UP,50.0,YES,2025-12,DOWN
HDFCSENSEX,2025-Q4,M1_M2_AGREE,UP,86.65,SELL PUTS,FULL_POSITION,After Month 2 closes,2025-10,UP,65.5,YES,2025-11,UP,57.4,YES,2025-12,DOWN
HEALTHADD,2025-Q4,M1_M2_AGREE,UP,86.65,SELL PUTS,FULL_POSITION,After Month 2 closes,2025-10,UP,48.5,YES,2025-11,UP,69.5,YES,2025-12,DOWN
HEALTHY,2025-Q4,M1_M2_AGREE,UP,86.65,SELL PUTS,FULL_POSITION,After Month 2 closes,2025-10,UP,69.1,YES,2025-11,UP,18.3,YES,2025-12,DOWN
HEALTHY,2026-Q1,M1_M2_AGREE,DOWN,86.65,SELL CALLS,FULL_POSITION,After Month 2 closes,2026-01,DOWN,52.3,NO,2026-02,DOWN,17.4,YES,2026-03,UP
HECPROJECT,2026-Q1,M1_M2_AGREE,UP,86.65,SELL PUTS,FULL_POSITION,After Month 2 closes,2026-01,UP,20.8,NO,2026-02,UP,28.0,YES,2026-03,FLAT
HERITGFOOD,2026-Q1,M1_M2_AGREE,DOWN,86.65,SELL CALLS,FULL_POSITION,After Month 2 closes,2026-01,DOWN,87.4,NO,2026-02,DOWN,54.5,NO,2026-03,UP
HEROMOTOCO,2025-Q4,M1_M2_AGREE,UP,86.65,SELL PUTS,FULL_POSITION,After Month 2 closes,2025-10,UP,22.4,YES,2025-11,UP,62.9,YES,2025-12,DOWN
HEUBACHIND,2025-Q4,M1_M2_AGREE,DOWN,86.65,SELL CALLS,FULL_POSITION,After Month 2 closes,2025-10,DOWN,11.8,NO,2025-11,DOWN,91.7,NO,2025-12,UP
HGINFRA,2026-Q1,M1_M2_AGREE,DOWN,86.65,SELL CALLS,FULL_POSITION,After Month 2 closes,2026-01,DOWN,51.7,NO,2026-02,DOWN,59.8,NO,2026-03,UP
HGS,2026-Q1,M1_M2_AGREE,DOWN,86.65,SELL CALLS,FULL_POSITION,After Month 2 closes,2026-01,DOWN,38.3,NO,2026-02,DOWN,49.5,NO,2026-03,UP
HIKAL,2025-Q4,M1_M2_AGREE,DOWN,86.65,SELL CALLS,FULL_POSITION,After Month 2 closes,2025-10,DOWN,61.0,NO,2025-11,DOWN,55.2,NO,2025-12,UP
HILTON,2025-Q4,M1_M2_AGREE,UP,86.65,SELL PUTS,FULL_POSITION,After Month 2 closes,2025-10,UP,0.0,NO,2025-11,UP,29.6,NO,2025-12,DOWN
HIMATSEIDE,2025-Q4,M1_M2_AGREE,UP,86.65,SELL PUTS,FULL_POSITION,After Month 2 closes,2025-10,UP,24.4,YES,2025-11,UP,23.2,YES,2025-12,DOWN
HINDOILEXP,2025-Q4,M1_M2_AGREE,DOWN,86.65,SELL CALLS,FULL_POSITION,After Month 2 closes,2025-10,DOWN,67.9,NO,2025-11,DOWN,43.9,NO,2025-12,UP
HINDZINC,2025-Q4,M1_M2_AGREE,DOWN,86.65,SELL CALLS,FULL_POSITION,After Month 2 closes,2025-10,DOWN,14.1,NO,2025-11,DOWN,17.0,YES,2025-12,UP
HINDZINC,2026-Q1,M1_M2_AGREE,UP,86.65,SELL PUTS,FULL_POSITION,After Month 2 closes,2026-01,UP,10.7,YES,2026-02,UP,29.3,YES,2026-03,DOWN
HITECHCORP,2026-Q1,M1_M2_AGREE,DOWN,86.65,SELL CALLS,FULL_POSITION,After Month 2 closes,2026-01,DOWN,49.1,NO,2026-02,DOWN,53.0,NO,2026-03,UP
HMAAGRO,2025-Q4,M1_M2_AGREE,UP,86.65,SELL PUTS,FULL_POSITION,After Month 2 closes,2025-10,UP,20.4,YES,2025-11,UP,34.1,NO,2025-12,DOWN
HMVL,2025-Q4,M1_M2_AGREE,DOWN,86.65,SELL CALLS,FULL_POSITION,After Month 2 closes,2025-10,DOWN,90.7,NO,2025-11,DOWN,73.1,NO,2025-12,UP
HOMEFIRST,2025-Q4,M1_M2_AGREE,DOWN,86.65,SELL CALLS,FULL_POSITION,After Month 2 closes,2025-10,DOWN,18.2,NO,2025-11,DOWN,50.1,NO,2025-12,UP
HONAUT,2025-Q4,M1_M2_AGREE,UP,86.65,SELL PUTS,FULL_POSITION,After Month 2 closes,2025-10,UP,1.4,YES,2025-11,UP,29.4,NO,2025-12,DOWN
HTMEDIA,2025-Q4,M1_M2_AGREE,DOWN,86.65,SELL CALLS,FULL_POSITION,After Month 2 closes,2025-10,DOWN,8.4,YES,2025-11,DOWN,92.8,NO,2025-12,UP
HUBTOWN,2025-Q4,M1_M2_AGREE,UP,86.65,SELL PUTS,FULL_POSITION,After Month 2 closes,2025-10,UP,39.6,YES,2025-11,UP,21.9,YES,2025-12,DOWN
HUDCO,2025-Q4,M1_M2_AGREE,UP,86.65,SELL PUTS,FULL_POSITION,After Month 2 closes,2025-10,UP,63.5,YES,2025-11,UP,6.0,YES,2025-12,DOWN
IBULLSLTD,2025-Q4,M1_M2_AGREE,DOWN,86.65,SELL CALLS,FULL_POSITION,After Month 2 closes,2025-11,DOWN,100.0,NO,2025-12,DOWN,37.7,NO,NOT YET CLOSED,
IBULLSLTD,2026-Q1,M1_M2_AGREE,DOWN,86.65,SELL CALLS,FULL_POSITION,After Month 2 closes,2026-01,DOWN,96.4,NO,2026-02,DOWN,13.6,NO,2026-03,UP
ICDSLTD,2025-Q4,M1_M2_AGREE,DOWN,86.65,SELL CALLS,FULL_POSITION,After Month 2 closes,2025-10,DOWN,39.8,NO,2025-11,DOWN,36.6,NO,2025-12,UP
ICEMAKE,2025-Q4,M1_M2_AGREE,DOWN,86.65,SELL CALLS,FULL_POSITION,After Month 2 closes,2025-10,DOWN,38.9,NO,2025-11,DOWN,9.6,NO,2025-12,UP
ICICIAMC,2026-Q1,M1_M2_AGREE,UP,86.65,SELL PUTS,FULL_POSITION,After Month 2 closes,2026-01,UP,67.8,YES,2026-02,UP,41.2,YES,2026-03,DOWN
ICIL,2025-Q4,M1_M2_AGREE,UP,86.65,SELL PUTS,FULL_POSITION,After Month 2 closes,2025-10,UP,31.8,YES,2025-11,UP,61.0,YES,2025-12,DOWN
IEX,2025-Q4,M1_M2_AGREE,UP,86.65,SELL PUTS,FULL_POSITION,After Month 2 closes,2025-10,UP,3.1,NO,2025-11,UP,3.3,NO,2025-12,DOWN
IGIL,2025-Q4,M1_M2_AGREE,DOWN,86.65,SELL CALLS,FULL_POSITION,After Month 2 closes,2025-10,DOWN,23.8,NO,2025-11,DOWN,18.4,NO,2025-12,UP
IGPL,2025-Q4,M1_M2_AGREE,DOWN,86.65,SELL CALLS,FULL_POSITION,After Month 2 closes,2025-10,DOWN,3.7,NO,2025-11,DOWN,58.1,NO,2025-12,UP
IITL,2025-Q4,M1_M2_AGREE,DOWN,86.65,SELL CALLS,FULL_POSITION,After Month 2 closes,2025-10,DOWN,40.2,NO,2025-11,DOWN,72.7,NO,2025-12,FLAT
IITL,2026-Q1,M1_M2_AGREE,DOWN,86.65,SELL CALLS,FULL_POSITION,After Month 2 closes,2026-01,DOWN,52.7,NO,2026-02,DOWN,41.0,NO,2026-03,UP
IKIO,2025-Q4,M1_M2_AGREE,DOWN,86.65,SELL CALLS,FULL_POSITION,After Month 2 closes,2025-10,DOWN,12.4,NO,2025-11,DOWN,64.9,NO,2025-12,FLAT
IKS,2026-Q1,M1_M2_AGREE,DOWN,86.65,SELL CALLS,FULL_POSITION,After Month 2 closes,2026-01,DOWN,48.1,NO,2026-02,DOWN,43.8,NO,2026-03,UP
IL&FSTRANS,2025-Q4,M1_M2_AGREE,DOWN,86.65,SELL CALLS,FULL_POSITION,After Month 2 closes,2025-10,DOWN,32.4,NO,2025-11,DOWN,62.2,NO,2025-12,UP
IMPEXFERRO,2026-Q1,M1_M2_AGREE,DOWN,86.65,SELL CALLS,FULL_POSITION,After Month 2 closes,2026-01,DOWN,48.2,NO,2026-02,DOWN,16.7,NO,2026-03,UP
INDBANK,2026-Q1,M1_M2_AGREE,UP,86.65,SELL PUTS,FULL_POSITION,After Month 2 closes,2026-01,UP,6.2,YES,2026-02,UP,20.8,NO,2026-03,DOWN
INDIAGLYCO,2025-Q4,M1_M2_AGREE,UP,86.65,SELL PUTS,FULL_POSITION,After Month 2 closes,2025-10,UP,64.4,YES,2025-11,UP,44.8,YES,2025-12,DOWN
INDIANB,2025-Q4,M1_M2_AGREE,UP,86.65,SELL PUTS,FULL_POSITION,After Month 2 closes,2025-10,UP,74.1,YES,2025-11,UP,9.9,YES,2025-12,DOWN
INDIANB,2026-Q1,M1_M2_AGREE,UP,86.65,SELL PUTS,FULL_POSITION,After Month 2 closes,2026-01,UP,64.2,YES,2026-02,UP,40.3,YES,2026-03,DOWN
INDIANHUME,2026-Q1,M1_M2_AGREE,DOWN,86.65,SELL CALLS,FULL_POSITION,After Month 2 closes,2026-01,DOWN,41.3,NO,2026-02,DOWN,56.4,NO,2026-03,UP
INDIASHLTR,2025-Q4,M1_M2_AGREE,UP,86.65,SELL PUTS,FULL_POSITION,After Month 2 closes,2025-10,UP,4.5,YES,2025-11,UP,3.3,NO,2025-12,DOWN
INDIGO,2025-Q4,M1_M2_AGREE,UP,86.65,SELL PUTS,FULL_POSITION,After Month 2 closes,2025-10,UP,18.3,YES,2025-11,UP,64.8,YES,2025-12,DOWN
INDOAMIN,2025-Q4,M1_M2_AGREE,DOWN,86.65,SELL CALLS,FULL_POSITION,After Month 2 closes,2025-10,DOWN,38.6,NO,2025-11,DOWN,55.8,NO,2025-12,UP
INDOTECH,2025-Q4,M1_M2_AGREE,UP,86.65,SELL PUTS,FULL_POSITION,After Month 2 closes,2025-10,UP,18.9,YES,2025-11,UP,0.0,YES,2025-12,DOWN
INDOTHAI,2025-Q4,M1_M2_AGREE,UP,86.65,SELL PUTS,FULL_POSITION,After Month 2 closes,2025-10,UP,64.5,YES,2025-11,UP,32.0,YES,2025-12,DOWN
INDOUS,2025-Q4,M1_M2_AGREE,UP,86.65,SELL PUTS,FULL_POSITION,After Month 2 closes,2025-10,UP,16.5,NO,2025-11,UP,0.7,NO,2025-12,DOWN
INDOUS,2026-Q1,M1_M2_AGREE,UP,86.65,SELL PUTS,FULL_POSITION,After Month 2 closes,2026-01,UP,1.8,YES,2026-02,UP,43.5,YES,2026-03,DOWN
INDOWIND,2026-Q1,M1_M2_AGREE,DOWN,86.65,SELL CALLS,FULL_POSITION,After Month 2 closes,2026-01,DOWN,47.9,NO,2026-02,DOWN,64.3,NO,2026-03,UP
INDUSINDBK,2025-Q4,M1_M2_AGREE,UP,86.65,SELL PUTS,FULL_POSITION,After Month 2 closes,2025-10,UP,74.1,YES,2025-11,UP,55.0,YES,2025-12,DOWN
INFIBEAM,2025-Q4,M1_M2_AGREE,UP,86.65,SELL PUTS,FULL_POSITION,After Month 2 closes,2025-10,UP,84.4,YES,2025-11,UP,7.1,NO,2025-12,DOWN
INFRABEES,2025-Q4,M1_M2_AGREE,UP,86.65,SELL PUTS,FULL_POSITION,After Month 2 closes,2025-10,UP,76.0,YES,2025-11,UP,16.3,YES,2025-12,DOWN
INNOVACAP,2025-Q4,M1_M2_AGREE,DOWN,86.65,SELL CALLS,FULL_POSITION,After Month 2 closes,2025-10,DOWN,36.9,NO,2025-11,DOWN,79.6,NO,2025-12,FLAT
INTENTECH,2025-Q4,M1_M2_AGREE,UP,86.65,SELL PUTS,FULL_POSITION,After Month 2 closes,2025-10,UP,14.8,YES,2025-11,UP,17.1,YES,2025-12,DOWN
INTERNET,2025-Q4,M1_M2_AGREE,UP,86.65,SELL PUTS,FULL_POSITION,After Month 2 closes,2025-10,UP,54.6,YES,2025-11,UP,27.3,NO,2025-12,DOWN
INTLCONV,2025-Q4,M1_M2_AGREE,DOWN,86.65,SELL CALLS,FULL_POSITION,After Month 2 closes,2025-10,DOWN,26.2,NO,2025-11,DOWN,54.5,NO,2025-12,UP
IONEXCHANG,2025-Q4,M1_M2_AGREE,DOWN,86.65,SELL CALLS,FULL_POSITION,After Month 2 closes,2025-10,DOWN,14.5,NO,2025-11,DOWN,75.3,NO,2025-12,UP
IPL,2025-Q4,M1_M2_AGREE,DOWN,86.65,SELL CALLS,FULL_POSITION,After Month 2 closes,2025-10,DOWN,61.8,NO,2025-11,DOWN,46.6,NO,2025-12,UP
IRB,2025-Q4,M1_M2_AGREE,UP,86.65,SELL PUTS,FULL_POSITION,After Month 2 closes,2025-10,UP,83.3,YES,2025-11,UP,53.5,NO,2025-12,DOWN
IRB,2026-Q1,M1_M2_AGREE,DOWN,86.65,SELL CALLS,FULL_POSITION,After Month 2 closes,2026-01,DOWN,12.8,NO,2026-02,DOWN,0.8,NO,2026-03,UP
IRCON,2025-Q4,M1_M2_AGREE,DOWN,86.65,SELL CALLS,FULL_POSITION,After Month 2 closes,2025-10,DOWN,11.3,NO,2025-11,DOWN,60.9,NO,2025-12,UP
IRFC,2025-Q4,M1_M2_AGREE,DOWN,86.65,SELL CALLS,FULL_POSITION,After Month 2 closes,2025-10,DOWN,3.9,NO,2025-11,DOWN,74.2,NO,2025-12,UP
IRIS,2026-Q1,M1_M2_AGREE,DOWN,86.65,SELL CALLS,FULL_POSITION,After Month 2 closes,2026-01,DOWN,0.7,NO,2026-02,DOWN,78.2,NO,2026-03,UP
ISFT,2025-Q4,M1_M2_AGREE,DOWN,86.65,SELL CALLS,FULL_POSITION,After Month 2 closes,2025-10,DOWN,7.7,NO,2025-11,DOWN,6.0,NO,2025-12,UP
ISFT,2026-Q1,M1_M2_AGREE,DOWN,86.65,SELL CALLS,FULL_POSITION,After Month 2 closes,2026-01,DOWN,66.4,NO,2026-02,DOWN,56.2,NO,2026-03,UP
ISGEC,2025-Q4,M1_M2_AGREE,DOWN,86.65,SELL CALLS,FULL_POSITION,After Month 2 closes,2025-10,DOWN,9.7,NO,2025-11,DOWN,64.5,NO,2025-12,UP
ITI,2026-Q1,M1_M2_AGREE,DOWN,86.65,SELL CALLS,FULL_POSITION,After Month 2 closes,2026-01,DOWN,45.2,NO,2026-02,DOWN,57.7,NO,2026-03,FLAT
IVP,2025-Q4,M1_M2_AGREE,UP,86.65,SELL PUTS,FULL_POSITION,After Month 2 closes,2025-10,UP,25.9,YES,2025-11,UP,4.4,NO,2025-12,DOWN
IVZINGOLD,2026-Q1,M1_M2_AGREE,UP,86.65,SELL PUTS,FULL_POSITION,After Month 2 closes,2026-01,UP,59.8,YES,2026-02,UP,9.6,YES,2026-03,DOWN
J&KBANK,2025-Q4,M1_M2_AGREE,UP,86.65,SELL PUTS,FULL_POSITION,After Month 2 closes,2025-10,UP,10.7,YES,2025-11,UP,3.8,YES,2025-12,DOWN
JAIBALAJI,2025-Q4,M1_M2_AGREE,DOWN,86.65,SELL CALLS,FULL_POSITION,After Month 2 closes,2025-10,DOWN,5.5,NO,2025-11,DOWN,77.7,NO,2025-12,UP
JAIBALAJI,2026-Q1,M1_M2_AGREE,DOWN,86.65,SELL CALLS,FULL_POSITION,After Month 2 closes,2026-01,DOWN,34.1,NO,2026-02,DOWN,10.6,YES,2026-03,UP
JAINREC,2026-Q1,M1_M2_AGREE,DOWN,86.65,SELL CALLS,FULL_POSITION,After Month 2 closes,2026-01,DOWN,5.7,NO,2026-02,DOWN,24.4,NO,2026-03,UP
JAIPURKURT,2026-Q1,M1_M2_AGREE,UP,86.65,SELL PUTS,FULL_POSITION,After Month 2 closes,2026-01,UP,82.3,YES,2026-02,UP,60.6,NO,2026-03,DOWN
JASH,2025-Q4,M1_M2_AGREE,UP,86.65,SELL PUTS,FULL_POSITION,After Month 2 closes,2025-10,UP,20.2,YES,2025-11,UP,21.9,NO,2025-12,DOWN
JAYSREETEA,2025-Q4,M1_M2_AGREE,DOWN,86.65,SELL CALLS,FULL_POSITION,After Month 2 closes,2025-10,DOWN,27.1,YES,2025-11,DOWN,62.0,NO,2025-12,UP
JINDALPHOT,2026-Q1,M1_M2_AGREE,DOWN,86.65,SELL CALLS,FULL_POSITION,After Month 2 closes,2026-01,DOWN,32.5,NO,2026-02,DOWN,42.4,NO,2026-03,UP
JINDALSAW,2025-Q4,M1_M2_AGREE,DOWN,86.65,SELL CALLS,FULL_POSITION,After Month 2 closes,2025-10,DOWN,71.1,NO,2025-11,DOWN,83.0,NO,2025-12,UP
JINDALSTEL,2026-Q1,M1_M2_AGREE,UP,86.65,SELL PUTS,FULL_POSITION,After Month 2 closes,2026-01,UP,41.8,YES,2026-02,UP,74.7,YES,2026-03,DOWN
JINDRILL,2025-Q4,M1_M2_AGREE,DOWN,86.65,SELL CALLS,FULL_POSITION,After Month 2 closes,2025-10,DOWN,30.3,NO,2025-11,DOWN,15.3,NO,2025-12,UP
JINDRILL,2026-Q1,M1_M2_AGREE,DOWN,86.65,SELL CALLS,FULL_POSITION,After Month 2 closes,2026-01,DOWN,85.6,NO,2026-02,DOWN,65.6,NO,2026-03,UP
JIOFIN,2025-Q4,M1_M2_AGREE,UP,86.65,SELL PUTS,FULL_POSITION,After Month 2 closes,2025-10,UP,57.6,YES,2025-11,UP,0.6,YES,2025-12,DOWN
JITFINFRA,2026-Q1,M1_M2_AGREE,UP,86.65,SELL PUTS,FULL_POSITION,After Month 2 closes,2026-01,UP,11.4,YES,2026-02,UP,47.4,YES,2026-03,DOWN
JKIL,2026-Q1,M1_M2_AGREE,DOWN,86.65,SELL CALLS,FULL_POSITION,After Month 2 closes,2026-01,DOWN,14.6,NO,2026-02,DOWN,52.0,NO,2026-03,UP
JKTYRE,2026-Q1,M1_M2_AGREE,UP,86.65,SELL PUTS,FULL_POSITION,After Month 2 closes,2026-01,UP,27.9,YES,2026-02,UP,19.7,NO,2026-03,DOWN
JLHL,2026-Q1,M1_M2_AGREE,DOWN,86.65,SELL CALLS,FULL_POSITION,After Month 2 closes,2026-01,DOWN,39.4,NO,2026-02,DOWN,52.9,NO,2026-03,UP
JPPOWER,2025-Q4,M1_M2_AGREE,UP,86.65,SELL PUTS,FULL_POSITION,After Month 2 closes,2025-10,UP,34.3,YES,2025-11,UP,14.1,YES,2025-12,DOWN
JPPOWER,2026-Q1,M1_M2_AGREE,DOWN,86.65,SELL CALLS,FULL_POSITION,After Month 2 closes,2026-01,DOWN,50.3,NO,2026-02,DOWN,5.1,NO,2026-03,UP
JSLL,2025-Q4,M1_M2_AGREE,DOWN,86.65,SELL CALLS,FULL_POSITION,After Month 2 closes,2025-10,DOWN,55.1,NO,2025-11,DOWN,21.7,NO,2025-12,UP
JSWCEMENT,2025-Q4,M1_M2_AGREE,DOWN,86.65,SELL CALLS,FULL_POSITION,After Month 2 closes,2025-10,DOWN,12.4,NO,2025-11,DOWN,94.9,NO,2025-12,UP
JSWHL,2025-Q4,M1_M2_AGREE,UP,86.65,SELL PUTS,FULL_POSITION,After Month 2 closes,2025-10,UP,37.7,YES,2025-11,UP,92.6,YES,2025-12,DOWN
JSWINFRA,2025-Q4,M1_M2_AGREE,DOWN,86.65,SELL CALLS,FULL_POSITION,After Month 2 closes,2025-10,DOWN,87.1,NO,2025-11,DOWN,67.7,NO,2025-12,UP
JSWSTEEL,2026-Q1,M1_M2_AGREE,UP,86.65,SELL PUTS,FULL_POSITION,After Month 2 closes,2026-01,UP,51.4,YES,2026-02,UP,61.6,YES,2026-03,DOWN
JUBLINGREA,2026-Q1,M1_M2_AGREE,DOWN,86.65,SELL CALLS,FULL_POSITION,After Month 2 closes,2026-01,DOWN,37.9,NO,2026-02,DOWN,44.7,NO,2026-03,UP
JUNIPER,2025-Q4,M1_M2_AGREE,DOWN,86.65,SELL CALLS,FULL_POSITION,After Month 2 closes,2025-10,DOWN,25.9,NO,2025-11,DOWN,65.2,NO,2025-12,UP
JUNIPER,2026-Q1,M1_M2_AGREE,DOWN,86.65,SELL CALLS,FULL_POSITION,After Month 2 closes,2026-01,DOWN,54.5,NO,2026-02,DOWN,16.4,NO,2026-03,FLAT
JWL,2025-Q4,M1_M2_AGREE,DOWN,86.65,SELL CALLS,FULL_POSITION,After Month 2 closes,2025-10,DOWN,45.0,NO,2025-11,DOWN,80.9,NO,2025-12,UP
JWL,2026-Q1,M1_M2_AGREE,DOWN,86.65,SELL CALLS,FULL_POSITION,After Month 2 closes,2026-01,DOWN,28.3,NO,2026-02,DOWN,77.9,NO,2026-03,UP
JYOTICNC,2025-Q4,M1_M2_AGREE,UP,86.65,SELL PUTS,FULL_POSITION,After Month 2 closes,2025-10,UP,8.6,YES,2025-11,UP,72.6,YES,2025-12,DOWN
KAMATHOTEL,2025-Q4,M1_M2_AGREE,DOWN,86.65,SELL CALLS,FULL_POSITION,After Month 2 closes,2025-10,DOWN,6.1,NO,2025-11,DOWN,68.8,NO,2025-12,UP
KAMATHOTEL,2026-Q1,M1_M2_AGREE,DOWN,86.65,SELL CALLS,FULL_POSITION,After Month 2 closes,2026-01,DOWN,48.5,NO,2026-02,DOWN,70.5,NO,2026-03,UP
KAMDHENU,2026-Q1,M1_M2_AGREE,DOWN,86.65,SELL CALLS,FULL_POSITION,After Month 2 closes,2026-01,DOWN,72.0,NO,2026-02,DOWN,30.4,YES,2026-03,UP
KAMOPAINTS,2026-Q1,M1_M2_AGREE,DOWN,86.65,SELL CALLS,FULL_POSITION,After Month 2 closes,2026-01,DOWN,15.6,NO,2026-02,DOWN,79.0,NO,2026-03,UP
KANANIIND,2025-Q4,M1_M2_AGREE,DOWN,86.65,SELL CALLS,FULL_POSITION,After Month 2 closes,2025-10,DOWN,5.9,YES,2025-11,DOWN,62.5,NO,2025-12,UP
KAPSTON,2025-Q4,M1_M2_AGREE,UP,86.65,SELL PUTS,FULL_POSITION,After Month 2 closes,2025-10,UP,68.6,YES,2025-11,UP,3.1,NO,2025-12,DOWN
KAPSTON,2026-Q1,M1_M2_AGREE,UP,86.65,SELL PUTS,FULL_POSITION,After Month 2 closes,2026-01,UP,69.4,YES,2026-02,UP,29.6,YES,2026-03,DOWN
KARURVYSYA,2026-Q1,M1_M2_AGREE,UP,86.65,SELL PUTS,FULL_POSITION,After Month 2 closes,2026-01,UP,65.6,YES,2026-02,UP,46.9,YES,2026-03,DOWN
KAYA,2025-Q4,M1_M2_AGREE,DOWN,86.65,SELL CALLS,FULL_POSITION,After Month 2 closes,2025-10,DOWN,18.5,NO,2025-11,DOWN,46.8,NO,2025-12,UP
KCP,2025-Q4,M1_M2_AGREE,DOWN,86.65,SELL CALLS,FULL_POSITION,After Month 2 closes,2025-10,DOWN,69.4,YES,2025-11,DOWN,60.6,NO,2025-12,UP
KEC,2025-Q4,M1_M2_AGREE,DOWN,86.65,SELL CALLS,FULL_POSITION,After Month 2 closes,2025-10,DOWN,58.4,NO,2025-11,DOWN,96.4,NO,2025-12,UP
KEEPLEARN,2026-Q1,M1_M2_AGREE,DOWN,86.65,SELL CALLS,FULL_POSITION,After Month 2 closes,2026-01,DOWN,5.8,NO,2026-02,DOWN,65.9,NO,2026-03,FLAT
KHAITANLTD,2026-Q1,M1_M2_AGREE,DOWN,86.65,SELL CALLS,FULL_POSITION,After Month 2 closes,2026-01,DOWN,28.7,NO,2026-02,DOWN,73.6,NO,2026-03,UP
KHANDSE,2026-Q1,M1_M2_AGREE,DOWN,86.65,SELL CALLS,FULL_POSITION,After Month 2 closes,2026-01,DOWN,19.1,NO,2026-02,DOWN,73.1,NO,2026-03,UP
KICL,2025-Q4,M1_M2_AGREE,UP,86.65,SELL PUTS,FULL_POSITION,After Month 2 closes,2025-10,UP,34.2,YES,2025-11,UP,45.3,NO,2025-12,DOWN
KIOCL,2025-Q4,M1_M2_AGREE,DOWN,86.65,SELL CALLS,FULL_POSITION,After Month 2 closes,2025-10,DOWN,1.6,YES,2025-11,DOWN,67.8,NO,2025-12,UP
KIRLOSBROS,2025-Q4,M1_M2_AGREE,DOWN,86.65,SELL CALLS,FULL_POSITION,After Month 2 closes,2025-10,DOWN,30.8,NO,2025-11,DOWN,78.8,NO,2025-12,UP
KITEX,2025-Q4,M1_M2_AGREE,UP,86.65,SELL PUTS,FULL_POSITION,After Month 2 closes,2025-10,UP,39.9,YES,2025-11,UP,12.6,YES,2025-12,DOWN
KITEX,2026-Q1,M1_M2_AGREE,UP,86.65,SELL PUTS,FULL_POSITION,After Month 2 closes,2026-01,UP,20.1,NO,2026-02,UP,15.2,YES,2026-03,DOWN
KKCL,2026-Q1,M1_M2_AGREE,UP,86.65,SELL PUTS,FULL_POSITION,After Month 2 closes,2026-01,UP,45.8,NO,2026-02,UP,44.7,YES,2026-03,DOWN
KMEW,2025-Q4,M1_M2_AGREE,UP,86.65,SELL PUTS,FULL_POSITION,After Month 2 closes,2025-10,UP,10.6,YES,2025-11,UP,50.4,YES,2025-12,DOWN
KMSUGAR,2025-Q4,M1_M2_AGREE,UP,86.65,SELL PUTS,FULL_POSITION,After Month 2 closes,2025-10,UP,17.7,YES,2025-11,UP,6.9,NO,2025-12,DOWN
KNRCON,2025-Q4,M1_M2_AGREE,DOWN,86.65,SELL CALLS,FULL_POSITION,After Month 2 closes,2025-10,DOWN,73.4,NO,2025-11,DOWN,89.6,NO,2025-12,UP
KNRCON,2026-Q1,M1_M2_AGREE,DOWN,86.65,SELL CALLS,FULL_POSITION,After Month 2 closes,2026-01,DOWN,40.6,NO,2026-02,DOWN,54.5,NO,2026-03,UP
KOPRAN,2025-Q4,M1_M2_AGREE,DOWN,86.65,SELL CALLS,FULL_POSITION,After Month 2 closes,2025-10,DOWN,44.2,NO,2025-11,DOWN,65.5,NO,2025-12,UP
KPIGREEN,2026-Q1,M1_M2_AGREE,DOWN,86.65,SELL CALLS,FULL_POSITION,After Month 2 closes,2026-01,DOWN,88.8,NO,2026-02,DOWN,18.7,NO,2026-03,UP
KPIL,2025-Q4,M1_M2_AGREE,DOWN,86.65,SELL CALLS,FULL_POSITION,After Month 2 closes,2025-10,DOWN,1.5,YES,2025-11,DOWN,55.9,NO,2025-12,UP
KPITTECH,2025-Q4,M1_M2_AGREE,UP,86.65,SELL PUTS,FULL_POSITION,After Month 2 closes,2025-10,UP,47.1,YES,2025-11,UP,49.5,YES,2025-12,DOWN
KPRMILL,2025-Q4,M1_M2_AGREE,UP,86.65,SELL PUTS,FULL_POSITION,After Month 2 closes,2025-10,UP,2.8,YES,2025-11,UP,5.1,YES,2025-12,DOWN
KPRMILL,2026-Q1,M1_M2_AGREE,UP,86.65,SELL PUTS,FULL_POSITION,After Month 2 closes,2026-01,UP,50.8,NO,2026-02,UP,8.1,YES,2026-03,FLAT
KREBSBIO,2025-Q4,M1_M2_AGREE,DOWN,86.65,SELL CALLS,FULL_POSITION,After Month 2 closes,2025-10,DOWN,30.4,NO,2025-11,DOWN,62.2,NO,2025-12,UP
KRISHIVAL,2026-Q1,M1_M2_AGREE,DOWN,86.65,SELL CALLS,FULL_POSITION,After Month 2 closes,2026-01,DOWN,35.7,NO,2026-02,DOWN,4.5,NO,2026-03,UP
KRISHNADEF,2026-Q1,M1_M2_AGREE,UP,86.65,SELL PUTS,FULL_POSITION,After Month 2 closes,2026-01,UP,72.3,YES,2026-02,UP,4.0,NO,2026-03,DOWN
KRITIKA,2026-Q1,M1_M2_AGREE,DOWN,86.65,SELL CALLS,FULL_POSITION,After Month 2 closes,2026-01,DOWN,34.9,NO,2026-02,DOWN,48.9,NO,2026-03,FLAT
KRONOX,2025-Q4,M1_M2_AGREE,DOWN,86.65,SELL CALLS,FULL_POSITION,After Month 2 closes,2025-10,DOWN,70.4,NO,2025-11,DOWN,40.1,NO,2025-12,UP
KRONOX,2026-Q1,M1_M2_AGREE,DOWN,86.65,SELL CALLS,FULL_POSITION,After Month 2 closes,2026-01,DOWN,82.9,NO,2026-02,DOWN,18.6,NO,2026-03,UP
KROSS,2025-Q4,M1_M2_AGREE,DOWN,86.65,SELL CALLS,FULL_POSITION,After Month 2 closes,2025-10,DOWN,42.4,NO,2025-11,DOWN,44.7,NO,2025-12,UP
KRSNAA,2025-Q4,M1_M2_AGREE,UP,86.65,SELL PUTS,FULL_POSITION,After Month 2 closes,2025-10,UP,20.5,YES,2025-11,UP,35.3,YES,2025-12,DOWN
KRYSTAL,2026-Q1,M1_M2_AGREE,UP,86.65,SELL PUTS,FULL_POSITION,After Month 2 closes,2026-01,UP,49.2,YES,2026-02,UP,26.4,YES,2026-03,DOWN
KSB,2025-Q4,M1_M2_AGREE,DOWN,86.65,SELL CALLS,FULL_POSITION,After Month 2 closes,2025-10,DOWN,59.0,NO,2025-11,DOWN,28.0,NO,2025-12,UP
KSCL,2026-Q1,M1_M2_AGREE,DOWN,86.65,SELL CALLS,FULL_POSITION,After Month 2 closes,2026-01,DOWN,21.5,NO,2026-02,DOWN,81.7,NO,2026-03,UP
KSHITIJPOL,2025-Q4,M1_M2_AGREE,DOWN,86.65,SELL CALLS,FULL_POSITION,After Month 2 closes,2025-10,DOWN,45.2,NO,2025-11,DOWN,46.7,NO,2025-12,UP
KSR,2025-Q4,M1_M2_AGREE,DOWN,86.65,SELL CALLS,FULL_POSITION,After Month 2 closes,2025-11,DOWN,100.0,NO,2025-12,DOWN,66.0,NO,NOT YET CLOSED,
KTKBANK,2025-Q4,M1_M2_AGREE,UP,86.65,SELL PUTS,FULL_POSITION,After Month 2 closes,2025-10,UP,43.2,YES,2025-11,UP,71.7,YES,2025-12,DOWN
KWIL,2026-Q1,M1_M2_AGREE,DOWN,86.65,SELL CALLS,FULL_POSITION,After Month 2 closes,2026-02,DOWN,59.6,NO,2026-03,DOWN,14.4,NO,NOT YET CLOSED,
LAXMIDENTL,2025-Q4,M1_M2_AGREE,DOWN,86.65,SELL CALLS,FULL_POSITION,After Month 2 closes,2025-10,DOWN,35.4,NO,2025-11,DOWN,49.8,NO,2025-12,FLAT
LENSKART,2025-Q4,M1_M2_AGREE,UP,86.65,SELL PUTS,FULL_POSITION,After Month 2 closes,2025-11,UP,20.3,YES,2025-12,UP,23.3,YES,NOT YET CLOSED,
LICNETFGSC,2026-Q1,M1_M2_AGREE,DOWN,86.65,SELL CALLS,FULL_POSITION,After Month 2 closes,2026-01,DOWN,4.3,NO,2026-02,DOWN,10.6,YES,2026-03,UP
LICNMID100,2025-Q4,M1_M2_AGREE,UP,86.65,SELL PUTS,FULL_POSITION,After Month 2 closes,2025-10,UP,48.8,YES,2025-11,UP,12.8,YES,2025-12,DOWN
LIKHITHA,2025-Q4,M1_M2_AGREE,DOWN,86.65,SELL CALLS,FULL_POSITION,After Month 2 closes,2025-10,DOWN,46.0,YES,2025-11,DOWN,84.3,NO,2025-12,UP
LIQUID1,2026-Q1,M1_M2_AGREE,UP,86.65,SELL PUTS,FULL_POSITION,After Month 2 closes,2026-01,UP,37.1,YES,2026-02,UP,9.8,YES,2026-03,FLAT
LOTUSDEV,2026-Q1,M1_M2_AGREE,DOWN,86.65,SELL CALLS,FULL_POSITION,After Month 2 closes,2026-01,DOWN,20.1,NO,2026-02,DOWN,45.9,NO,2026-03,UP
LOTUSEYE,2025-Q4,M1_M2_AGREE,DOWN,86.65,SELL CALLS,FULL_POSITION,After Month 2 closes,2025-10,DOWN,40.5,YES,2025-11,DOWN,68.0,NO,2025-12,UP
LOWVOL1,2025-Q4,M1_M2_AGREE,UP,86.65,SELL PUTS,FULL_POSITION,After Month 2 closes,2025-10,UP,61.6,YES,2025-11,UP,42.2,YES,2025-12,DOWN
LOYALTEX,2025-Q4,M1_M2_AGREE,DOWN,86.65,SELL CALLS,FULL_POSITION,After Month 2 closes,2025-10,DOWN,79.7,NO,2025-11,DOWN,70.0,NO,2025-12,UP
LPDC,2026-Q1,M1_M2_AGREE,DOWN,86.65,SELL CALLS,FULL_POSITION,After Month 2 closes,2026-01,DOWN,72.7,NO,2026-02,DOWN,46.3,NO,2026-03,UP
LTFOODS,2025-Q4,M1_M2_AGREE,UP,86.65,SELL PUTS,FULL_POSITION,After Month 2 closes,2025-10,UP,25.7,YES,2025-11,UP,46.4,NO,2025-12,DOWN
LTGILTCASE,2025-Q4,M1_M2_AGREE,DOWN,86.65,SELL CALLS,FULL_POSITION,After Month 2 closes,2025-10,DOWN,42.9,NO,2025-11,DOWN,45.0,NO,2025-12,UP
LTIM,2025-Q4,M1_M2_AGREE,UP,86.65,SELL PUTS,FULL_POSITION,After Month 2 closes,2025-10,UP,76.4,YES,2025-11,UP,70.1,YES,2025-12,DOWN
LTIM,2026-Q1,M1_M2_AGREE,DOWN,86.65,SELL CALLS,FULL_POSITION,After Month 2 closes,2026-01,DOWN,13.8,NO,2026-02,DOWN,80.7,NO,NOT YET CLOSED,
LTTS,2026-Q1,M1_M2_AGREE,DOWN,86.65,SELL CALLS,FULL_POSITION,After Month 2 closes,2026-01,DOWN,92.5,NO,2026-02,DOWN,29.9,NO,2026-03,FLAT
LUPIN,2026-Q1,M1_M2_AGREE,UP,86.65,SELL PUTS,FULL_POSITION,After Month 2 closes,2026-01,UP,21.6,YES,2026-02,UP,55.3,YES,2026-03,DOWN
LXCHEM,2026-Q1,M1_M2_AGREE,DOWN,86.65,SELL CALLS,FULL_POSITION,After Month 2 closes,2026-01,DOWN,76.2,NO,2026-02,DOWN,52.5,NO,2026-03,UP
LYPSAGEMS,2025-Q4,M1_M2_AGREE,DOWN,86.65,SELL CALLS,FULL_POSITION,After Month 2 closes,2025-10,DOWN,49.6,NO,2025-11,DOWN,30.5,NO,2025-12,UP
M&M,2025-Q4,M1_M2_AGREE,UP,86.65,SELL PUTS,FULL_POSITION,After Month 2 closes,2025-10,UP,25.5,YES,2025-11,UP,92.6,YES,2025-12,DOWN
MADHUCON,2025-Q4,M1_M2_AGREE,DOWN,86.65,SELL CALLS,FULL_POSITION,After Month 2 closes,2025-10,DOWN,80.6,NO,2025-11,DOWN,77.5,NO,2025-12,UP
MADRASFERT,2025-Q4,M1_M2_AGREE,DOWN,86.65,SELL CALLS,FULL_POSITION,After Month 2 closes,2025-10,DOWN,21.9,NO,2025-11,DOWN,43.9,NO,2025-12,UP
MADRASFERT,2026-Q1,M1_M2_AGREE,DOWN,86.65,SELL CALLS,FULL_POSITION,After Month 2 closes,2026-01,DOWN,31.9,NO,2026-02,DOWN,85.2,NO,2026-03,UP
MAGADSUGAR,2025-Q4,M1_M2_AGREE,DOWN,86.65,SELL CALLS,FULL_POSITION,After Month 2 closes,2025-10,DOWN,5.6,NO,2025-11,DOWN,64.4,NO,2025-12,UP
MAGNUM,2025-Q4,M1_M2_AGREE,DOWN,86.65,SELL CALLS,FULL_POSITION,After Month 2 closes,2025-10,DOWN,41.6,NO,2025-11,DOWN,0.5,NO,2025-12,UP
MAHABANK,2026-Q1,M1_M2_AGREE,UP,86.65,SELL PUTS,FULL_POSITION,After Month 2 closes,2026-01,UP,48.4,YES,2026-02,UP,55.0,YES,2026-03,DOWN
MAHAPEXLTD,2025-Q4,M1_M2_AGREE,DOWN,86.65,SELL CALLS,FULL_POSITION,After Month 2 closes,2025-10,DOWN,54.7,NO,2025-11,DOWN,86.3,NO,2025-12,UP
MAHAPEXLTD,2026-Q1,M1_M2_AGREE,DOWN,86.65,SELL CALLS,FULL_POSITION,After Month 2 closes,2026-01,DOWN,91.2,NO,2026-02,DOWN,13.1,YES,2026-03,UP
MAHESHWARI,2025-Q4,M1_M2_AGREE,DOWN,86.65,SELL CALLS,FULL_POSITION,After Month 2 closes,2025-10,DOWN,29.7,NO,2025-11,DOWN,75.3,NO,2025-12,UP
MAHESHWARI,2026-Q1,M1_M2_AGREE,DOWN,86.65,SELL CALLS,FULL_POSITION,After Month 2 closes,2026-01,DOWN,26.2,NO,2026-02,DOWN,29.1,NO,2026-03,UP
MAHLIFE,2025-Q4,M1_M2_AGREE,UP,86.65,SELL PUTS,FULL_POSITION,After Month 2 closes,2025-10,UP,64.5,YES,2025-11,UP,51.9,YES,2025-12,DOWN
MAHLIFE,2026-Q1,M1_M2_AGREE,DOWN,86.65,SELL CALLS,FULL_POSITION,After Month 2 closes,2026-01,DOWN,27.7,NO,2026-02,DOWN,9.7,NO,2026-03,UP
MAHLOG,2026-Q1,M1_M2_AGREE,UP,86.65,SELL PUTS,FULL_POSITION,After Month 2 closes,2026-01,UP,44.9,YES,2026-02,UP,66.2,YES,2026-03,DOWN
MAHSCOOTER,2026-Q1,M1_M2_AGREE,UP,86.65,SELL PUTS,FULL_POSITION,After Month 2 closes,2026-01,UP,42.0,NO,2026-02,UP,7.6,NO,2026-03,DOWN
MAITHANALL,2025-Q4,M1_M2_AGREE,DOWN,86.65,SELL CALLS,FULL_POSITION,After Month 2 closes,2025-10,DOWN,4.0,YES,2025-11,DOWN,71.4,NO,2025-12,UP
MAKEINDIA,2025-Q4,M1_M2_AGREE,UP,86.65,SELL PUTS,FULL_POSITION,After Month 2 closes,2025-10,UP,50.4,YES,2025-11,UP,0.1,YES,2025-12,DOWN
MAMATA,2025-Q4,M1_M2_AGREE,DOWN,86.65,SELL CALLS,FULL_POSITION,After Month 2 closes,2025-10,DOWN,21.6,NO,2025-11,DOWN,35.3,NO,2025-12,UP
MANAKALUCO,2025-Q4,M1_M2_AGREE,DOWN,86.65,SELL CALLS,FULL_POSITION,After Month 2 closes,2025-10,DOWN,65.3,NO,2025-11,DOWN,72.6,NO,2025-12,UP
MANAKSIA,2025-Q4,M1_M2_AGREE,DOWN,86.65,SELL CALLS,FULL_POSITION,After Month 2 closes,2025-10,DOWN,11.3,NO,2025-11,DOWN,32.8,NO,2025-12,UP
MANBA,2026-Q1,M1_M2_AGREE,DOWN,86.65,SELL CALLS,FULL_POSITION,After Month 2 closes,2026-01,DOWN,48.6,NO,2026-02,DOWN,54.7,NO,2026-03,UP
MANCREDIT,2026-Q1,M1_M2_AGREE,UP,86.65,SELL PUTS,FULL_POSITION,After Month 2 closes,2026-01,UP,9.7,YES,2026-02,UP,11.8,NO,2026-03,DOWN
MANGLMCEM,2026-Q1,M1_M2_AGREE,UP,86.65,SELL PUTS,FULL_POSITION,After Month 2 closes,2026-01,UP,9.2,YES,2026-02,UP,66.8,YES,2026-03,DOWN
MANINDS,2025-Q4,M1_M2_AGREE,UP,86.65,SELL PUTS,FULL_POSITION,After Month 2 closes,2025-10,UP,68.7,YES,2025-11,UP,44.3,YES,2025-12,DOWN
MANOMAY,2025-Q4,M1_M2_AGREE,UP,86.65,SELL PUTS,FULL_POSITION,After Month 2 closes,2025-10,UP,72.8,YES,2025-11,UP,85.6,YES,2025-12,DOWN
MANORAMA,2026-Q1,M1_M2_AGREE,UP,86.65,SELL PUTS,FULL_POSITION,After Month 2 closes,2026-01,UP,7.0,YES,2026-02,UP,24.1,YES,2026-03,DOWN
MANORG,2026-Q1,M1_M2_AGREE,DOWN,86.65,SELL CALLS,FULL_POSITION,After Month 2 closes,2026-01,DOWN,44.4,NO,2026-02,DOWN,13.3,NO,2026-03,UP
MARKOLINES,2025-Q4,M1_M2_AGREE,DOWN,86.65,SELL CALLS,FULL_POSITION,After Month 2 closes,2025-10,DOWN,60.2,NO,2025-11,DOWN,67.4,NO,2025-12,UP
MARKSANS,2025-Q4,M1_M2_AGREE,UP,86.65,SELL PUTS,FULL_POSITION,After Month 2 closes,2025-10,UP,68.8,YES,2025-11,UP,34.8,YES,2025-12,DOWN
MASKINVEST,2025-Q4,M1_M2_AGREE,UP,86.65,SELL PUTS,FULL_POSITION,After Month 2 closes,2025-10,UP,23.7,YES,2025-11,UP,6.5,NO,2025-12,DOWN
MASKINVEST,2026-Q1,M1_M2_AGREE,UP,86.65,SELL PUTS,FULL_POSITION,After Month 2 closes,2026-01,UP,14.0,NO,2026-02,UP,46.6,YES,2026-03,DOWN
MASTEK,2025-Q4,M1_M2_AGREE,UP,86.65,SELL PUTS,FULL_POSITION,After Month 2 closes,2025-10,UP,20.8,NO,2025-11,UP,24.8,YES,2025-12,DOWN
MATRIMONY,2025-Q4,M1_M2_AGREE,DOWN,86.65,SELL CALLS,FULL_POSITION,After Month 2 closes,2025-10,DOWN,77.9,NO,2025-11,DOWN,31.5,NO,2025-12,UP
MAWANASUG,2025-Q4,M1_M2_AGREE,DOWN,86.65,SELL CALLS,FULL_POSITION,After Month 2 closes,2025-10,DOWN,6.0,NO,2025-11,DOWN,51.3,NO,2025-12,UP
MAXHEALTH,2025-Q4,M1_M2_AGREE,UP,86.65,SELL PUTS,FULL_POSITION,After Month 2 closes,2025-10,UP,18.1,YES,2025-11,UP,14.1,YES,2025-12,DOWN
MAYURUNIQ,2026-Q1,M1_M2_AGREE,UP,86.65,SELL PUTS,FULL_POSITION,After Month 2 closes,2026-01,UP,29.8,YES,2026-02,UP,3.5,NO,2026-03,DOWN
MAZDOCK,2026-Q1,M1_M2_AGREE,DOWN,86.65,SELL CALLS,FULL_POSITION,After Month 2 closes,2026-01,DOWN,22.8,YES,2026-02,DOWN,84.2,NO,2026-03,UP
MCL,2025-Q4,M1_M2_AGREE,DOWN,86.65,SELL CALLS,FULL_POSITION,After Month 2 closes,2025-10,DOWN,75.3,NO,2025-11,DOWN,70.7,NO,2025-12,UP
MCLOUD,2025-Q4,M1_M2_AGREE,DOWN,86.65,SELL CALLS,FULL_POSITION,After Month 2 closes,2025-10,DOWN,66.0,NO,2025-11,DOWN,79.4,NO,2025-12,UP
MEDICAMEQ,2025-Q4,M1_M2_AGREE,UP,86.65,SELL PUTS,FULL_POSITION,After Month 2 closes,2025-10,UP,96.7,YES,2025-11,UP,45.6,YES,2025-12,DOWN
MEGASTAR,2026-Q1,M1_M2_AGREE,DOWN,86.65,SELL CALLS,FULL_POSITION,After Month 2 closes,2026-01,DOWN,2.1,NO,2026-02,DOWN,10.4,NO,2026-03,UP
METAL,2026-Q1,M1_M2_AGREE,UP,86.65,SELL PUTS,FULL_POSITION,After Month 2 closes,2026-01,UP,29.8,YES,2026-02,UP,11.2,YES,2026-03,DOWN
METALIETF,2026-Q1,M1_M2_AGREE,UP,86.65,SELL PUTS,FULL_POSITION,After Month 2 closes,2026-01,UP,25.2,YES,2026-02,UP,43.7,YES,2026-03,DOWN
MID150BEES,2025-Q4,M1_M2_AGREE,UP,86.65,SELL PUTS,FULL_POSITION,After Month 2 closes,2025-10,UP,9.1,YES,2025-11,UP,11.8,YES,2025-12,DOWN
MIDCAPETF,2025-Q4,M1_M2_AGREE,UP,86.65,SELL PUTS,FULL_POSITION,After Month 2 closes,2025-10,UP,77.0,YES,2025-11,UP,23.0,NO,2025-12,DOWN
MIDHANI,2025-Q4,M1_M2_AGREE,DOWN,86.65,SELL CALLS,FULL_POSITION,After Month 2 closes,2025-10,DOWN,24.6,YES,2025-11,DOWN,84.3,NO,2025-12,UP
MIDQ50ADD,2025-Q4,M1_M2_AGREE,UP,86.65,SELL PUTS,FULL_POSITION,After Month 2 closes,2025-10,UP,51.5,YES,2025-11,UP,13.6,YES,2025-12,DOWN
MIDSELIETF,2025-Q4,M1_M2_AGREE,UP,86.65,SELL PUTS,FULL_POSITION,After Month 2 closes,2025-10,UP,65.1,YES,2025-11,UP,1.3,YES,2025-12,DOWN
MIDSMALL,2025-Q4,M1_M2_AGREE,UP,86.65,SELL PUTS,FULL_POSITION,After Month 2 closes,2025-10,UP,59.2,YES,2025-11,UP,21.0,YES,2025-12,DOWN
MITCON,2025-Q4,M1_M2_AGREE,UP,86.65,SELL PUTS,FULL_POSITION,After Month 2 closes,2025-10,UP,29.7,YES,2025-11,UP,24.1,NO,2025-12,DOWN
MMTC,2026-Q1,M1_M2_AGREE,UP,86.65,SELL PUTS,FULL_POSITION,After Month 2 closes,2026-01,UP,18.0,NO,2026-02,UP,37.5,NO,2026-03,DOWN
MOALPHA50,2025-Q4,M1_M2_AGREE,UP,86.65,SELL PUTS,FULL_POSITION,After Month 2 closes,2025-10,UP,42.3,YES,2025-11,UP,8.0,YES,2025-12,DOWN
MOCAPITAL,2025-Q4,M1_M2_AGREE,UP,86.65,SELL PUTS,FULL_POSITION,After Month 2 closes,2025-10,UP,54.1,YES,2025-11,UP,49.7,YES,2025-12,DOWN
MODEFENCE,2025-Q4,M1_M2_AGREE,UP,86.65,SELL PUTS,FULL_POSITION,After Month 2 closes,2025-10,UP,46.8,YES,2025-11,UP,23.5,NO,2025-12,DOWN
MODINATUR,2026-Q1,M1_M2_AGREE,DOWN,86.65,SELL CALLS,FULL_POSITION,After Month 2 closes,2026-01,DOWN,32.9,NO,2026-02,DOWN,60.3,NO,2026-03,UP
MOENERGY,2026-Q1,M1_M2_AGREE,DOWN,86.65,SELL CALLS,FULL_POSITION,After Month 2 closes,2026-01,DOWN,5.9,NO,2026-02,DOWN,9.6,YES,2026-03,UP
MOGOLD,2026-Q1,M1_M2_AGREE,UP,86.65,SELL PUTS,FULL_POSITION,After Month 2 closes,2026-01,UP,68.0,YES,2026-02,UP,27.8,YES,2026-03,DOWN
MOHEALTH,2025-Q4,M1_M2_AGREE,UP,86.65,SELL PUTS,FULL_POSITION,After Month 2 closes,2025-10,UP,15.7,YES,2025-11,UP,1.9,YES,2025-12,DOWN
MOIPO,2025-Q4,M1_M2_AGREE,DOWN,86.65,SELL CALLS,FULL_POSITION,After Month 2 closes,2025-11,DOWN,16.8,NO,2025-12,DOWN,61.4,NO,NOT YET CLOSED,
MOM100,2025-Q4,M1_M2_AGREE,UP,86.65,SELL PUTS,FULL_POSITION,After Month 2 closes,2025-10,UP,77.4,YES,2025-11,UP,30.4,YES,2025-12,DOWN
MOM30IETF,2025-Q4,M1_M2_AGREE,UP,86.65,SELL PUTS,FULL_POSITION,After Month 2 closes,2025-10,UP,79.5,YES,2025-11,UP,51.8,YES,2025-12,DOWN
MOM50,2025-Q4,M1_M2_AGREE,UP,86.65,SELL PUTS,FULL_POSITION,After Month 2 closes,2025-10,UP,67.8,YES,2025-11,UP,46.5,YES,2025-12,DOWN
MOMENTUM,2025-Q4,M1_M2_AGREE,UP,86.65,SELL PUTS,FULL_POSITION,After Month 2 closes,2025-10,UP,81.9,YES,2025-11,UP,47.5,YES,2025-12,DOWN
MOMENTUM50,2025-Q4,M1_M2_AGREE,UP,86.65,SELL PUTS,FULL_POSITION,After Month 2 closes,2025-10,UP,49.8,YES,2025-11,UP,5.8,NO,2025-12,DOWN
MOMGF,2025-Q4,M1_M2_AGREE,UP,86.65,SELL PUTS,FULL_POSITION,After Month 2 closes,2025-10,UP,69.8,YES,2025-11,UP,6.6,NO,2025-12,DOWN
MOMIDMTM,2025-Q4,M1_M2_AGREE,UP,86.65,SELL PUTS,FULL_POSITION,After Month 2 closes,2025-10,UP,51.2,YES,2025-11,UP,43.4,YES,2025-12,DOWN
MON50EQUAL,2025-Q4,M1_M2_AGREE,UP,86.65,SELL PUTS,FULL_POSITION,After Month 2 closes,2025-10,UP,57.9,YES,2025-11,UP,22.4,YES,2025-12,DOWN
MONARCH,2025-Q4,M1_M2_AGREE,DOWN,86.65,SELL CALLS,FULL_POSITION,After Month 2 closes,2025-10,DOWN,38.8,NO,2025-11,DOWN,19.9,NO,2025-12,UP
MONEXT50,2026-Q1,M1_M2_AGREE,UP,86.65,SELL PUTS,FULL_POSITION,After Month 2 closes,2026-01,UP,8.1,YES,2026-02,UP,1.2,NO,2026-03,DOWN
MONTECARLO,2025-Q4,M1_M2_AGREE,UP,86.65,SELL PUTS,FULL_POSITION,After Month 2 closes,2025-10,UP,19.1,YES,2025-11,UP,41.8,YES,2025-12,DOWN
MOPSE,2025-Q4,M1_M2_AGREE,DOWN,86.65,SELL CALLS,FULL_POSITION,After Month 2 closes,2025-10,DOWN,20.3,YES,2025-11,DOWN,62.9,NO,2025-12,UP
MOPSE,2026-Q1,M1_M2_AGREE,UP,86.65,SELL PUTS,FULL_POSITION,After Month 2 closes,2026-01,UP,17.5,YES,2026-02,UP,25.9,YES,2026-03,DOWN
MORARJEE,2025-Q4,M1_M2_AGREE,DOWN,86.65,SELL CALLS,FULL_POSITION,After Month 2 closes,2025-10,DOWN,21.5,NO,2025-11,DOWN,79.6,NO,2025-12,UP
MORARJEE,2026-Q1,M1_M2_AGREE,DOWN,86.65,SELL CALLS,FULL_POSITION,After Month 2 closes,2026-01,DOWN,97.4,NO,2026-02,DOWN,18.1,NO,2026-03,UP
MOTOGENFIN,2025-Q4,M1_M2_AGREE,UP,86.65,SELL PUTS,FULL_POSITION,After Month 2 closes,2025-10,UP,3.9,NO,2025-11,UP,45.2,YES,2025-12,DOWN
MOTOGENFIN,2026-Q1,M1_M2_AGREE,DOWN,86.65,SELL CALLS,FULL_POSITION,After Month 2 closes,2026-01,DOWN,21.1,NO,2026-02,DOWN,28.5,NO,2026-03,UP
MOVALUE,2026-Q1,M1_M2_AGREE,UP,86.65,SELL PUTS,FULL_POSITION,After Month 2 closes,2026-01,UP,53.1,YES,2026-02,UP,47.2,YES,2026-03,DOWN
MPSLTD,2026-Q1,M1_M2_AGREE,DOWN,86.65,SELL CALLS,FULL_POSITION,After Month 2 closes,2026-01,DOWN,57.5,NO,2026-02,DOWN,66.6,NO,2026-03,UP
MRPL,2026-Q1,M1_M2_AGREE,UP,86.65,SELL PUTS,FULL_POSITION,After Month 2 closes,2026-01,UP,58.8,YES,2026-02,UP,42.3,YES,2026-03,DOWN
MTARTECH,2025-Q4,M1_M2_AGREE,UP,86.65,SELL PUTS,FULL_POSITION,After Month 2 closes,2025-10,UP,95.1,YES,2025-11,UP,0.0,NO,2025-12,DOWN
MTARTECH,2026-Q1,M1_M2_AGREE,UP,86.65,SELL PUTS,FULL_POSITION,After Month 2 closes,2026-01,UP,68.8,YES,2026-02,UP,71.4,YES,2026-03,DOWN
MTNL,2025-Q4,M1_M2_AGREE,DOWN,86.65,SELL CALLS,FULL_POSITION,After Month 2 closes,2025-10,DOWN,38.6,NO,2025-11,DOWN,50.1,NO,2025-12,UP
MUKKA,2026-Q1,M1_M2_AGREE,DOWN,86.65,SELL CALLS,FULL_POSITION,After Month 2 closes,2026-01,DOWN,13.4,NO,2026-02,DOWN,16.8,NO,2026-03,UP
MUKTAARTS,2025-Q4,M1_M2_AGREE,DOWN,86.65,SELL CALLS,FULL_POSITION,After Month 2 closes,2025-10,DOWN,26.2,NO,2025-11,DOWN,12.6,NO,2025-12,UP
MULTICAP,2025-Q4,M1_M2_AGREE,UP,86.65,SELL PUTS,FULL_POSITION,After Month 2 closes,2025-10,UP,34.8,YES,2025-11,UP,4.2,NO,2025-12,DOWN
MUNJALSHOW,2025-Q4,M1_M2_AGREE,DOWN,86.65,SELL CALLS,FULL_POSITION,After Month 2 closes,2025-10,DOWN,36.7,NO,2025-11,DOWN,7.1,NO,2025-12,UP
MUTHOOTMF,2026-Q1,M1_M2_AGREE,UP,86.65,SELL PUTS,FULL_POSITION,After Month 2 closes,2026-01,UP,24.7,YES,2026-02,UP,29.6,NO,2026-03,DOWN
MWL,2026-Q1,M1_M2_AGREE,DOWN,86.65,SELL CALLS,FULL_POSITION,After Month 2 closes,2026-01,DOWN,2.1,NO,2026-02,DOWN,33.0,NO,2026-03,UP
NAGAFERT,2025-Q4,M1_M2_AGREE,DOWN,86.65,SELL CALLS,FULL_POSITION,After Month 2 closes,2025-10,DOWN,62.2,NO,2025-11,DOWN,78.6,NO,2025-12,UP
NAGAFERT,2026-Q1,M1_M2_AGREE,DOWN,86.65,SELL CALLS,FULL_POSITION,After Month 2 closes,2026-01,DOWN,53.9,NO,2026-02,DOWN,78.3,NO,2026-03,UP
NAHARCAP,2025-Q4,M1_M2_AGREE,DOWN,86.65,SELL CALLS,FULL_POSITION,After Month 2 closes,2025-10,DOWN,28.5,YES,2025-11,DOWN,55.8,NO,2025-12,UP
NAHARPOLY,2025-Q4,M1_M2_AGREE,DOWN,86.65,SELL CALLS,FULL_POSITION,After Month 2 closes,2025-10,DOWN,8.9,NO,2025-11,DOWN,34.0,NO,2025-12,UP
NAM-INDIA,2026-Q1,M1_M2_AGREE,UP,86.65,SELL PUTS,FULL_POSITION,After Month 2 closes,2026-01,UP,3.3,NO,2026-02,UP,30.7,YES,2026-03,DOWN
NARMADA,2026-Q1,M1_M2_AGREE,UP,86.65,SELL PUTS,FULL_POSITION,After Month 2 closes,2026-01,UP,81.6,YES,2026-02,UP,41.9,YES,2026-03,DOWN
NATCAPSUQ,2026-Q1,M1_M2_AGREE,DOWN,86.65,SELL CALLS,FULL_POSITION,After Month 2 closes,2026-01,DOWN,4.4,NO,2026-02,DOWN,44.0,NO,2026-03,UP
NAUKRI,2025-Q4,M1_M2_AGREE,UP,86.65,SELL PUTS,FULL_POSITION,After Month 2 closes,2025-10,UP,56.4,YES,2025-11,UP,54.0,NO,2025-12,DOWN
NAVA,2025-Q4,M1_M2_AGREE,DOWN,86.65,SELL CALLS,FULL_POSITION,After Month 2 closes,2025-10,DOWN,47.3,NO,2025-11,DOWN,69.8,NO,2025-12,UP
NCC,2026-Q1,M1_M2_AGREE,DOWN,86.65,SELL CALLS,FULL_POSITION,After Month 2 closes,2026-01,DOWN,54.3,NO,2026-02,DOWN,18.7,YES,2026-03,UP
NDTV,2025-Q4,M1_M2_AGREE,DOWN,86.65,SELL CALLS,FULL_POSITION,After Month 2 closes,2025-10,DOWN,95.0,NO,2025-11,DOWN,66.2,NO,2025-12,UP
NELCAST,2025-Q4,M1_M2_AGREE,UP,86.65,SELL PUTS,FULL_POSITION,After Month 2 closes,2025-10,UP,42.2,NO,2025-11,UP,16.6,NO,2025-12,DOWN
NELCO,2026-Q1,M1_M2_AGREE,DOWN,86.65,SELL CALLS,FULL_POSITION,After Month 2 closes,2026-01,DOWN,41.4,NO,2026-02,DOWN,46.1,NO,2026-03,FLAT
NEOGEN,2025-Q4,M1_M2_AGREE,DOWN,86.65,SELL CALLS,FULL_POSITION,After Month 2 closes,2025-10,DOWN,48.6,NO,2025-11,DOWN,85.2,NO,2025-12,UP
NEPHROPLUS,2026-Q1,M1_M2_AGREE,UP,86.65,SELL PUTS,FULL_POSITION,After Month 2 closes,2026-01,UP,70.7,YES,2026-02,UP,62.1,YES,2026-03,DOWN
NESTLEIND,2026-Q1,M1_M2_AGREE,UP,86.65,SELL PUTS,FULL_POSITION,After Month 2 closes,2026-01,UP,51.1,YES,2026-02,UP,37.1,NO,2026-03,DOWN
NETF,2025-Q4,M1_M2_AGREE,UP,86.65,SELL PUTS,FULL_POSITION,After Month 2 closes,2025-10,UP,30.2,YES,2025-11,UP,24.5,YES,2025-12,DOWN
NGIL,2025-Q4,M1_M2_AGREE,DOWN,86.65,SELL CALLS,FULL_POSITION,After Month 2 closes,2025-10,DOWN,55.1,NO,2025-11,DOWN,36.3,NO,2025-12,UP
NGLFINE,2026-Q1,M1_M2_AGREE,UP,86.65,SELL PUTS,FULL_POSITION,After Month 2 closes,2026-01,UP,76.2,YES,2026-02,UP,54.7,YES,2026-03,DOWN
NH,2025-Q4,M1_M2_AGREE,UP,86.65,SELL PUTS,FULL_POSITION,After Month 2 closes,2025-10,UP,18.3,YES,2025-11,UP,50.5,YES,2025-12,DOWN
NHPC,2025-Q4,M1_M2_AGREE,DOWN,86.65,SELL CALLS,FULL_POSITION,After Month 2 closes,2025-10,DOWN,39.4,NO,2025-11,DOWN,85.4,NO,2025-12,UP
NHPC,2026-Q1,M1_M2_AGREE,DOWN,86.65,SELL CALLS,FULL_POSITION,After Month 2 closes,2026-01,DOWN,8.2,NO,2026-02,DOWN,42.5,NO,2026-03,UP
NIBE,2025-Q4,M1_M2_AGREE,DOWN,86.65,SELL CALLS,FULL_POSITION,After Month 2 closes,2025-10,DOWN,83.9,NO,2025-11,DOWN,68.0,NO,2025-12,UP
NIF100IETF,2025-Q4,M1_M2_AGREE,UP,86.65,SELL PUTS,FULL_POSITION,After Month 2 closes,2025-10,UP,55.6,YES,2025-11,UP,22.2,NO,2025-12,DOWN
NIF10GETF,2025-Q4,M1_M2_AGREE,UP,86.65,SELL PUTS,FULL_POSITION,After Month 2 closes,2025-10,UP,70.2,YES,2025-11,UP,20.6,YES,2025-12,DOWN
NIFTY1,2025-Q4,M1_M2_AGREE,UP,86.65,SELL PUTS,FULL_POSITION,After Month 2 closes,2025-10,UP,42.9,YES,2025-11,UP,49.3,YES,2025-12,DOWN
NIFTY100EW,2025-Q4,M1_M2_AGREE,UP,86.65,SELL PUTS,FULL_POSITION,After Month 2 closes,2025-10,UP,39.3,YES,2025-11,UP,29.8,NO,2025-12,DOWN
NIFTYBEES,2025-Q4,M1_M2_AGREE,UP,86.65,SELL PUTS,FULL_POSITION,After Month 2 closes,2025-10,UP,58.5,YES,2025-11,UP,24.1,YES,2025-12,DOWN
NIFTYCASE,2025-Q4,M1_M2_AGREE,UP,86.65,SELL PUTS,FULL_POSITION,After Month 2 closes,2025-10,UP,5.3,NO,2025-11,UP,31.0,YES,2025-12,DOWN
NIFTYETF,2025-Q4,M1_M2_AGREE,UP,86.65,SELL PUTS,FULL_POSITION,After Month 2 closes,2025-10,UP,65.2,YES,2025-11,UP,43.4,YES,2025-12,DOWN
NIFTYIETF,2025-Q4,M1_M2_AGREE,UP,86.65,SELL PUTS,FULL_POSITION,After Month 2 closes,2025-10,UP,44.1,YES,2025-11,UP,37.2,YES,2025-12,DOWN
NIITLTD,2025-Q4,M1_M2_AGREE,DOWN,86.65,SELL CALLS,FULL_POSITION,After Month 2 closes,2025-10,DOWN,24.2,NO,2025-11,DOWN,82.6,NO,2025-12,UP
NILASPACES,2026-Q1,M1_M2_AGREE,DOWN,86.65,SELL CALLS,FULL_POSITION,After Month 2 closes,2026-01,DOWN,53.5,NO,2026-02,DOWN,46.5,NO,2026-03,UP
NILKAMAL,2025-Q4,M1_M2_AGREE,DOWN,86.65,SELL CALLS,FULL_POSITION,After Month 2 closes,2025-10,DOWN,27.5,NO,2025-11,DOWN,49.4,NO,2025-12,UP
NITINSPIN,2025-Q4,M1_M2_AGREE,UP,86.65,SELL PUTS,FULL_POSITION,After Month 2 closes,2025-10,UP,16.8,YES,2025-11,UP,8.6,NO,2025-12,DOWN
NITINSPIN,2026-Q1,M1_M2_AGREE,UP,86.65,SELL PUTS,FULL_POSITION,After Month 2 closes,2026-01,UP,36.8,YES,2026-02,UP,44.0,YES,2026-03,DOWN
NITIRAJ,2025-Q4,M1_M2_AGREE,DOWN,86.65,SELL CALLS,FULL_POSITION,After Month 2 closes,2025-10,DOWN,36.4,NO,2025-11,DOWN,13.3,NO,2025-12,UP
NIVABUPA,2026-Q1,M1_M2_AGREE,DOWN,86.65,SELL CALLS,FULL_POSITION,After Month 2 closes,2026-01,DOWN,59.2,YES,2026-02,DOWN,69.1,NO,2026-03,UP
NLCINDIA,2025-Q4,M1_M2_AGREE,DOWN,86.65,SELL CALLS,FULL_POSITION,After Month 2 closes,2025-10,DOWN,53.9,NO,2025-11,DOWN,67.0,NO,2025-12,UP
NMDC,2025-Q4,M1_M2_AGREE,DOWN,86.65,SELL CALLS,FULL_POSITION,After Month 2 closes,2025-10,DOWN,13.8,NO,2025-11,DOWN,29.7,NO,2025-12,UP
NOIDATOLL,2025-Q4,M1_M2_AGREE,UP,86.65,SELL PUTS,FULL_POSITION,After Month 2 closes,2025-10,UP,58.8,YES,2025-11,UP,19.2,YES,2025-12,DOWN
NPBET,2025-Q4,M1_M2_AGREE,UP,86.65,SELL PUTS,FULL_POSITION,After Month 2 closes,2025-10,UP,68.1,YES,2025-11,UP,48.1,YES,2025-12,DOWN
NSLNISP,2025-Q4,M1_M2_AGREE,DOWN,86.65,SELL CALLS,FULL_POSITION,After Month 2 closes,2025-10,DOWN,31.7,NO,2025-11,DOWN,22.3,NO,2025-12,UP
NUCLEUS,2026-Q1,M1_M2_AGREE,DOWN,86.65,SELL CALLS,FULL_POSITION,After Month 2 closes,2026-01,DOWN,3.1,NO,2026-02,DOWN,43.8,NO,2026-03,UP
NUVAMA,2025-Q4,M1_M2_AGREE,UP,86.65,SELL PUTS,FULL_POSITION,After Month 2 closes,2025-10,UP,67.1,YES,2025-11,UP,50.5,YES,2025-12,DOWN
NUVOCO,2025-Q4,M1_M2_AGREE,DOWN,86.65,SELL CALLS,FULL_POSITION,After Month 2 closes,2025-10,DOWN,8.4,NO,2025-11,DOWN,79.5,NO,2025-12,UP
NYKAA,2025-Q4,M1_M2_AGREE,UP,86.65,SELL PUTS,FULL_POSITION,After Month 2 closes,2025-10,UP,44.9,YES,2025-11,UP,57.4,YES,2025-12,DOWN
OCCLLTD,2025-Q4,M1_M2_AGREE,DOWN,86.65,SELL CALLS,FULL_POSITION,After Month 2 closes,2025-10,DOWN,25.2,NO,2025-11,DOWN,94.6,NO,2025-12,UP
OFSS,2025-Q4,M1_M2_AGREE,UP,86.65,SELL PUTS,FULL_POSITION,After Month 2 closes,2025-10,UP,12.4,YES,2025-11,UP,74.6,NO,2025-12,DOWN
OMAXAUTO,2025-Q4,M1_M2_AGREE,DOWN,86.65,SELL CALLS,FULL_POSITION,After Month 2 closes,2025-10,DOWN,86.8,NO,2025-11,DOWN,70.6,NO,2025-12,UP
OMAXAUTO,2026-Q1,M1_M2_AGREE,UP,86.65,SELL PUTS,FULL_POSITION,After Month 2 closes,2026-01,UP,32.8,YES,2026-02,UP,34.8,NO,2026-03,DOWN
OMAXE,2025-Q4,M1_M2_AGREE,DOWN,86.65,SELL CALLS,FULL_POSITION,After Month 2 closes,2025-10,DOWN,5.1,YES,2025-11,DOWN,71.6,NO,2025-12,UP
OMKARCHEM,2025-Q4,M1_M2_AGREE,DOWN,86.65,SELL CALLS,FULL_POSITION,After Month 2 closes,2025-10,DOWN,13.7,NO,2025-11,DOWN,87.3,NO,2025-12,UP
ONECAP-RE,2026-Q1,M1_M2_AGREE,DOWN,86.65,SELL CALLS,FULL_POSITION,After Month 2 closes,2026-02,DOWN,100.0,NO,2026-03,DOWN,85.7,NO,NOT YET CLOSED,
ONELIFECAP,2025-Q4,M1_M2_AGREE,DOWN,86.65,SELL CALLS,FULL_POSITION,After Month 2 closes,2025-10,DOWN,15.1,YES,2025-11,DOWN,13.4,NO,2025-12,UP
ONESOURCE,2025-Q4,M1_M2_AGREE,DOWN,86.65,SELL CALLS,FULL_POSITION,After Month 2 closes,2025-10,DOWN,23.0,YES,2025-11,DOWN,74.6,NO,2025-12,UP
ONGC,2026-Q1,M1_M2_AGREE,UP,86.65,SELL PUTS,FULL_POSITION,After Month 2 closes,2026-01,UP,58.1,YES,2026-02,UP,28.9,YES,2026-03,DOWN
ORICONENT,2026-Q1,M1_M2_AGREE,UP,86.65,SELL PUTS,FULL_POSITION,After Month 2 closes,2026-01,UP,58.8,YES,2026-02,UP,58.4,YES,2026-03,DOWN
ORIENTCEM,2025-Q4,M1_M2_AGREE,DOWN,86.65,SELL CALLS,FULL_POSITION,After Month 2 closes,2025-10,DOWN,31.1,NO,2025-11,DOWN,88.0,NO,2025-12,UP
ORKLAINDIA,2025-Q4,M1_M2_AGREE,DOWN,86.65,SELL CALLS,FULL_POSITION,After Month 2 closes,2025-11,DOWN,87.8,NO,2025-12,DOWN,23.3,NO,NOT YET CLOSED,
OSWALSEEDS,2025-Q4,M1_M2_AGREE,DOWN,86.65,SELL CALLS,FULL_POSITION,After Month 2 closes,2025-10,DOWN,7.8,YES,2025-11,DOWN,30.1,NO,2025-12,UP
PAISALO,2026-Q1,M1_M2_AGREE,DOWN,86.65,SELL CALLS,FULL_POSITION,After Month 2 closes,2026-01,DOWN,42.3,NO,2026-02,DOWN,30.5,YES,2026-03,FLAT
PANACEABIO,2026-Q1,M1_M2_AGREE,DOWN,86.65,SELL CALLS,FULL_POSITION,After Month 2 closes,2026-01,DOWN,5.0,NO,2026-02,DOWN,76.5,NO,2026-03,UP
PAR,2025-Q4,M1_M2_AGREE,DOWN,86.65,SELL CALLS,FULL_POSITION,After Month 2 closes,2025-10,DOWN,4.6,NO,2025-11,DOWN,85.6,NO,2025-12,UP
PARACABLES,2025-Q4,M1_M2_AGREE,DOWN,86.65,SELL CALLS,FULL_POSITION,After Month 2 closes,2025-10,DOWN,32.9,NO,2025-11,DOWN,80.9,NO,2025-12,UP
PARADEEP,2025-Q4,M1_M2_AGREE,DOWN,86.65,SELL CALLS,FULL_POSITION,After Month 2 closes,2025-10,DOWN,81.4,NO,2025-11,DOWN,25.4,NO,2025-12,UP
PARAGMILK,2025-Q4,M1_M2_AGREE,UP,86.65,SELL PUTS,FULL_POSITION,After Month 2 closes,2025-10,UP,76.1,YES,2025-11,UP,30.2,YES,2025-12,DOWN
PARAGMILK,2026-Q1,M1_M2_AGREE,DOWN,86.65,SELL CALLS,FULL_POSITION,After Month 2 closes,2026-01,DOWN,60.4,NO,2026-02,DOWN,63.6,NO,2026-03,UP
PARAS,2025-Q4,M1_M2_AGREE,UP,86.65,SELL PUTS,FULL_POSITION,After Month 2 closes,2025-10,UP,38.9,YES,2025-11,UP,6.1,YES,2025-12,DOWN
PARKHOSPS,2026-Q1,M1_M2_AGREE,UP,86.65,SELL PUTS,FULL_POSITION,After Month 2 closes,2026-01,UP,30.2,YES,2026-02,UP,77.0,YES,2026-03,DOWN
PASHUPATI,2025-Q4,M1_M2_AGREE,UP,86.65,SELL PUTS,FULL_POSITION,After Month 2 closes,2025-10,UP,83.5,YES,2025-11,UP,12.2,YES,2025-12,DOWN
PASUPTAC,2025-Q4,M1_M2_AGREE,UP,86.65,SELL PUTS,FULL_POSITION,After Month 2 closes,2025-10,UP,52.7,YES,2025-11,UP,32.2,YES,2025-12,DOWN
PATINTLOG,2025-Q4,M1_M2_AGREE,DOWN,86.65,SELL CALLS,FULL_POSITION,After Month 2 closes,2025-10,DOWN,13.3,YES,2025-11,DOWN,5.5,NO,2025-12,UP
PATINTLOG,2026-Q1,M1_M2_AGREE,DOWN,86.65,SELL CALLS,FULL_POSITION,After Month 2 closes,2026-01,DOWN,66.6,NO,2026-02,DOWN,87.5,NO,2026-03,FLAT
PEARLPOLY,2025-Q4,M1_M2_AGREE,DOWN,86.65,SELL CALLS,FULL_POSITION,After Month 2 closes,2025-10,DOWN,5.6,NO,2025-11,DOWN,41.2,NO,2025-12,UP
PENIND,2026-Q1,M1_M2_AGREE,DOWN,86.65,SELL CALLS,FULL_POSITION,After Month 2 closes,2026-01,DOWN,63.1,NO,2026-02,DOWN,39.6,NO,2026-03,UP
PERSISTENT,2026-Q1,M1_M2_AGREE,DOWN,86.65,SELL CALLS,FULL_POSITION,After Month 2 closes,2026-01,DOWN,41.2,NO,2026-02,DOWN,68.8,NO,2026-03,UP
PFC,2026-Q1,M1_M2_AGREE,UP,86.65,SELL PUTS,FULL_POSITION,After Month 2 closes,2026-01,UP,49.8,YES,2026-02,UP,54.4,YES,2026-03,DOWN
PFOCUS,2025-Q4,M1_M2_AGREE,DOWN,86.65,SELL CALLS,FULL_POSITION,After Month 2 closes,2025-10,DOWN,41.4,YES,2025-11,DOWN,47.7,NO,2025-12,UP
PGEL,2025-Q4,M1_M2_AGREE,UP,86.65,SELL PUTS,FULL_POSITION,After Month 2 closes,2025-10,UP,70.0,YES,2025-11,UP,22.0,YES,2025-12,DOWN
PGHH,2025-Q4,M1_M2_AGREE,DOWN,86.65,SELL CALLS,FULL_POSITION,After Month 2 closes,2025-10,DOWN,64.8,NO,2025-11,DOWN,77.1,NO,2025-12,UP
PGIL,2025-Q4,M1_M2_AGREE,UP,86.65,SELL PUTS,FULL_POSITION,After Month 2 closes,2025-10,UP,17.7,YES,2025-11,UP,55.2,YES,2025-12,DOWN
PICCADIL,2026-Q1,M1_M2_AGREE,DOWN,86.65,SELL CALLS,FULL_POSITION,After Month 2 closes,2026-01,DOWN,9.2,YES,2026-02,DOWN,16.8,NO,2026-03,UP
PINELABS,2025-Q4,M1_M2_AGREE,DOWN,86.65,SELL CALLS,FULL_POSITION,After Month 2 closes,2025-11,DOWN,13.0,YES,2025-12,DOWN,28.0,NO,NOT YET CLOSED,
PIRAMALFIN,2025-Q4,M1_M2_AGREE,UP,86.65,SELL PUTS,FULL_POSITION,After Month 2 closes,2025-11,UP,55.3,YES,2025-12,UP,31.6,YES,NOT YET CLOSED,
PLAZACABLE,2025-Q4,M1_M2_AGREE,DOWN,86.65,SELL CALLS,FULL_POSITION,After Month 2 closes,2025-10,DOWN,70.6,NO,2025-11,DOWN,75.5,NO,2025-12,FLAT
PNB,2025-Q4,M1_M2_AGREE,UP,86.65,SELL PUTS,FULL_POSITION,After Month 2 closes,2025-10,UP,79.0,YES,2025-11,UP,21.5,YES,2025-12,DOWN
PNC,2025-Q4,M1_M2_AGREE,DOWN,86.65,SELL CALLS,FULL_POSITION,After Month 2 closes,2025-10,DOWN,47.3,NO,2025-11,DOWN,31.2,NO,2025-12,UP
PNCINFRA,2025-Q4,M1_M2_AGREE,DOWN,86.65,SELL CALLS,FULL_POSITION,After Month 2 closes,2025-10,DOWN,70.6,NO,2025-11,DOWN,74.1,NO,2025-12,UP
POKARNA,2025-Q4,M1_M2_AGREE,UP,86.65,SELL PUTS,FULL_POSITION,After Month 2 closes,2025-10,UP,48.1,YES,2025-11,UP,21.5,YES,2025-12,DOWN
POLICYBZR,2025-Q4,M1_M2_AGREE,UP,86.65,SELL PUTS,FULL_POSITION,After Month 2 closes,2025-10,UP,39.4,YES,2025-11,UP,31.7,YES,2025-12,DOWN
POLYMED,2025-Q4,M1_M2_AGREE,UP,86.65,SELL PUTS,FULL_POSITION,After Month 2 closes,2025-10,UP,32.4,YES,2025-11,UP,27.5,NO,2025-12,DOWN
POLYMED,2026-Q1,M1_M2_AGREE,DOWN,86.65,SELL CALLS,FULL_POSITION,After Month 2 closes,2026-01,DOWN,66.6,NO,2026-02,DOWN,69.1,NO,2026-03,UP
POLYPLEX,2025-Q4,M1_M2_AGREE,DOWN,86.65,SELL CALLS,FULL_POSITION,After Month 2 closes,2025-10,DOWN,84.4,NO,2025-11,DOWN,89.9,NO,2025-12,UP
PPL,2025-Q4,M1_M2_AGREE,DOWN,86.65,SELL CALLS,FULL_POSITION,After Month 2 closes,2025-10,DOWN,37.0,NO,2025-11,DOWN,93.2,NO,2025-12,UP
PRAENG,2025-Q4,M1_M2_AGREE,UP,86.65,SELL PUTS,FULL_POSITION,After Month 2 closes,2025-10,UP,64.8,YES,2025-11,UP,23.9,NO,2025-12,DOWN
PRAKASH,2025-Q4,M1_M2_AGREE,DOWN,86.65,SELL CALLS,FULL_POSITION,After Month 2 closes,2025-10,DOWN,5.7,NO,2025-11,DOWN,60.4,NO,2025-12,UP
PRAKASHSTL,2025-Q4,M1_M2_AGREE,DOWN,86.65,SELL CALLS,FULL_POSITION,After Month 2 closes,2025-10,DOWN,33.3,NO,2025-11,DOWN,93.2,NO,2025-12,UP
PRIMESECU,2025-Q4,M1_M2_AGREE,UP,86.65,SELL PUTS,FULL_POSITION,After Month 2 closes,2025-10,UP,42.8,YES,2025-11,UP,27.1,YES,2025-12,DOWN
PRIMO,2025-Q4,M1_M2_AGREE,UP,86.65,SELL PUTS,FULL_POSITION,After Month 2 closes,2025-10,UP,31.8,NO,2025-11,UP,55.7,YES,2025-12,DOWN
PRIMO,2026-Q1,M1_M2_AGREE,DOWN,86.65,SELL CALLS,FULL_POSITION,After Month 2 closes,2026-01,DOWN,92.2,NO,2026-02,DOWN,45.8,NO,2026-03,UP
PRITI,2025-Q4,M1_M2_AGREE,UP,86.65,SELL PUTS,FULL_POSITION,After Month 2 closes,2025-10,UP,26.2,YES,2025-11,UP,4.9,YES,2025-12,DOWN
PRIVISCL,2025-Q4,M1_M2_AGREE,UP,86.65,SELL PUTS,FULL_POSITION,After Month 2 closes,2025-10,UP,83.3,YES,2025-11,UP,45.5,YES,2025-12,DOWN
PRIVISCL,2026-Q1,M1_M2_AGREE,UP,86.65,SELL PUTS,FULL_POSITION,After Month 2 closes,2026-01,UP,2.4,NO,2026-02,UP,53.9,YES,2026-03,DOWN
PRSMJOHNSN,2026-Q1,M1_M2_AGREE,DOWN,86.65,SELL CALLS,FULL_POSITION,After Month 2 closes,2026-01,DOWN,32.7,NO,2026-02,DOWN,0.7,NO,2026-03,UP
PRUDENT,2025-Q4,M1_M2_AGREE,DOWN,86.65,SELL CALLS,FULL_POSITION,After Month 2 closes,2025-10,DOWN,12.9,NO,2025-11,DOWN,43.6,NO,2025-12,UP
PSUBANK,2025-Q4,M1_M2_AGREE,UP,86.65,SELL PUTS,FULL_POSITION,After Month 2 closes,2025-10,UP,50.2,YES,2025-11,UP,46.6,YES,2025-12,DOWN
PSUBANK,2026-Q1,M1_M2_AGREE,UP,86.65,SELL PUTS,FULL_POSITION,After Month 2 closes,2026-01,UP,83.1,YES,2026-02,UP,46.9,YES,2026-03,DOWN
PSUBANKADD,2025-Q4,M1_M2_AGREE,UP,86.65,SELL PUTS,FULL_POSITION,After Month 2 closes,2025-10,UP,92.0,YES,2025-11,UP,43.4,YES,2025-12,DOWN
PSUBANKADD,2026-Q1,M1_M2_AGREE,UP,86.65,SELL PUTS,FULL_POSITION,After Month 2 closes,2026-01,UP,68.8,YES,2026-02,UP,58.4,YES,2026-03,DOWN
PSUBNKBEES,2025-Q4,M1_M2_AGREE,UP,86.65,SELL PUTS,FULL_POSITION,After Month 2 closes,2025-10,UP,87.1,YES,2025-11,UP,64.0,YES,2025-12,DOWN
PSUBNKBEES,2026-Q1,M1_M2_AGREE,UP,86.65,SELL PUTS,FULL_POSITION,After Month 2 closes,2026-01,UP,75.0,YES,2026-02,UP,51.9,YES,2026-03,DOWN
PSUBNKIETF,2025-Q4,M1_M2_AGREE,UP,86.65,SELL PUTS,FULL_POSITION,After Month 2 closes,2025-10,UP,80.2,YES,2025-11,UP,56.7,YES,2025-12,DOWN
PSUBNKIETF,2026-Q1,M1_M2_AGREE,UP,86.65,SELL PUTS,FULL_POSITION,After Month 2 closes,2026-01,UP,47.0,YES,2026-02,UP,32.1,YES,2026-03,DOWN
PTCIL,2025-Q4,M1_M2_AGREE,UP,86.65,SELL PUTS,FULL_POSITION,After Month 2 closes,2025-10,UP,73.7,YES,2025-11,UP,61.8,YES,2025-12,DOWN
PTCIL,2026-Q1,M1_M2_AGREE,UP,86.65,SELL PUTS,FULL_POSITION,After Month 2 closes,2026-01,UP,39.2,NO,2026-02,UP,8.2,NO,2026-03,DOWN
PTL,2025-Q4,M1_M2_AGREE,DOWN,86.65,SELL CALLS,FULL_POSITION,After Month 2 closes,2025-10,DOWN,13.7,YES,2025-11,DOWN,19.5,NO,2025-12,UP
PURVA,2026-Q1,M1_M2_AGREE,DOWN,86.65,SELL CALLS,FULL_POSITION,After Month 2 closes,2026-01,DOWN,22.9,NO,2026-02,DOWN,41.2,NO,2026-03,UP
PVTBANIETF,2025-Q4,M1_M2_AGREE,UP,86.65,SELL PUTS,FULL_POSITION,After Month 2 closes,2025-10,UP,71.6,YES,2025-11,UP,35.4,YES,2025-12,DOWN
PVTBANKADD,2025-Q4,M1_M2_AGREE,UP,86.65,SELL PUTS,FULL_POSITION,After Month 2 closes,2025-10,UP,68.8,YES,2025-11,UP,46.1,YES,2025-12,DOWN
QGOLDHALF,2026-Q1,M1_M2_AGREE,UP,86.65,SELL PUTS,FULL_POSITION,After Month 2 closes,2026-01,UP,49.0,YES,2026-02,UP,7.2,YES,2026-03,DOWN
QNIFTY,2025-Q4,M1_M2_AGREE,UP,86.65,SELL PUTS,FULL_POSITION,After Month 2 closes,2025-10,UP,74.7,YES,2025-11,UP,53.5,YES,2025-12,DOWN
QPOWER,2025-Q4,M1_M2_AGREE,DOWN,86.65,SELL CALLS,FULL_POSITION,After Month 2 closes,2025-10,DOWN,35.6,NO,2025-11,DOWN,89.3,NO,2025-12,UP
QUADFUTURE,2026-Q1,M1_M2_AGREE,DOWN,86.65,SELL CALLS,FULL_POSITION,After Month 2 closes,2026-01,DOWN,40.6,NO,2026-02,DOWN,25.8,NO,2026-03,UP
QUALITY30,2025-Q4,M1_M2_AGREE,UP,86.65,SELL PUTS,FULL_POSITION,After Month 2 closes,2025-10,UP,51.1,YES,2025-11,UP,27.1,YES,2025-12,DOWN
RADHIKAJWE,2025-Q4,M1_M2_AGREE,DOWN,86.65,SELL CALLS,FULL_POSITION,After Month 2 closes,2025-10,DOWN,51.7,NO,2025-11,DOWN,22.1,NO,2025-12,UP
RADIANTCMS,2026-Q1,M1_M2_AGREE,DOWN,86.65,SELL CALLS,FULL_POSITION,After Month 2 closes,2026-01,DOWN,76.9,NO,2026-02,DOWN,66.0,NO,2026-03,UP
RADICO,2026-Q1,M1_M2_AGREE,DOWN,86.65,SELL CALLS,FULL_POSITION,After Month 2 closes,2026-01,DOWN,73.6,NO,2026-02,DOWN,65.3,NO,2026-03,UP
RADIOCITY,2025-Q4,M1_M2_AGREE,DOWN,86.65,SELL CALLS,FULL_POSITION,After Month 2 closes,2025-10,DOWN,44.0,NO,2025-11,DOWN,95.0,NO,2025-12,UP
RAILTEL,2025-Q4,M1_M2_AGREE,DOWN,86.65,SELL CALLS,FULL_POSITION,After Month 2 closes,2025-10,DOWN,7.1,NO,2025-11,DOWN,73.4,NO,2025-12,UP
RAJMET,2025-Q4,M1_M2_AGREE,DOWN,86.65,SELL CALLS,FULL_POSITION,After Month 2 closes,2025-10,DOWN,1.8,NO,2025-11,DOWN,31.3,NO,2025-12,UP
RAJRILTD,2025-Q4,M1_M2_AGREE,DOWN,86.65,SELL CALLS,FULL_POSITION,After Month 2 closes,2025-10,DOWN,80.5,NO,2025-11,DOWN,68.9,NO,2025-12,UP
RAJSREESUG,2025-Q4,M1_M2_AGREE,DOWN,86.65,SELL CALLS,FULL_POSITION,After Month 2 closes,2025-10,DOWN,10.7,YES,2025-11,DOWN,60.6,NO,2025-12,UP
RALLIS,2025-Q4,M1_M2_AGREE,DOWN,86.65,SELL CALLS,FULL_POSITION,After Month 2 closes,2025-10,DOWN,78.9,NO,2025-11,DOWN,24.7,YES,2025-12,UP
RAMCOCEM,2026-Q1,M1_M2_AGREE,UP,86.65,SELL PUTS,FULL_POSITION,After Month 2 closes,2026-01,UP,53.2,YES,2026-02,UP,4.1,YES,2026-03,DOWN
RATEGAIN,2025-Q4,M1_M2_AGREE,UP,86.65,SELL PUTS,FULL_POSITION,After Month 2 closes,2025-10,UP,20.7,NO,2025-11,UP,73.9,YES,2025-12,DOWN
RATNAVEER,2025-Q4,M1_M2_AGREE,UP,86.65,SELL PUTS,FULL_POSITION,After Month 2 closes,2025-10,UP,56.8,NO,2025-11,UP,16.2,YES,2025-12,DOWN
RBA,2025-Q4,M1_M2_AGREE,DOWN,86.65,SELL CALLS,FULL_POSITION,After Month 2 closes,2025-10,DOWN,66.4,NO,2025-11,DOWN,76.9,NO,2025-12,UP
RCF,2026-Q1,M1_M2_AGREE,DOWN,86.65,SELL CALLS,FULL_POSITION,After Month 2 closes,2026-01,DOWN,40.3,NO,2026-02,DOWN,66.6,NO,2026-03,UP
REGENCERAM,2026-Q1,M1_M2_AGREE,DOWN,86.65,SELL CALLS,FULL_POSITION,After Month 2 closes,2026-01,DOWN,31.7,NO,2026-02,DOWN,18.3,NO,2026-03,UP
RELAXO,2025-Q4,M1_M2_AGREE,DOWN,86.65,SELL CALLS,FULL_POSITION,After Month 2 closes,2025-10,DOWN,29.1,NO,2025-11,DOWN,55.8,NO,2025-12,FLAT
RELIGARE,2026-Q1,M1_M2_AGREE,DOWN,86.65,SELL CALLS,FULL_POSITION,After Month 2 closes,2026-01,DOWN,15.3,NO,2026-02,DOWN,35.4,NO,2026-03,UP
RELTD,2025-Q4,M1_M2_AGREE,DOWN,86.65,SELL CALLS,FULL_POSITION,After Month 2 closes,2025-10,DOWN,32.1,YES,2025-11,DOWN,46.1,NO,2025-12,UP
RENUKA,2025-Q4,M1_M2_AGREE,DOWN,86.65,SELL CALLS,FULL_POSITION,After Month 2 closes,2025-10,DOWN,13.6,NO,2025-11,DOWN,88.0,NO,2025-12,UP
RENUKA,2026-Q1,M1_M2_AGREE,DOWN,86.65,SELL CALLS,FULL_POSITION,After Month 2 closes,2026-01,DOWN,23.9,NO,2026-02,DOWN,23.8,NO,2026-03,FLAT
REPCOHOME,2026-Q1,M1_M2_AGREE,DOWN,86.65,SELL CALLS,FULL_POSITION,After Month 2 closes,2026-01,DOWN,12.4,NO,2026-02,DOWN,37.2,NO,2026-03,UP
RHETAN,2026-Q1,M1_M2_AGREE,UP,86.65,SELL PUTS,FULL_POSITION,After Month 2 closes,2026-01,UP,45.5,YES,2026-02,UP,3.6,NO,2026-03,FLAT
RITCO,2026-Q1,M1_M2_AGREE,DOWN,86.65,SELL CALLS,FULL_POSITION,After Month 2 closes,2026-01,DOWN,65.4,NO,2026-02,DOWN,72.2,NO,2026-03,UP
RITES,2025-Q4,M1_M2_AGREE,DOWN,86.65,SELL CALLS,FULL_POSITION,After Month 2 closes,2025-10,DOWN,32.3,NO,2025-11,DOWN,30.8,NO,2025-12,UP
RKDL,2026-Q1,M1_M2_AGREE,DOWN,86.65,SELL CALLS,FULL_POSITION,After Month 2 closes,2026-01,DOWN,51.3,NO,2026-02,DOWN,68.9,NO,2026-03,UP
RKEC,2025-Q4,M1_M2_AGREE,DOWN,86.65,SELL CALLS,FULL_POSITION,After Month 2 closes,2025-10,DOWN,48.0,NO,2025-11,DOWN,47.1,NO,2025-12,UP
RMDRIP,2025-Q4,M1_M2_AGREE,UP,86.65,SELL PUTS,FULL_POSITION,After Month 2 closes,2025-10,UP,51.2,YES,2025-11,UP,23.3,NO,2025-12,FLAT
RML,2025-Q4,M1_M2_AGREE,DOWN,86.65,SELL CALLS,FULL_POSITION,After Month 2 closes,2025-10,DOWN,6.1,YES,2025-11,DOWN,38.2,NO,2025-12,UP
RNBDENIMS,2026-Q1,M1_M2_AGREE,UP,86.65,SELL PUTS,FULL_POSITION,After Month 2 closes,2026-01,UP,49.1,YES,2026-02,UP,30.0,YES,2026-03,DOWN
ROLEXRINGS,2025-Q4,M1_M2_AGREE,DOWN,86.65,SELL CALLS,FULL_POSITION,After Month 2 closes,2025-10,DOWN,91.1,NO,2025-11,DOWN,87.2,NO,2025-12,UP
ROLLT,2025-Q4,M1_M2_AGREE,DOWN,86.65,SELL CALLS,FULL_POSITION,After Month 2 closes,2025-10,DOWN,5.9,NO,2025-11,DOWN,16.0,NO,2025-12,UP
ROLLT,2026-Q1,M1_M2_AGREE,UP,86.65,SELL PUTS,FULL_POSITION,After Month 2 closes,2026-01,UP,9.4,NO,2026-02,UP,75.9,YES,2026-03,DOWN
ROML,2026-Q1,M1_M2_AGREE,DOWN,86.65,SELL CALLS,FULL_POSITION,After Month 2 closes,2026-01,DOWN,58.5,NO,2026-02,DOWN,26.6,NO,2026-03,UP
ROSSTECH,2026-Q1,M1_M2_AGREE,UP,86.65,SELL PUTS,FULL_POSITION,After Month 2 closes,2026-01,UP,43.2,YES,2026-02,UP,21.5,YES,2026-03,DOWN
ROTO,2025-Q4,M1_M2_AGREE,DOWN,86.65,SELL CALLS,FULL_POSITION,After Month 2 closes,2025-10,DOWN,82.8,NO,2025-11,DOWN,48.7,NO,2025-12,UP
ROUTE,2025-Q4,M1_M2_AGREE,DOWN,86.65,SELL CALLS,FULL_POSITION,After Month 2 closes,2025-10,DOWN,72.1,NO,2025-11,DOWN,43.1,NO,2025-12,UP
RPEL,2025-Q4,M1_M2_AGREE,UP,86.65,SELL PUTS,FULL_POSITION,After Month 2 closes,2025-10,UP,87.7,YES,2025-11,UP,78.5,YES,2025-12,DOWN
RPGLIFE,2026-Q1,M1_M2_AGREE,DOWN,86.65,SELL CALLS,FULL_POSITION,After Month 2 closes,2026-01,DOWN,64.3,NO,2026-02,DOWN,52.3,NO,2026-03,UP
RPOWER,2026-Q1,M1_M2_AGREE,DOWN,86.65,SELL CALLS,FULL_POSITION,After Month 2 closes,2026-01,DOWN,73.7,NO,2026-02,DOWN,50.0,NO,2026-03,UP
RPTECH,2026-Q1,M1_M2_AGREE,DOWN,86.65,SELL CALLS,FULL_POSITION,After Month 2 closes,2026-01,DOWN,0.0,NO,2026-02,DOWN,4.9,YES,2026-03,UP
RSSOFTWARE,2025-Q4,M1_M2_AGREE,DOWN,86.65,SELL CALLS,FULL_POSITION,After Month 2 closes,2025-10,DOWN,11.8,NO,2025-11,DOWN,71.4,NO,2025-12,UP
RSWM,2025-Q4,M1_M2_AGREE,UP,86.65,SELL PUTS,FULL_POSITION,After Month 2 closes,2025-10,UP,27.6,YES,2025-11,UP,26.4,YES,2025-12,DOWN
RSYSTEMS,2026-Q1,M1_M2_AGREE,DOWN,86.65,SELL CALLS,FULL_POSITION,After Month 2 closes,2026-01,DOWN,32.9,NO,2026-02,DOWN,88.4,NO,2026-03,UP
RTNPOWER,2026-Q1,M1_M2_AGREE,DOWN,86.65,SELL CALLS,FULL_POSITION,After Month 2 closes,2026-01,DOWN,60.9,NO,2026-02,DOWN,33.3,NO,2026-03,UP
RUBFILA,2025-Q4,M1_M2_AGREE,DOWN,86.65,SELL CALLS,FULL_POSITION,After Month 2 closes,2025-10,DOWN,24.4,NO,2025-11,DOWN,31.6,NO,2025-12,UP
RUBYMILLS,2026-Q1,M1_M2_AGREE,DOWN,86.65,SELL CALLS,FULL_POSITION,After Month 2 closes,2026-01,DOWN,63.9,NO,2026-02,DOWN,29.1,NO,2026-03,UP
RUSHIL,2025-Q4,M1_M2_AGREE,DOWN,86.65,SELL CALLS,FULL_POSITION,After Month 2 closes,2025-10,DOWN,51.0,NO,2025-11,DOWN,63.8,NO,2025-12,UP
S&SPOWER,2025-Q4,M1_M2_AGREE,DOWN,86.65,SELL CALLS,FULL_POSITION,After Month 2 closes,2025-10,DOWN,39.7,NO,2025-11,DOWN,86.5,NO,2025-12,UP
SAATVIKGL,2026-Q1,M1_M2_AGREE,DOWN,86.65,SELL CALLS,FULL_POSITION,After Month 2 closes,2026-01,DOWN,22.1,YES,2026-02,DOWN,34.6,NO,2026-03,UP
SABEVENTS,2026-Q1,M1_M2_AGREE,UP,86.65,SELL PUTS,FULL_POSITION,After Month 2 closes,2026-01,UP,99.5,YES,2026-02,UP,72.6,YES,2026-03,DOWN
SABTNL,2026-Q1,M1_M2_AGREE,UP,86.65,SELL PUTS,FULL_POSITION,After Month 2 closes,2026-01,UP,8.4,YES,2026-02,UP,70.2,YES,NOT YET CLOSED,
SADHNANIQ,2025-Q4,M1_M2_AGREE,DOWN,86.65,SELL CALLS,FULL_POSITION,After Month 2 closes,2025-10,DOWN,41.5,NO,2025-11,DOWN,50.7,NO,2025-12,UP
SAHYADRI,2025-Q4,M1_M2_AGREE,DOWN,86.65,SELL CALLS,FULL_POSITION,After Month 2 closes,2025-10,DOWN,22.7,NO,2025-11,DOWN,4.8,NO,2025-12,UP
SAIL,2026-Q1,M1_M2_AGREE,UP,86.65,SELL PUTS,FULL_POSITION,After Month 2 closes,2026-01,UP,23.2,YES,2026-02,UP,64.6,YES,2026-03,DOWN
SALASAR,2025-Q4,M1_M2_AGREE,UP,86.65,SELL PUTS,FULL_POSITION,After Month 2 closes,2025-10,UP,55.4,YES,2025-11,UP,32.2,NO,2025-12,DOWN
SAMBHAAV,2025-Q4,M1_M2_AGREE,UP,86.65,SELL PUTS,FULL_POSITION,After Month 2 closes,2025-10,UP,84.4,YES,2025-11,UP,4.7,YES,2025-12,DOWN
SAMPANN,2026-Q1,M1_M2_AGREE,DOWN,86.65,SELL CALLS,FULL_POSITION,After Month 2 closes,2026-01,DOWN,8.1,NO,2026-02,DOWN,45.2,NO,2026-03,UP
SANDHAR,2026-Q1,M1_M2_AGREE,DOWN,86.65,SELL CALLS,FULL_POSITION,After Month 2 closes,2026-01,DOWN,50.5,NO,2026-02,DOWN,16.0,YES,2026-03,UP
SANGHVIMOV,2025-Q4,M1_M2_AGREE,DOWN,86.65,SELL CALLS,FULL_POSITION,After Month 2 closes,2025-10,DOWN,58.0,YES,2025-11,DOWN,74.8,NO,2025-12,UP
SANOFICONR,2025-Q4,M1_M2_AGREE,UP,86.65,SELL PUTS,FULL_POSITION,After Month 2 closes,2025-10,UP,35.7,YES,2025-11,UP,49.7,NO,2025-12,DOWN
SANSERA,2025-Q4,M1_M2_AGREE,UP,86.65,SELL PUTS,FULL_POSITION,After Month 2 closes,2025-10,UP,66.4,YES,2025-11,UP,83.5,YES,2025-12,DOWN
SANSTAR,2026-Q1,M1_M2_AGREE,DOWN,86.65,SELL CALLS,FULL_POSITION,After Month 2 closes,2026-01,DOWN,76.2,NO,2026-02,DOWN,74.8,NO,2026-03,UP
SANWARIA,2026-Q1,M1_M2_AGREE,DOWN,86.65,SELL CALLS,FULL_POSITION,After Month 2 closes,2026-01,DOWN,0.0,NO,2026-02,DOWN,38.5,NO,2026-03,UP
SARDAEN,2025-Q4,M1_M2_AGREE,DOWN,86.65,SELL CALLS,FULL_POSITION,After Month 2 closes,2025-10,DOWN,17.6,NO,2025-11,DOWN,46.2,NO,2025-12,UP
SARLAPOLY,2025-Q4,M1_M2_AGREE,DOWN,86.65,SELL CALLS,FULL_POSITION,After Month 2 closes,2025-10,DOWN,18.3,NO,2025-11,DOWN,6.5,NO,2025-12,UP
SARVESHWAR,2025-Q4,M1_M2_AGREE,DOWN,86.65,SELL CALLS,FULL_POSITION,After Month 2 closes,2025-10,DOWN,52.8,NO,2025-11,DOWN,70.9,NO,2025-12,UP
SASTASUNDR,2026-Q1,M1_M2_AGREE,DOWN,86.65,SELL CALLS,FULL_POSITION,After Month 2 closes,2026-01,DOWN,1.7,NO,2026-02,DOWN,38.8,NO,2026-03,UP
SATIN,2025-Q4,M1_M2_AGREE,UP,86.65,SELL PUTS,FULL_POSITION,After Month 2 closes,2025-10,UP,56.4,YES,2025-11,UP,28.1,NO,2025-12,DOWN
SATIN,2026-Q1,M1_M2_AGREE,UP,86.65,SELL PUTS,FULL_POSITION,After Month 2 closes,2026-01,UP,55.7,YES,2026-02,UP,24.1,NO,2026-03,DOWN
SBIBPB,2025-Q4,M1_M2_AGREE,UP,86.65,SELL PUTS,FULL_POSITION,After Month 2 closes,2025-10,UP,26.3,YES,2025-11,UP,38.1,YES,2025-12,DOWN
SBIBPB,2026-Q1,M1_M2_AGREE,UP,86.65,SELL PUTS,FULL_POSITION,After Month 2 closes,2026-01,UP,49.3,YES,2026-02,UP,48.1,YES,2026-03,DOWN
SBICARD,2025-Q4,M1_M2_AGREE,UP,86.65,SELL PUTS,FULL_POSITION,After Month 2 closes,2025-10,UP,6.2,YES,2025-11,UP,0.9,YES,2025-12,DOWN
SBIETFPB,2025-Q4,M1_M2_AGREE,UP,86.65,SELL PUTS,FULL_POSITION,After Month 2 closes,2025-10,UP,63.3,YES,2025-11,UP,58.4,YES,2025-12,DOWN
SBIN,2025-Q4,M1_M2_AGREE,UP,86.65,SELL PUTS,FULL_POSITION,After Month 2 closes,2025-10,UP,72.9,YES,2025-11,UP,61.1,YES,2025-12,DOWN
SBIN,2026-Q1,M1_M2_AGREE,UP,86.65,SELL PUTS,FULL_POSITION,After Month 2 closes,2026-01,UP,91.8,YES,2026-02,UP,51.1,YES,2026-03,DOWN
SBINEQWETF,2025-Q4,M1_M2_AGREE,UP,86.65,SELL PUTS,FULL_POSITION,After Month 2 closes,2025-10,UP,47.7,YES,2025-11,UP,6.9,YES,2025-12,DOWN
SCPL,2025-Q4,M1_M2_AGREE,DOWN,86.65,SELL CALLS,FULL_POSITION,After Month 2 closes,2025-10,DOWN,9.1,YES,2025-11,DOWN,55.2,NO,2025-12,UP
SDL26BEES,2025-Q4,M1_M2_AGREE,DOWN,86.65,SELL CALLS,FULL_POSITION,After Month 2 closes,2025-10,DOWN,2.8,YES,2025-11,DOWN,6.6,NO,2025-12,UP
SECURKLOUD,2026-Q1,M1_M2_AGREE,DOWN,86.65,SELL CALLS,FULL_POSITION,After Month 2 closes,2026-01,DOWN,64.4,NO,2026-02,DOWN,36.9,YES,2026-03,UP
SEJALLTD,2025-Q4,M1_M2_AGREE,UP,86.65,SELL PUTS,FULL_POSITION,After Month 2 closes,2025-10,UP,47.8,YES,2025-11,UP,7.0,NO,2025-12,DOWN
SENCO,2025-Q4,M1_M2_AGREE,DOWN,86.65,SELL CALLS,FULL_POSITION,After Month 2 closes,2025-10,DOWN,33.5,NO,2025-11,DOWN,35.8,NO,2025-12,UP
SENSEXADD,2025-Q4,M1_M2_AGREE,UP,86.65,SELL PUTS,FULL_POSITION,After Month 2 closes,2025-10,UP,74.0,YES,2025-11,UP,52.2,YES,2025-12,DOWN
SENSEXETF,2025-Q4,M1_M2_AGREE,UP,86.65,SELL PUTS,FULL_POSITION,After Month 2 closes,2025-10,UP,64.0,YES,2025-11,UP,36.7,YES,2025-12,DOWN
SENSEXIETF,2025-Q4,M1_M2_AGREE,UP,86.65,SELL PUTS,FULL_POSITION,After Month 2 closes,2025-10,UP,40.6,YES,2025-11,UP,45.3,YES,2025-12,DOWN
SEPC,2025-Q4,M1_M2_AGREE,DOWN,86.65,SELL CALLS,FULL_POSITION,After Month 2 closes,2025-10,DOWN,72.1,NO,2025-11,DOWN,56.3,NO,2025-12,UP
SEQUENT,2025-Q4,M1_M2_AGREE,UP,86.65,SELL PUTS,FULL_POSITION,After Month 2 closes,2025-10,UP,83.5,YES,2025-11,UP,18.3,YES,2025-12,DOWN
SESHAPAPER,2025-Q4,M1_M2_AGREE,DOWN,86.65,SELL CALLS,FULL_POSITION,After Month 2 closes,2025-10,DOWN,18.9,YES,2025-11,DOWN,58.3,NO,2025-12,UP
SETF10GILT,2025-Q4,M1_M2_AGREE,UP,86.65,SELL PUTS,FULL_POSITION,After Month 2 closes,2025-10,UP,26.6,YES,2025-11,UP,6.7,YES,2025-12,DOWN
SETF10GILT,2026-Q1,M1_M2_AGREE,DOWN,86.65,SELL CALLS,FULL_POSITION,After Month 2 closes,2026-01,DOWN,6.3,NO,2026-02,DOWN,20.9,YES,2026-03,UP
SETFNIFBK,2025-Q4,M1_M2_AGREE,UP,86.65,SELL PUTS,FULL_POSITION,After Month 2 closes,2025-10,UP,25.1,YES,2025-11,UP,66.5,YES,2025-12,DOWN
SETFNN50,2026-Q1,M1_M2_AGREE,UP,86.65,SELL PUTS,FULL_POSITION,After Month 2 closes,2026-01,UP,3.9,NO,2026-02,UP,34.0,YES,2026-03,DOWN
SETUINFRA,2025-Q4,M1_M2_AGREE,DOWN,86.65,SELL CALLS,FULL_POSITION,After Month 2 closes,2025-10,DOWN,45.5,NO,2025-11,DOWN,41.7,NO,2025-12,UP
SETUINFRA,2026-Q1,M1_M2_AGREE,DOWN,86.65,SELL CALLS,FULL_POSITION,After Month 2 closes,2026-01,DOWN,0.0,NO,2026-02,DOWN,27.3,NO,2026-03,UP
SHAILY,2025-Q4,M1_M2_AGREE,UP,86.65,SELL PUTS,FULL_POSITION,After Month 2 closes,2025-10,UP,14.1,YES,2025-11,UP,58.9,YES,2025-12,DOWN
SHAKTIPUMP,2025-Q4,M1_M2_AGREE,DOWN,86.65,SELL CALLS,FULL_POSITION,After Month 2 closes,2025-10,DOWN,10.7,YES,2025-11,DOWN,91.4,NO,2025-12,UP
SHAKTIPUMP,2026-Q1,M1_M2_AGREE,DOWN,86.65,SELL CALLS,FULL_POSITION,After Month 2 closes,2026-01,DOWN,66.2,NO,2026-02,DOWN,65.7,NO,2026-03,UP
SHANTI,2026-Q1,M1_M2_AGREE,DOWN,86.65,SELL CALLS,FULL_POSITION,After Month 2 closes,2026-01,DOWN,66.9,NO,2026-02,DOWN,42.7,NO,2026-03,UP
SHARDACROP,2026-Q1,M1_M2_AGREE,UP,86.65,SELL PUTS,FULL_POSITION,After Month 2 closes,2026-01,UP,47.5,YES,2026-02,UP,48.8,YES,2026-03,DOWN
SHAREINDIA,2026-Q1,M1_M2_AGREE,DOWN,86.65,SELL CALLS,FULL_POSITION,After Month 2 closes,2026-01,DOWN,86.2,NO,2026-02,DOWN,47.5,NO,2026-03,UP
SHEKHAWATI,2025-Q4,M1_M2_AGREE,DOWN,86.65,SELL CALLS,FULL_POSITION,After Month 2 closes,2025-10,DOWN,6.8,NO,2025-11,DOWN,66.8,NO,2025-12,UP
SHILCTECH,2025-Q4,M1_M2_AGREE,DOWN,86.65,SELL CALLS,FULL_POSITION,After Month 2 closes,2025-11,DOWN,40.4,NO,2025-12,DOWN,63.2,NO,NOT YET CLOSED,
SHK,2025-Q4,M1_M2_AGREE,DOWN,86.65,SELL CALLS,FULL_POSITION,After Month 2 closes,2025-10,DOWN,47.5,NO,2025-11,DOWN,83.8,NO,2025-12,UP
SHOPERSTOP,2026-Q1,M1_M2_AGREE,DOWN,86.65,SELL CALLS,FULL_POSITION,After Month 2 closes,2026-01,DOWN,29.3,NO,2026-02,DOWN,45.6,NO,2026-03,UP
SHREERAMA,2025-Q4,M1_M2_AGREE,DOWN,86.65,SELL CALLS,FULL_POSITION,After Month 2 closes,2025-10,DOWN,37.1,NO,2025-11,DOWN,44.3,NO,2025-12,UP
SHYAMMETL,2025-Q4,M1_M2_AGREE,DOWN,86.65,SELL CALLS,FULL_POSITION,After Month 2 closes,2025-10,DOWN,33.6,NO,2025-11,DOWN,54.4,NO,2025-12,UP
SICAL-RE,2026-Q1,M1_M2_AGREE,DOWN,86.65,SELL CALLS,FULL_POSITION,After Month 2 closes,2026-02,DOWN,79.0,NO,2026-03,DOWN,98.7,NO,NOT YET CLOSED,
SIGMA,2025-Q4,M1_M2_AGREE,DOWN,86.65,SELL CALLS,FULL_POSITION,After Month 2 closes,2025-10,DOWN,76.4,NO,2025-11,DOWN,48.9,NO,2025-12,UP
SIGMA,2026-Q1,M1_M2_AGREE,DOWN,86.65,SELL CALLS,FULL_POSITION,After Month 2 closes,2026-01,DOWN,64.5,NO,2026-02,DOWN,29.8,NO,2026-03,UP
SIGMAADV,2026-Q1,M1_M2_AGREE,DOWN,86.65,SELL CALLS,FULL_POSITION,After Month 2 closes,2026-02,DOWN,64.9,NO,2026-03,DOWN,36.0,NO,NOT YET CLOSED,
SIGNPOST,2025-Q4,M1_M2_AGREE,DOWN,86.65,SELL CALLS,FULL_POSITION,After Month 2 closes,2025-10,DOWN,63.9,NO,2025-11,DOWN,37.3,NO,2025-12,UP
SILGO,2025-Q4,M1_M2_AGREE,DOWN,86.65,SELL CALLS,FULL_POSITION,After Month 2 closes,2025-10,DOWN,27.5,NO,2025-11,DOWN,36.7,NO,2025-12,UP
SILGO,2026-Q1,M1_M2_AGREE,DOWN,86.65,SELL CALLS,FULL_POSITION,After Month 2 closes,2026-01,DOWN,63.7,NO,2026-02,DOWN,16.8,YES,2026-03,UP
SILGO-RE1,2026-Q1,M1_M2_AGREE,UP,86.65,SELL PUTS,FULL_POSITION,After Month 2 closes,2026-01,UP,5.7,NO,2026-02,UP,65.3,YES,NOT YET CLOSED,
SILLYMONKS,2025-Q4,M1_M2_AGREE,UP,86.65,SELL PUTS,FULL_POSITION,After Month 2 closes,2025-10,UP,64.1,YES,2025-11,UP,46.6,YES,2025-12,DOWN
SIMBHALS,2025-Q4,M1_M2_AGREE,DOWN,86.65,SELL CALLS,FULL_POSITION,After Month 2 closes,2025-10,DOWN,71.1,NO,2025-11,DOWN,54.1,NO,2025-12,UP
SINCLAIR,2025-Q4,M1_M2_AGREE,DOWN,86.65,SELL CALLS,FULL_POSITION,After Month 2 closes,2025-10,DOWN,70.2,NO,2025-11,DOWN,88.3,NO,2025-12,FLAT
SIRCA,2025-Q4,M1_M2_AGREE,UP,86.65,SELL PUTS,FULL_POSITION,After Month 2 closes,2025-10,UP,78.5,YES,2025-11,UP,13.5,NO,2025-12,DOWN
SITINET,2025-Q4,M1_M2_AGREE,DOWN,86.65,SELL CALLS,FULL_POSITION,After Month 2 closes,2025-10,DOWN,33.3,NO,2025-11,DOWN,70.0,NO,2025-12,UP
SKFINDIA,2025-Q4,M1_M2_AGREE,DOWN,86.65,SELL CALLS,FULL_POSITION,After Month 2 closes,2025-10,DOWN,88.3,NO,2025-11,DOWN,66.1,NO,2025-12,UP
SMARTWORKS,2025-Q4,M1_M2_AGREE,DOWN,86.65,SELL CALLS,FULL_POSITION,After Month 2 closes,2025-10,DOWN,18.5,YES,2025-11,DOWN,69.3,NO,2025-12,UP
SMCGLOBAL,2025-Q4,M1_M2_AGREE,DOWN,86.65,SELL CALLS,FULL_POSITION,After Month 2 closes,2025-10,DOWN,50.4,NO,2025-11,DOWN,86.1,NO,2025-12,UP
SMLISUZU,2025-Q4,M1_M2_AGREE,DOWN,86.65,SELL CALLS,FULL_POSITION,After Month 2 closes,2025-10,DOWN,7.9,NO,2025-11,DOWN,14.8,NO,NOT YET CLOSED,
SMSPHARMA,2025-Q4,M1_M2_AGREE,UP,86.65,SELL PUTS,FULL_POSITION,After Month 2 closes,2025-10,UP,65.1,YES,2025-11,UP,52.5,YES,2025-12,DOWN
SOLARA,2025-Q4,M1_M2_AGREE,DOWN,86.65,SELL CALLS,FULL_POSITION,After Month 2 closes,2025-10,DOWN,1.3,NO,2025-11,DOWN,62.2,NO,2025-12,UP
SOLEX,2026-Q1,M1_M2_AGREE,DOWN,86.65,SELL CALLS,FULL_POSITION,After Month 2 closes,2026-01,DOWN,67.9,NO,2026-02,DOWN,36.7,NO,2026-03,UP
SONACOMS,2025-Q4,M1_M2_AGREE,UP,86.65,SELL PUTS,FULL_POSITION,After Month 2 closes,2025-10,UP,59.1,YES,2025-11,UP,80.0,YES,2025-12,DOWN
SONACOMS,2026-Q1,M1_M2_AGREE,UP,86.65,SELL PUTS,FULL_POSITION,After Month 2 closes,2026-01,UP,18.2,YES,2026-02,UP,54.0,YES,2026-03,DOWN
SOTL,2025-Q4,M1_M2_AGREE,DOWN,86.65,SELL CALLS,FULL_POSITION,After Month 2 closes,2025-10,DOWN,45.3,NO,2025-11,DOWN,28.7,NO,2025-12,UP
SOUTHBANK,2025-Q4,M1_M2_AGREE,UP,86.65,SELL PUTS,FULL_POSITION,After Month 2 closes,2025-10,UP,67.6,YES,2025-11,UP,56.5,YES,2025-12,DOWN
SOUTHWEST,2025-Q4,M1_M2_AGREE,UP,86.65,SELL PUTS,FULL_POSITION,After Month 2 closes,2025-10,UP,45.8,YES,2025-11,UP,97.0,YES,2025-12,DOWN
SPAL,2025-Q4,M1_M2_AGREE,UP,86.65,SELL PUTS,FULL_POSITION,After Month 2 closes,2025-10,UP,20.7,YES,2025-11,UP,17.5,YES,2025-12,DOWN
SPARC,2025-Q4,M1_M2_AGREE,UP,86.65,SELL PUTS,FULL_POSITION,After Month 2 closes,2025-10,UP,24.5,YES,2025-11,UP,6.1,NO,2025-12,DOWN
SPLPETRO,2025-Q4,M1_M2_AGREE,DOWN,86.65,SELL CALLS,FULL_POSITION,After Month 2 closes,2025-10,DOWN,90.2,NO,2025-11,DOWN,83.8,NO,2025-12,UP
SRD,2026-Q1,M1_M2_AGREE,DOWN,86.65,SELL CALLS,FULL_POSITION,After Month 2 closes,2026-01,DOWN,77.4,NO,2026-02,DOWN,69.4,NO,2026-03,UP
SREEL,2025-Q4,M1_M2_AGREE,UP,86.65,SELL PUTS,FULL_POSITION,After Month 2 closes,2025-10,UP,36.6,NO,2025-11,UP,4.6,YES,2025-12,DOWN
SRGHFL,2026-Q1,M1_M2_AGREE,DOWN,86.65,SELL CALLS,FULL_POSITION,After Month 2 closes,2026-01,DOWN,41.2,NO,2026-02,DOWN,28.4,NO,2026-03,UP
SRM,2025-Q4,M1_M2_AGREE,UP,86.65,SELL PUTS,FULL_POSITION,After Month 2 closes,2025-10,UP,66.9,YES,2025-11,UP,15.6,NO,2025-12,DOWN
STANLEY,2026-Q1,M1_M2_AGREE,DOWN,86.65,SELL CALLS,FULL_POSITION,After Month 2 closes,2026-01,DOWN,24.7,NO,2026-02,DOWN,37.3,NO,2026-03,UP
STARHEALTH,2025-Q4,M1_M2_AGREE,UP,86.65,SELL PUTS,FULL_POSITION,After Month 2 closes,2025-10,UP,71.6,YES,2025-11,UP,12.8,NO,2025-12,DOWN
STARTECK,2026-Q1,M1_M2_AGREE,DOWN,86.65,SELL CALLS,FULL_POSITION,After Month 2 closes,2026-01,DOWN,26.8,NO,2026-02,DOWN,24.0,NO,2026-03,FLAT
STCINDIA,2025-Q4,M1_M2_AGREE,DOWN,86.65,SELL CALLS,FULL_POSITION,After Month 2 closes,2025-10,DOWN,28.0,YES,2025-11,DOWN,77.4,NO,2025-12,UP
STEELCAS,2025-Q4,M1_M2_AGREE,UP,86.65,SELL PUTS,FULL_POSITION,After Month 2 closes,2025-10,UP,46.7,YES,2025-11,UP,11.8,NO,2025-12,DOWN
STLNETWORK,2025-Q4,M1_M2_AGREE,DOWN,86.65,SELL CALLS,FULL_POSITION,After Month 2 closes,2025-10,DOWN,70.4,NO,2025-11,DOWN,72.3,NO,2025-12,UP
STLTECH,2025-Q4,M1_M2_AGREE,DOWN,86.65,SELL CALLS,FULL_POSITION,After Month 2 closes,2025-10,DOWN,27.2,YES,2025-11,DOWN,69.4,NO,2025-12,UP
STUDDS,2025-Q4,M1_M2_AGREE,UP,86.65,SELL PUTS,FULL_POSITION,After Month 2 closes,2025-11,UP,24.9,NO,2025-12,UP,16.3,NO,NOT YET CLOSED,
STYL,2026-Q1,M1_M2_AGREE,DOWN,86.65,SELL CALLS,FULL_POSITION,After Month 2 closes,2026-01,DOWN,27.7,NO,2026-02,DOWN,16.5,NO,2026-03,UP
STYLEBAAZA,2026-Q1,M1_M2_AGREE,UP,86.65,SELL PUTS,FULL_POSITION,After Month 2 closes,2026-01,UP,43.1,YES,2026-02,UP,32.9,NO,2026-03,DOWN
SUKHJITS,2025-Q4,M1_M2_AGREE,DOWN,86.65,SELL CALLS,FULL_POSITION,After Month 2 closes,2025-10,DOWN,35.8,NO,2025-11,DOWN,57.3,NO,2025-12,UP
SUMEETINDS,2026-Q1,M1_M2_AGREE,DOWN,86.65,SELL CALLS,FULL_POSITION,After Month 2 closes,2026-01,DOWN,72.6,NO,2026-02,DOWN,5.2,YES,2026-03,UP
SUMICHEM,2025-Q4,M1_M2_AGREE,DOWN,86.65,SELL CALLS,FULL_POSITION,After Month 2 closes,2025-10,DOWN,66.7,NO,2025-11,DOWN,57.5,NO,2025-12,UP
SUMIT,2026-Q1,M1_M2_AGREE,DOWN,86.65,SELL CALLS,FULL_POSITION,After Month 2 closes,2026-01,DOWN,71.1,NO,2026-02,DOWN,70.6,NO,2026-03,UP
SUNDARAM,2025-Q4,M1_M2_AGREE,DOWN,86.65,SELL CALLS,FULL_POSITION,After Month 2 closes,2025-10,DOWN,10.3,NO,2025-11,DOWN,13.2,NO,2025-12,UP
SUNPHARMA,2025-Q4,M1_M2_AGREE,UP,86.65,SELL PUTS,FULL_POSITION,After Month 2 closes,2025-10,UP,64.8,YES,2025-11,UP,86.6,YES,2025-12,DOWN
SUPERHOUSE,2026-Q1,M1_M2_AGREE,UP,86.65,SELL PUTS,FULL_POSITION,After Month 2 closes,2026-01,UP,38.4,YES,2026-02,UP,9.6,NO,2026-03,DOWN
SUPREMEIND,2025-Q4,M1_M2_AGREE,DOWN,86.65,SELL CALLS,FULL_POSITION,After Month 2 closes,2025-10,DOWN,79.5,NO,2025-11,DOWN,72.4,NO,2025-12,UP
SURAJEST,2026-Q1,M1_M2_AGREE,DOWN,86.65,SELL CALLS,FULL_POSITION,After Month 2 closes,2026-01,DOWN,62.2,NO,2026-02,DOWN,13.4,NO,2026-03,FLAT
SURANAT&P,2025-Q4,M1_M2_AGREE,DOWN,86.65,SELL CALLS,FULL_POSITION,After Month 2 closes,2025-10,DOWN,29.5,NO,2025-11,DOWN,35.3,NO,2025-12,UP
SURYALAXMI,2025-Q4,M1_M2_AGREE,DOWN,86.65,SELL CALLS,FULL_POSITION,After Month 2 closes,2025-10,DOWN,43.4,NO,2025-11,DOWN,23.3,NO,2025-12,UP
SURYODAY,2025-Q4,M1_M2_AGREE,DOWN,86.65,SELL CALLS,FULL_POSITION,After Month 2 closes,2025-10,DOWN,47.1,YES,2025-11,DOWN,40.8,NO,2025-12,UP
SURYODAY,2026-Q1,M1_M2_AGREE,DOWN,86.65,SELL CALLS,FULL_POSITION,After Month 2 closes,2026-01,DOWN,21.1,NO,2026-02,DOWN,19.1,NO,2026-03,UP
SUVEN,2025-Q4,M1_M2_AGREE,DOWN,86.65,SELL CALLS,FULL_POSITION,After Month 2 closes,2025-10,DOWN,21.8,NO,2025-11,DOWN,61.7,NO,2025-12,UP
SUZLON,2026-Q1,M1_M2_AGREE,DOWN,86.65,SELL CALLS,FULL_POSITION,After Month 2 closes,2026-01,DOWN,52.1,NO,2026-02,DOWN,73.5,NO,2026-03,UP
SVLL,2025-Q4,M1_M2_AGREE,DOWN,86.65,SELL CALLS,FULL_POSITION,After Month 2 closes,2025-10,DOWN,24.9,NO,2025-11,DOWN,39.6,NO,2025-12,UP
SWIGGY,2025-Q4,M1_M2_AGREE,DOWN,86.65,SELL CALLS,FULL_POSITION,After Month 2 closes,2025-10,DOWN,25.8,NO,2025-11,DOWN,85.1,NO,2025-12,UP
SYMPHONY,2026-Q1,M1_M2_AGREE,DOWN,86.65,SELL CALLS,FULL_POSITION,After Month 2 closes,2026-01,DOWN,32.0,YES,2026-02,DOWN,70.6,NO,2026-03,UP
SYNCOMF,2026-Q1,M1_M2_AGREE,DOWN,86.65,SELL CALLS,FULL_POSITION,After Month 2 closes,2026-01,DOWN,41.3,NO,2026-02,DOWN,6.1,NO,2026-03,UP
SYNGENE,2026-Q1,M1_M2_AGREE,DOWN,86.65,SELL CALLS,FULL_POSITION,After Month 2 closes,2026-01,DOWN,83.3,NO,2026-02,DOWN,56.9,NO,2026-03,UP
SYRMA,2026-Q1,M1_M2_AGREE,UP,86.65,SELL PUTS,FULL_POSITION,After Month 2 closes,2026-01,UP,13.1,YES,2026-02,UP,33.9,YES,2026-03,DOWN
SYSTMTXC,2025-Q4,M1_M2_AGREE,UP,86.65,SELL PUTS,FULL_POSITION,After Month 2 closes,2025-10,UP,68.8,YES,2025-11,UP,4.8,NO,2025-12,DOWN
TAINWALCHM,2025-Q4,M1_M2_AGREE,DOWN,86.65,SELL CALLS,FULL_POSITION,After Month 2 closes,2025-10,DOWN,74.9,NO,2025-11,DOWN,38.2,NO,2025-12,UP
TAJGVK,2025-Q4,M1_M2_AGREE,DOWN,86.65,SELL CALLS,FULL_POSITION,After Month 2 closes,2025-10,DOWN,8.5,YES,2025-11,DOWN,51.2,NO,2025-12,UP
TARACHAND,2026-Q1,M1_M2_AGREE,DOWN,86.65,SELL CALLS,FULL_POSITION,After Month 2 closes,2026-01,DOWN,73.5,NO,2026-02,DOWN,1.4,NO,2026-03,UP
TARAPUR,2025-Q4,M1_M2_AGREE,UP,86.65,SELL PUTS,FULL_POSITION,After Month 2 closes,2025-10,UP,73.7,YES,2025-11,UP,5.3,NO,2025-12,DOWN
TARIL,2025-Q4,M1_M2_AGREE,DOWN,86.65,SELL CALLS,FULL_POSITION,After Month 2 closes,2025-10,DOWN,69.2,NO,2025-11,DOWN,95.6,NO,2025-12,UP
TATAGOLD,2025-Q4,M1_M2_AGREE,UP,86.65,SELL PUTS,FULL_POSITION,After Month 2 closes,2025-10,UP,5.3,YES,2025-11,UP,27.2,YES,2025-12,DOWN
TATAGOLD,2026-Q1,M1_M2_AGREE,UP,86.65,SELL PUTS,FULL_POSITION,After Month 2 closes,2026-01,UP,56.0,YES,2026-02,UP,37.5,YES,2026-03,DOWN
TATASTEEL,2026-Q1,M1_M2_AGREE,UP,86.65,SELL PUTS,FULL_POSITION,After Month 2 closes,2026-01,UP,46.7,YES,2026-02,UP,70.2,YES,2026-03,DOWN
TBOTEK,2026-Q1,M1_M2_AGREE,DOWN,86.65,SELL CALLS,FULL_POSITION,After Month 2 closes,2026-01,DOWN,76.2,NO,2026-02,DOWN,44.1,NO,2026-03,UP
TCC,2026-Q1,M1_M2_AGREE,DOWN,86.65,SELL CALLS,FULL_POSITION,After Month 2 closes,2026-02,DOWN,95.9,NO,2026-03,DOWN,89.6,NO,NOT YET CLOSED,
TCI,2026-Q1,M1_M2_AGREE,DOWN,86.65,SELL CALLS,FULL_POSITION,After Month 2 closes,2026-01,DOWN,9.7,NO,2026-02,DOWN,15.6,NO,2026-03,UP
TCIFINANCE,2025-Q4,M1_M2_AGREE,DOWN,86.65,SELL CALLS,FULL_POSITION,After Month 2 closes,2025-10,DOWN,15.8,YES,2025-11,DOWN,31.2,NO,2025-12,UP
TDPOWERSYS,2026-Q1,M1_M2_AGREE,UP,86.65,SELL PUTS,FULL_POSITION,After Month 2 closes,2026-01,UP,13.1,YES,2026-02,UP,70.5,YES,2026-03,DOWN
TEGA,2025-Q4,M1_M2_AGREE,DOWN,86.65,SELL CALLS,FULL_POSITION,After Month 2 closes,2025-10,DOWN,22.8,YES,2025-11,DOWN,2.1,YES,2025-12,UP
TEGA,2026-Q1,M1_M2_AGREE,DOWN,86.65,SELL CALLS,FULL_POSITION,After Month 2 closes,2026-01,DOWN,81.3,NO,2026-02,DOWN,33.9,YES,2026-03,UP
TEMBO,2025-Q4,M1_M2_AGREE,UP,86.65,SELL PUTS,FULL_POSITION,After Month 2 closes,2025-10,UP,31.3,YES,2025-11,UP,36.0,YES,2025-12,DOWN
TEXINFRA,2025-Q4,M1_M2_AGREE,UP,86.65,SELL PUTS,FULL_POSITION,After Month 2 closes,2025-10,UP,46.9,YES,2025-11,UP,10.6,YES,2025-12,DOWN
TEXRAIL,2025-Q4,M1_M2_AGREE,DOWN,86.65,SELL CALLS,FULL_POSITION,After Month 2 closes,2025-10,DOWN,10.9,NO,2025-11,DOWN,67.4,NO,2025-12,UP
TFCILTD,2026-Q1,M1_M2_AGREE,UP,86.65,SELL PUTS,FULL_POSITION,After Month 2 closes,2026-01,UP,2.1,NO,2026-02,UP,27.4,YES,2026-03,DOWN
THANGAMAYL,2026-Q1,M1_M2_AGREE,UP,86.65,SELL PUTS,FULL_POSITION,After Month 2 closes,2026-01,UP,11.2,YES,2026-02,UP,68.8,YES,2026-03,DOWN
THEINVEST,2026-Q1,M1_M2_AGREE,DOWN,86.65,SELL CALLS,FULL_POSITION,After Month 2 closes,2026-01,DOWN,65.4,NO,2026-02,DOWN,39.4,NO,2026-03,UP
THEJO,2025-Q4,M1_M2_AGREE,DOWN,86.65,SELL CALLS,FULL_POSITION,After Month 2 closes,2025-10,DOWN,8.1,NO,2025-11,DOWN,46.6,NO,2025-12,UP
TIIL,2025-Q4,M1_M2_AGREE,UP,86.65,SELL PUTS,FULL_POSITION,After Month 2 closes,2025-10,UP,59.1,YES,2025-11,UP,11.6,NO,2025-12,DOWN
TIJARIA,2025-Q4,M1_M2_AGREE,UP,86.65,SELL PUTS,FULL_POSITION,After Month 2 closes,2025-10,UP,3.9,YES,2025-11,UP,8.7,YES,2025-12,DOWN
TIL,2025-Q4,M1_M2_AGREE,DOWN,86.65,SELL CALLS,FULL_POSITION,After Month 2 closes,2025-10,DOWN,38.6,NO,2025-11,DOWN,70.1,NO,2025-12,UP
TIPSMUSIC,2026-Q1,M1_M2_AGREE,UP,86.65,SELL PUTS,FULL_POSITION,After Month 2 closes,2026-01,UP,27.4,NO,2026-02,UP,1.1,YES,2026-03,DOWN
TITAGARH,2025-Q4,M1_M2_AGREE,DOWN,86.65,SELL CALLS,FULL_POSITION,After Month 2 closes,2025-10,DOWN,16.4,YES,2025-11,DOWN,70.4,NO,2025-12,UP
TMB,2025-Q4,M1_M2_AGREE,UP,86.65,SELL PUTS,FULL_POSITION,After Month 2 closes,2025-10,UP,86.3,YES,2025-11,UP,14.5,YES,2025-12,DOWN
TMB,2026-Q1,M1_M2_AGREE,UP,86.65,SELL PUTS,FULL_POSITION,After Month 2 closes,2026-01,UP,80.1,YES,2026-02,UP,48.1,YES,2026-03,DOWN
TMCV,2025-Q4,M1_M2_AGREE,UP,86.65,SELL PUTS,FULL_POSITION,After Month 2 closes,2025-11,UP,31.7,YES,2025-12,UP,73.5,YES,NOT YET CLOSED,
TMCV,2026-Q1,M1_M2_AGREE,UP,86.65,SELL PUTS,FULL_POSITION,After Month 2 closes,2026-01,UP,54.2,YES,2026-02,UP,56.0,YES,2026-03,DOWN
TOP20,2026-Q1,M1_M2_AGREE,UP,86.65,SELL PUTS,FULL_POSITION,After Month 2 closes,2026-01,UP,44.0,NO,2026-02,UP,56.6,NO,2026-03,DOWN
TOTAL,2025-Q4,M1_M2_AGREE,DOWN,86.65,SELL CALLS,FULL_POSITION,After Month 2 closes,2025-10,DOWN,14.3,NO,2025-11,DOWN,32.6,NO,2025-12,UP
TOUCHWOOD,2026-Q1,M1_M2_AGREE,DOWN,86.65,SELL CALLS,FULL_POSITION,After Month 2 closes,2026-01,DOWN,43.1,NO,2026-02,DOWN,64.0,NO,2026-03,UP
TPHQ,2025-Q4,M1_M2_AGREE,DOWN,86.65,SELL CALLS,FULL_POSITION,After Month 2 closes,2025-10,DOWN,9.1,YES,2025-11,DOWN,81.3,NO,2025-12,UP
TREEHOUSE,2025-Q4,M1_M2_AGREE,UP,86.65,SELL PUTS,FULL_POSITION,After Month 2 closes,2025-10,UP,15.7,YES,2025-11,UP,20.9,NO,2025-12,DOWN
TREL,2025-Q4,M1_M2_AGREE,DOWN,86.65,SELL CALLS,FULL_POSITION,After Month 2 closes,2025-10,DOWN,56.0,NO,2025-11,DOWN,45.8,NO,2025-12,UP
TRENT,2025-Q4,M1_M2_AGREE,DOWN,86.65,SELL CALLS,FULL_POSITION,After Month 2 closes,2025-10,DOWN,4.3,NO,2025-11,DOWN,90.5,NO,2025-12,UP
TRF,2025-Q4,M1_M2_AGREE,DOWN,86.65,SELL CALLS,FULL_POSITION,After Month 2 closes,2025-10,DOWN,22.7,NO,2025-11,DOWN,68.3,NO,2025-12,UP
TRITURBINE,2025-Q4,M1_M2_AGREE,UP,86.65,SELL PUTS,FULL_POSITION,After Month 2 closes,2025-10,UP,54.8,YES,2025-11,UP,6.3,YES,2025-12,DOWN
TTKPRESTIG,2026-Q1,M1_M2_AGREE,DOWN,86.65,SELL CALLS,FULL_POSITION,After Month 2 closes,2026-01,DOWN,34.4,NO,2026-02,DOWN,93.3,NO,2026-03,UP
TTML,2025-Q4,M1_M2_AGREE,DOWN,86.65,SELL CALLS,FULL_POSITION,After Month 2 closes,2025-10,DOWN,6.3,NO,2025-11,DOWN,34.5,NO,2025-12,UP
TVSELECT,2026-Q1,M1_M2_AGREE,DOWN,86.65,SELL CALLS,FULL_POSITION,After Month 2 closes,2026-01,DOWN,42.7,NO,2026-02,DOWN,56.5,NO,2026-03,UP
TVSSRICHAK,2025-Q4,M1_M2_AGREE,UP,86.65,SELL PUTS,FULL_POSITION,After Month 2 closes,2025-10,UP,90.2,YES,2025-11,UP,54.8,YES,2025-12,DOWN
TVTODAY,2025-Q4,M1_M2_AGREE,DOWN,86.65,SELL CALLS,FULL_POSITION,After Month 2 closes,2025-10,DOWN,23.2,NO,2025-11,DOWN,46.7,NO,2025-12,UP
TVVISION,2025-Q4,M1_M2_AGREE,DOWN,86.65,SELL CALLS,FULL_POSITION,After Month 2 closes,2025-10,DOWN,20.1,NO,2025-11,DOWN,30.4,NO,2025-12,UP
TWCGOLDETF,2026-Q1,M1_M2_AGREE,UP,86.65,SELL PUTS,FULL_POSITION,After Month 2 closes,2026-01,UP,44.6,YES,2026-02,UP,12.6,YES,2026-03,DOWN
UCAL,2026-Q1,M1_M2_AGREE,UP,86.65,SELL PUTS,FULL_POSITION,After Month 2 closes,2026-01,UP,1.3,NO,2026-02,UP,13.9,NO,2026-03,DOWN
UDS,2025-Q4,M1_M2_AGREE,DOWN,86.65,SELL CALLS,FULL_POSITION,After Month 2 closes,2025-10,DOWN,25.3,NO,2025-11,DOWN,93.7,NO,2025-12,UP
UFBL,2025-Q4,M1_M2_AGREE,DOWN,86.65,SELL CALLS,FULL_POSITION,After Month 2 closes,2025-10,DOWN,72.3,NO,2025-11,DOWN,62.2,NO,2025-12,UP
UFLEX,2025-Q4,M1_M2_AGREE,DOWN,86.65,SELL CALLS,FULL_POSITION,After Month 2 closes,2025-10,DOWN,11.5,NO,2025-11,DOWN,79.2,NO,2025-12,UP
UGARSUGAR,2025-Q4,M1_M2_AGREE,DOWN,86.65,SELL CALLS,FULL_POSITION,After Month 2 closes,2025-10,DOWN,17.0,NO,2025-11,DOWN,71.9,NO,2025-12,UP
UGARSUGAR,2026-Q1,M1_M2_AGREE,DOWN,86.65,SELL CALLS,FULL_POSITION,After Month 2 closes,2026-01,DOWN,59.6,NO,2026-02,DOWN,33.7,NO,2026-03,FLAT
UJJIVANSFB,2025-Q4,M1_M2_AGREE,UP,86.65,SELL PUTS,FULL_POSITION,After Month 2 closes,2025-10,UP,64.4,YES,2025-11,UP,42.4,YES,2025-12,DOWN
UJJIVANSFB,2026-Q1,M1_M2_AGREE,UP,86.65,SELL PUTS,FULL_POSITION,After Month 2 closes,2026-01,UP,75.4,YES,2026-02,UP,81.8,NO,2026-03,DOWN
ULTRACEMCO,2026-Q1,M1_M2_AGREE,UP,86.65,SELL PUTS,FULL_POSITION,After Month 2 closes,2026-01,UP,88.2,YES,2026-02,UP,11.8,NO,2026-03,DOWN
UMAEXPORTS,2026-Q1,M1_M2_AGREE,DOWN,86.65,SELL CALLS,FULL_POSITION,After Month 2 closes,2026-01,DOWN,71.2,NO,2026-02,DOWN,67.4,NO,2026-03,FLAT
UMESLTD,2026-Q1,M1_M2_AGREE,DOWN,86.65,SELL CALLS,FULL_POSITION,After Month 2 closes,2026-01,DOWN,46.8,NO,2026-02,DOWN,57.6,NO,2026-03,UP
UMIYA-MRO,2026-Q1,M1_M2_AGREE,UP,86.65,SELL PUTS,FULL_POSITION,After Month 2 closes,2026-01,UP,12.7,NO,2026-02,UP,13.5,NO,2026-03,DOWN
UNICHEMLAB,2025-Q4,M1_M2_AGREE,UP,86.65,SELL PUTS,FULL_POSITION,After Month 2 closes,2025-10,UP,36.8,YES,2025-11,UP,3.6,NO,2025-12,DOWN
UNIDT,2026-Q1,M1_M2_AGREE,DOWN,86.65,SELL CALLS,FULL_POSITION,After Month 2 closes,2026-01,DOWN,67.2,NO,2026-02,DOWN,38.0,NO,2026-03,UP
UNIONBANK,2025-Q4,M1_M2_AGREE,UP,86.65,SELL PUTS,FULL_POSITION,After Month 2 closes,2025-10,UP,54.9,YES,2025-11,UP,43.9,YES,2025-12,DOWN
UNIONBANK,2026-Q1,M1_M2_AGREE,UP,86.65,SELL PUTS,FULL_POSITION,After Month 2 closes,2026-01,UP,84.3,YES,2026-02,UP,53.0,YES,2026-03,DOWN
UNIONGOLD,2026-Q1,M1_M2_AGREE,UP,86.65,SELL PUTS,FULL_POSITION,After Month 2 closes,2026-01,UP,40.1,YES,2026-02,UP,46.2,YES,2026-03,DOWN
UNIVAFOODS,2026-Q1,M1_M2_AGREE,DOWN,86.65,SELL CALLS,FULL_POSITION,After Month 2 closes,2026-01,DOWN,68.8,NO,2026-02,DOWN,94.0,NO,2026-03,UP
UNIVCABLES,2025-Q4,M1_M2_AGREE,UP,86.65,SELL PUTS,FULL_POSITION,After Month 2 closes,2025-10,UP,29.3,YES,2025-11,UP,72.2,YES,2025-12,DOWN
UNIVPHOTO,2025-Q4,M1_M2_AGREE,UP,86.65,SELL PUTS,FULL_POSITION,After Month 2 closes,2025-10,UP,36.3,YES,2025-11,UP,23.1,NO,2025-12,DOWN
URBANCO,2025-Q4,M1_M2_AGREE,DOWN,86.65,SELL CALLS,FULL_POSITION,After Month 2 closes,2025-10,DOWN,30.4,NO,2025-11,DOWN,55.2,NO,2025-12,UP
URBANCO,2026-Q1,M1_M2_AGREE,DOWN,86.65,SELL CALLS,FULL_POSITION,After Month 2 closes,2026-01,DOWN,42.1,NO,2026-02,DOWN,75.5,NO,2026-03,UP
URJA,2026-Q1,M1_M2_AGREE,DOWN,86.65,SELL CALLS,FULL_POSITION,After Month 2 closes,2026-01,DOWN,53.5,NO,2026-02,DOWN,41.0,NO,2026-03,UP
USHAMART,2025-Q4,M1_M2_AGREE,DOWN,86.65,SELL CALLS,FULL_POSITION,After Month 2 closes,2025-10,DOWN,4.9,YES,2025-11,DOWN,44.7,NO,2025-12,UP
UTIBANKETF,2025-Q4,M1_M2_AGREE,UP,86.65,SELL PUTS,FULL_POSITION,After Month 2 closes,2025-10,UP,82.6,YES,2025-11,UP,47.0,YES,2025-12,DOWN
UTINIFTETF,2025-Q4,M1_M2_AGREE,UP,86.65,SELL PUTS,FULL_POSITION,After Month 2 closes,2025-10,UP,62.3,YES,2025-11,UP,48.1,YES,2025-12,DOWN
UTISENSETF,2025-Q4,M1_M2_AGREE,UP,86.65,SELL PUTS,FULL_POSITION,After Month 2 closes,2025-10,UP,60.3,YES,2025-11,UP,32.7,YES,2025-12,DOWN
UTISXN50,2025-Q4,M1_M2_AGREE,UP,86.65,SELL PUTS,FULL_POSITION,After Month 2 closes,2025-10,UP,87.9,YES,2025-11,UP,0.6,NO,2025-12,DOWN
UTLSOLAR,2026-Q1,M1_M2_AGREE,DOWN,86.65,SELL CALLS,FULL_POSITION,After Month 2 closes,2026-01,DOWN,62.4,NO,2026-02,DOWN,56.3,NO,2026-03,UP
VAIBHAVGBL,2026-Q1,M1_M2_AGREE,UP,86.65,SELL PUTS,FULL_POSITION,After Month 2 closes,2026-01,UP,22.3,NO,2026-02,UP,1.9,YES,2026-03,DOWN
VAISHALI,2025-Q4,M1_M2_AGREE,DOWN,86.65,SELL CALLS,FULL_POSITION,After Month 2 closes,2025-10,DOWN,51.7,NO,2025-11,DOWN,84.7,NO,2025-12,UP
VAL30IETF,2026-Q1,M1_M2_AGREE,UP,86.65,SELL PUTS,FULL_POSITION,After Month 2 closes,2026-01,UP,14.2,NO,2026-02,UP,19.6,YES,2026-03,DOWN
VALIANTLAB,2025-Q4,M1_M2_AGREE,DOWN,86.65,SELL CALLS,FULL_POSITION,After Month 2 closes,2025-10,DOWN,10.8,NO,2025-11,DOWN,77.9,NO,2025-12,UP
VALIANTLAB,2026-Q1,M1_M2_AGREE,DOWN,86.65,SELL CALLS,FULL_POSITION,After Month 2 closes,2026-01,DOWN,60.2,NO,2026-02,DOWN,0.9,YES,2026-03,UP
VALIANTORG,2025-Q4,M1_M2_AGREE,DOWN,86.65,SELL CALLS,FULL_POSITION,After Month 2 closes,2025-10,DOWN,50.0,NO,2025-11,DOWN,72.6,NO,2025-12,UP
VARDHACRLC,2025-Q4,M1_M2_AGREE,DOWN,86.65,SELL CALLS,FULL_POSITION,After Month 2 closes,2025-10,DOWN,27.9,NO,2025-11,DOWN,67.9,NO,2025-12,UP
VARROC,2025-Q4,M1_M2_AGREE,UP,86.65,SELL PUTS,FULL_POSITION,After Month 2 closes,2025-10,UP,39.7,YES,2025-11,UP,68.6,YES,2025-12,DOWN
VCL,2026-Q1,M1_M2_AGREE,UP,86.65,SELL PUTS,FULL_POSITION,After Month 2 closes,2026-01,UP,8.9,YES,2026-02,UP,23.4,YES,2026-03,DOWN
VEDL,2026-Q1,M1_M2_AGREE,UP,86.65,SELL PUTS,FULL_POSITION,After Month 2 closes,2026-01,UP,44.1,YES,2026-02,UP,65.2,YES,2026-03,DOWN
VEEDOL,2025-Q4,M1_M2_AGREE,DOWN,86.65,SELL CALLS,FULL_POSITION,After Month 2 closes,2025-10,DOWN,0.5,NO,2025-11,DOWN,53.7,NO,2025-12,UP
VESUVIUS,2026-Q1,M1_M2_AGREE,UP,86.65,SELL PUTS,FULL_POSITION,After Month 2 closes,2026-01,UP,22.1,YES,2026-02,UP,5.5,YES,2026-03,DOWN
VHL,2025-Q4,M1_M2_AGREE,UP,86.65,SELL PUTS,FULL_POSITION,After Month 2 closes,2025-10,UP,75.1,YES,2025-11,UP,32.8,YES,2025-12,DOWN
VIJIFIN,2026-Q1,M1_M2_AGREE,DOWN,86.65,SELL CALLS,FULL_POSITION,After Month 2 closes,2026-01,DOWN,16.2,NO,2026-02,DOWN,61.0,NO,2026-03,UP
VIKASECO,2025-Q4,M1_M2_AGREE,DOWN,86.65,SELL CALLS,FULL_POSITION,After Month 2 closes,2025-10,DOWN,46.7,NO,2025-11,DOWN,66.0,NO,2025-12,UP
VIKRAMSOLR,2026-Q1,M1_M2_AGREE,DOWN,86.65,SELL CALLS,FULL_POSITION,After Month 2 closes,2026-01,DOWN,63.9,NO,2026-02,DOWN,38.9,NO,2026-03,UP
VIMTALABS,2025-Q4,M1_M2_AGREE,DOWN,86.65,SELL CALLS,FULL_POSITION,After Month 2 closes,2025-10,DOWN,10.8,YES,2025-11,DOWN,82.5,NO,2025-12,UP
VINATIORGA,2025-Q4,M1_M2_AGREE,DOWN,86.65,SELL CALLS,FULL_POSITION,After Month 2 closes,2025-10,DOWN,90.4,NO,2025-11,DOWN,64.4,NO,2025-12,UP
VINDHYATEL,2026-Q1,M1_M2_AGREE,DOWN,86.65,SELL CALLS,FULL_POSITION,After Month 2 closes,2026-01,DOWN,76.6,NO,2026-02,DOWN,64.5,NO,2026-03,UP
VIPIND,2025-Q4,M1_M2_AGREE,DOWN,86.65,SELL CALLS,FULL_POSITION,After Month 2 closes,2025-10,DOWN,11.6,NO,2025-11,DOWN,48.3,NO,2025-12,UP
VIPULLTD,2026-Q1,M1_M2_AGREE,UP,86.65,SELL PUTS,FULL_POSITION,After Month 2 closes,2026-01,UP,31.3,NO,2026-02,UP,52.1,YES,2026-03,DOWN
VISHWARAJ,2025-Q4,M1_M2_AGREE,DOWN,86.65,SELL CALLS,FULL_POSITION,After Month 2 closes,2025-10,DOWN,3.8,NO,2025-11,DOWN,72.8,NO,2025-12,UP
VISHWARAJ,2026-Q1,M1_M2_AGREE,DOWN,86.65,SELL CALLS,FULL_POSITION,After Month 2 closes,2026-01,DOWN,58.7,NO,2026-02,DOWN,29.7,NO,2026-03,UP
VIVIDHA,2026-Q1,M1_M2_AGREE,DOWN,86.65,SELL CALLS,FULL_POSITION,After Month 2 closes,2026-01,DOWN,87.5,NO,2026-02,DOWN,8.3,YES,2026-03,UP
VMART,2025-Q4,M1_M2_AGREE,UP,86.65,SELL PUTS,FULL_POSITION,After Month 2 closes,2025-10,UP,64.2,YES,2025-11,UP,30.0,NO,2025-12,DOWN
VMM,2025-Q4,M1_M2_AGREE,DOWN,86.65,SELL CALLS,FULL_POSITION,After Month 2 closes,2025-10,DOWN,47.9,NO,2025-11,DOWN,54.1,NO,2025-12,UP
VOLTAMP,2025-Q4,M1_M2_AGREE,UP,86.65,SELL PUTS,FULL_POSITION,After Month 2 closes,2025-10,UP,39.2,YES,2025-11,UP,42.6,YES,2025-12,DOWN
VRLLOG,2026-Q1,M1_M2_AGREE,UP,86.65,SELL PUTS,FULL_POSITION,After Month 2 closes,2026-01,UP,9.8,YES,2026-02,UP,35.0,YES,2026-03,DOWN
VSTL,2025-Q4,M1_M2_AGREE,DOWN,86.65,SELL CALLS,FULL_POSITION,After Month 2 closes,2025-10,DOWN,67.8,NO,2025-11,DOWN,67.5,NO,2025-12,UP
VSTL,2026-Q1,M1_M2_AGREE,DOWN,86.65,SELL CALLS,FULL_POSITION,After Month 2 closes,2026-01,DOWN,56.0,NO,2026-02,DOWN,27.2,NO,2026-03,UP
WAAREERTL,2026-Q1,M1_M2_AGREE,DOWN,86.65,SELL CALLS,FULL_POSITION,After Month 2 closes,2026-01,DOWN,36.4,NO,2026-02,DOWN,36.1,NO,2026-03,UP
WCIL,2025-Q4,M1_M2_AGREE,DOWN,86.65,SELL CALLS,FULL_POSITION,After Month 2 closes,2025-10,DOWN,17.7,YES,2025-11,DOWN,72.5,NO,2025-12,UP
WEBELSOLAR,2026-Q1,M1_M2_AGREE,DOWN,86.65,SELL CALLS,FULL_POSITION,After Month 2 closes,2026-01,DOWN,45.7,NO,2026-02,DOWN,86.1,NO,2026-03,UP
WEL,2025-Q4,M1_M2_AGREE,UP,86.65,SELL PUTS,FULL_POSITION,After Month 2 closes,2025-10,UP,84.0,YES,2025-11,UP,59.4,YES,2025-12,DOWN
WELSPUNLIV,2025-Q4,M1_M2_AGREE,UP,86.65,SELL PUTS,FULL_POSITION,After Month 2 closes,2025-10,UP,69.1,YES,2025-11,UP,73.3,YES,2025-12,DOWN
WENDT,2025-Q4,M1_M2_AGREE,DOWN,86.65,SELL CALLS,FULL_POSITION,After Month 2 closes,2025-10,DOWN,15.8,NO,2025-11,DOWN,75.7,NO,2025-12,UP
WIPL,2025-Q4,M1_M2_AGREE,UP,86.65,SELL PUTS,FULL_POSITION,After Month 2 closes,2025-10,UP,27.8,YES,2025-11,UP,45.6,NO,2025-12,DOWN
WIPL,2026-Q1,M1_M2_AGREE,DOWN,86.65,SELL CALLS,FULL_POSITION,After Month 2 closes,2026-01,DOWN,23.8,YES,2026-02,DOWN,3.2,YES,2026-03,UP
WOCKPHARMA,2025-Q4,M1_M2_AGREE,DOWN,86.65,SELL CALLS,FULL_POSITION,After Month 2 closes,2025-10,DOWN,93.2,NO,2025-11,DOWN,27.5,NO,2025-12,UP
WONDERLA,2026-Q1,M1_M2_AGREE,DOWN,86.65,SELL CALLS,FULL_POSITION,After Month 2 closes,2026-01,DOWN,60.2,NO,2026-02,DOWN,26.9,NO,2026-03,UP
WORTHPERI,2026-Q1,M1_M2_AGREE,DOWN,86.65,SELL CALLS,FULL_POSITION,After Month 2 closes,2026-01,DOWN,16.4,NO,2026-02,DOWN,40.7,YES,2026-03,UP
ZAGGLE,2025-Q4,M1_M2_AGREE,UP,86.65,SELL PUTS,FULL_POSITION,After Month 2 closes,2025-10,UP,59.2,YES,2025-11,UP,31.8,YES,2025-12,DOWN
ZEELEARN,2025-Q4,M1_M2_AGREE,DOWN,86.65,SELL CALLS,FULL_POSITION,After Month 2 closes,2025-10,DOWN,29.0,NO,2025-11,DOWN,43.8,NO,2025-12,UP
ZENSARTECH,2026-Q1,M1_M2_AGREE,DOWN,86.65,SELL CALLS,FULL_POSITION,After Month 2 closes,2026-01,DOWN,60.7,NO,2026-02,DOWN,57.4,NO,2026-03,FLAT
ZIMLAB,2025-Q4,M1_M2_AGREE,UP,86.65,SELL PUTS,FULL_POSITION,After Month 2 closes,2025-10,UP,12.5,YES,2025-11,UP,7.4,NO,2025-12,DOWN
ZOTA,2025-Q4,M1_M2_AGREE,UP,86.65,SELL PUTS,FULL_POSITION,After Month 2 closes,2025-10,UP,35.3,YES,2025-11,UP,26.8,YES,2025-12,DOWN
ZUARI,2026-Q1,M1_M2_AGREE,DOWN,86.65,SELL CALLS,FULL_POSITION,After Month 2 closes,2026-01,DOWN,62.6,NO,2026-02,DOWN,79.0,NO,2026-03,UP
ZYDUSWELL,2026-Q1,M1_M2_AGREE,DOWN,86.65,SELL CALLS,FULL_POSITION,After Month 2 closes,2026-01,DOWN,10.3,NO,2026-02,DOWN,86.8,NO,2026-03,UP
BEL,2026-Q1,M1_LARGE_BODY,UP,79.10,SELL PUTS,WATCHLIST_STRONG,After Month 1 closes,2026-01,UP,78.5,YES,2026-02,FLAT,22.4,NO,2026-03,DOWN
BHANDA-RE2,2026-Q1,M1_LARGE_BODY,DOWN,79.10,SELL CALLS,WATCHLIST_STRONG,After Month 1 closes,2026-03,DOWN,91.7,NO,NOT YET CLOSED,,0.0,,NOT YET CLOSED,
BLAL,2026-Q1,M1_LARGE_BODY,DOWN,79.10,SELL CALLS,WATCHLIST_STRONG,After Month 1 closes,2026-01,DOWN,85.6,NO,2026-02,FLAT,31.6,NO,2026-03,DOWN
DELPH-RE,2025-Q4,M1_LARGE_BODY,DOWN,79.10,SELL CALLS,WATCHLIST_STRONG,After Month 1 closes,2025-10,DOWN,96.0,NO,2025-11,FLAT,21.7,YES,NOT YET CLOSED,
DHANI,2025-Q4,M1_LARGE_BODY,DOWN,79.10,SELL CALLS,WATCHLIST_STRONG,After Month 1 closes,2025-10,DOWN,82.8,NO,NOT YET CLOSED,,0.0,,NOT YET CLOSED,
GROWWHOSPI,2026-Q1,M1_LARGE_BODY,DOWN,79.10,SELL CALLS,WATCHLIST_STRONG,After Month 1 closes,2026-03,DOWN,78.2,NO,NOT YET CLOSED,,0.0,,NOT YET CLOSED,
HESTERBIO,2025-Q4,M1_LARGE_BODY,DOWN,79.10,SELL CALLS,WATCHLIST_STRONG,After Month 1 closes,2025-10,DOWN,95.6,NO,2025-11,FLAT,27.5,YES,2025-12,DOWN
JAYKAY,2025-Q4,M1_LARGE_BODY,DOWN,79.10,SELL CALLS,WATCHLIST_STRONG,After Month 1 closes,2025-12,DOWN,88.7,NO,NOT YET CLOSED,,0.0,,NOT YET CLOSED,
KRISHFL-RE,2025-Q4,M1_LARGE_BODY,DOWN,79.10,SELL CALLS,WATCHLIST_STRONG,After Month 1 closes,2025-12,DOWN,94.9,NO,NOT YET CLOSED,,0.0,,NOT YET CLOSED,
KRISHNADEF,2025-Q4,M1_LARGE_BODY,DOWN,79.10,SELL CALLS,WATCHLIST_STRONG,After Month 1 closes,2025-12,DOWN,91.6,NO,NOT YET CLOSED,,0.0,,NOT YET CLOSED,
LIQUIDPLUS,2026-Q1,M1_LARGE_BODY,UP,79.10,SELL PUTS,WATCHLIST_STRONG,After Month 1 closes,2026-01,UP,91.8,YES,2026-02,FLAT,26.8,YES,2026-03,UP
MIDCAPADD,2025-Q4,M1_LARGE_BODY,UP,79.10,SELL PUTS,WATCHLIST_STRONG,After Month 1 closes,2025-12,UP,92.8,YES,NOT YET CLOSED,,0.0,,NOT YET CLOSED,
NEUEON,2025-Q4,M1_LARGE_BODY,UP,79.10,SELL PUTS,WATCHLIST_STRONG,After Month 1 closes,2025-12,UP,100.0,YES,NOT YET CLOSED,,0.0,,NOT YET CLOSED,
RAJVIR,2025-Q4,M1_LARGE_BODY,UP,79.10,SELL PUTS,WATCHLIST_STRONG,After Month 1 closes,2025-10,UP,100.0,YES,2025-11,FLAT,0.0,NO,2025-12,FLAT
SGLTL,2026-Q1,M1_LARGE_BODY,DOWN,79.10,SELL CALLS,WATCHLIST_STRONG,After Month 1 closes,2026-01,DOWN,80.0,NO,NOT YET CLOSED,,0.0,,NOT YET CLOSED,
TATAMOTORS,2025-Q4,M1_LARGE_BODY,DOWN,79.10,SELL CALLS,WATCHLIST_STRONG,After Month 1 closes,2025-10,DOWN,75.7,NO,NOT YET CLOSED,,0.0,,NOT YET CLOSED,
VINEET-RE,2026-Q1,M1_LARGE_BODY,DOWN,79.10,SELL CALLS,WATCHLIST_STRONG,After Month 1 closes,2026-01,DOWN,100.0,NO,NOT YET CLOSED,,0.0,,NOT YET CLOSED,
VIVIMEDLAB,2025-Q4,M1_LARGE_BODY,DOWN,79.10,SELL CALLS,WATCHLIST_STRONG,After Month 1 closes,2025-12,DOWN,88.1,NO,NOT YET CLOSED,,0.0,,NOT YET CLOSED,
YAARI,2025-Q4,M1_LARGE_BODY,UP,79.10,SELL PUTS,WATCHLIST_STRONG,After Month 1 closes,2025-10,UP,88.1,YES,2025-11,FLAT,0.0,NO,NOT YET CLOSED,
AARNAV,2026-Q1,M2_ONLY,DOWN,74.03,SELL CALLS,SMALL_POSITION,After Month 2 closes,2026-02,FLAT,29.0,NO,2026-03,DOWN,38.6,NO,NOT YET CLOSED,
ABSLLIQUID,2026-Q1,M2_ONLY,UP,74.03,SELL PUTS,SMALL_POSITION,After Month 2 closes,2026-01,FLAT,0.0,NO,2026-02,UP,0.0,NO,2026-03,FLAT
AJMERA,2025-Q4,M2_ONLY,DOWN,74.03,SELL CALLS,SMALL_POSITION,After Month 2 closes,2025-10,FLAT,83.9,YES,2025-11,DOWN,30.9,NO,2025-12,DOWN
ANTGRAPHIC,2025-Q4,M2_ONLY,DOWN,74.03,SELL CALLS,SMALL_POSITION,After Month 2 closes,2025-10,FLAT,22.2,NO,2025-11,DOWN,22.6,NO,2025-12,UP
AONETMMQ50,2025-Q4,M2_ONLY,DOWN,74.03,SELL CALLS,SMALL_POSITION,After Month 2 closes,2025-11,FLAT,20.0,NO,2025-12,DOWN,65.7,NO,NOT YET CLOSED,
ARIHANTCAP,2025-Q4,M2_ONLY,UP,74.03,SELL PUTS,SMALL_POSITION,After Month 2 closes,2025-10,FLAT,25.0,NO,2025-11,UP,13.4,NO,2025-12,DOWN
ATGL,2025-Q4,M2_ONLY,DOWN,74.03,SELL CALLS,SMALL_POSITION,After Month 2 closes,2025-10,FLAT,0.1,NO,2025-11,DOWN,65.8,NO,2025-12,DOWN
AXISBNKETF,2025-Q4,M2_ONLY,UP,74.03,SELL PUTS,SMALL_POSITION,After Month 2 closes,2025-10,FLAT,35.7,YES,2025-11,UP,68.5,YES,2025-12,DOWN
BOROSCI,2025-Q4,M2_ONLY,UP,74.03,SELL PUTS,SMALL_POSITION,After Month 2 closes,2025-10,FLAT,29.8,YES,2025-11,UP,36.3,NO,2025-12,DOWN
CENTUM,2025-Q4,M2_ONLY,UP,74.03,SELL PUTS,SMALL_POSITION,After Month 2 closes,2025-10,FLAT,44.3,NO,2025-11,UP,52.4,NO,2025-12,UP
CENTUM,2026-Q1,M2_ONLY,UP,74.03,SELL PUTS,SMALL_POSITION,After Month 2 closes,2026-01,FLAT,2.1,NO,2026-02,UP,53.5,YES,2026-03,UP
CHEMICAL,2025-Q4,M2_ONLY,UP,74.03,SELL PUTS,SMALL_POSITION,After Month 2 closes,2025-11,FLAT,26.5,NO,2025-12,UP,7.8,NO,NOT YET CLOSED,
CLCIND,2026-Q1,M2_ONLY,UP,74.03,SELL PUTS,SMALL_POSITION,After Month 2 closes,2026-01,FLAT,100.0,YES,2026-02,UP,100.0,YES,2026-03,UP
COUNCODOS,2025-Q4,M2_ONLY,UP,74.03,SELL PUTS,SMALL_POSITION,After Month 2 closes,2025-10,FLAT,9.7,YES,2025-11,UP,33.3,NO,2025-12,UP
EBBETF0430,2025-Q4,M2_ONLY,UP,74.03,SELL PUTS,SMALL_POSITION,After Month 2 closes,2025-10,FLAT,21.7,YES,2025-11,UP,0.5,YES,2025-12,FLAT
EIMCOELECO,2026-Q1,M2_ONLY,DOWN,74.03,SELL CALLS,SMALL_POSITION,After Month 2 closes,2026-01,FLAT,35.7,YES,2026-02,DOWN,77.0,NO,2026-03,DOWN
ELIQUID,2025-Q4,M2_ONLY,UP,74.03,SELL PUTS,SMALL_POSITION,After Month 2 closes,2025-10,FLAT,9.9,YES,2025-11,UP,68.7,YES,2025-12,UP
ELM250,2026-Q1,M2_ONLY,UP,74.03,SELL PUTS,SMALL_POSITION,After Month 2 closes,2026-01,FLAT,55.9,NO,2026-02,UP,17.7,YES,2026-03,DOWN
ESENSEX,2025-Q4,M2_ONLY,DOWN,74.03,SELL CALLS,SMALL_POSITION,After Month 2 closes,2025-11,FLAT,7.8,NO,2025-12,DOWN,61.0,NO,NOT YET CLOSED,
FLEXIADD,2025-Q4,M2_ONLY,UP,74.03,SELL PUTS,SMALL_POSITION,After Month 2 closes,2025-10,FLAT,19.3,YES,2025-11,UP,12.1,YES,2025-12,DOWN
GALAXYSURF,2025-Q4,M2_ONLY,DOWN,74.03,SELL CALLS,SMALL_POSITION,After Month 2 closes,2025-10,FLAT,18.3,YES,2025-11,DOWN,72.3,NO,2025-12,DOWN
GAUDIUMIVF,2026-Q1,M2_ONLY,DOWN,74.03,SELL CALLS,SMALL_POSITION,After Month 2 closes,2026-02,FLAT,34.0,NO,2026-03,DOWN,18.2,YES,NOT YET CLOSED,
GAYAPROJ,2025-Q4,M2_ONLY,UP,74.03,SELL PUTS,SMALL_POSITION,After Month 2 closes,2025-10,FLAT,0.0,NO,2025-11,UP,100.0,YES,2025-12,FLAT
GAYAPROJ,2026-Q1,M2_ONLY,UP,74.03,SELL PUTS,SMALL_POSITION,After Month 2 closes,2026-01,FLAT,0.0,NO,2026-02,UP,100.0,YES,2026-03,UP
GFSTEELS,2025-Q4,M2_ONLY,UP,74.03,SELL PUTS,SMALL_POSITION,After Month 2 closes,2025-10,FLAT,0.0,NO,2025-11,UP,100.0,YES,2025-12,UP
GKWLIMITED,2025-Q4,M2_ONLY,DOWN,74.03,SELL CALLS,SMALL_POSITION,After Month 2 closes,2025-10,FLAT,35.2,YES,2025-11,DOWN,39.5,NO,2025-12,UP
GREENPANEL,2025-Q4,M2_ONLY,DOWN,74.03,SELL CALLS,SMALL_POSITION,After Month 2 closes,2025-10,FLAT,35.2,YES,2025-11,DOWN,86.6,NO,2025-12,DOWN
GROWWSC250,2025-Q4,M2_ONLY,DOWN,74.03,SELL CALLS,SMALL_POSITION,After Month 2 closes,2025-10,FLAT,33.3,YES,2025-11,DOWN,49.3,NO,2025-12,DOWN
INCREDIBLE,2025-Q4,M2_ONLY,DOWN,74.03,SELL CALLS,SMALL_POSITION,After Month 2 closes,2025-10,FLAT,39.5,NO,2025-11,DOWN,85.6,NO,2025-12,UP
JINDWORLD,2025-Q4,M2_ONLY,DOWN,74.03,SELL CALLS,SMALL_POSITION,After Month 2 closes,2025-10,FLAT,27.4,YES,2025-11,DOWN,51.1,NO,2025-12,DOWN
LINCOLN,2025-Q4,M2_ONLY,UP,74.03,SELL PUTS,SMALL_POSITION,After Month 2 closes,2025-10,FLAT,14.8,YES,2025-11,UP,31.8,NO,2025-12,DOWN
LIQUIDBETF,2026-Q1,M2_ONLY,DOWN,74.03,SELL CALLS,SMALL_POSITION,After Month 2 closes,2026-01,FLAT,4.1,YES,2026-02,DOWN,25.3,NO,2026-03,UP
LIQUIDSBI,2026-Q1,M2_ONLY,UP,74.03,SELL PUTS,SMALL_POSITION,After Month 2 closes,2026-01,FLAT,0.0,NO,2026-02,UP,0.0,NO,2026-03,FLAT
LTM,2026-Q1,M2_ONLY,DOWN,74.03,SELL CALLS,SMALL_POSITION,After Month 2 closes,2026-02,FLAT,65.0,NO,2026-03,DOWN,65.3,NO,NOT YET CLOSED,
LUXIND,2025-Q4,M2_ONLY,DOWN,74.03,SELL CALLS,SMALL_POSITION,After Month 2 closes,2025-10,FLAT,12.6,NO,2025-11,DOWN,58.0,NO,2025-12,DOWN
METAL,2025-Q4,M2_ONLY,DOWN,74.03,SELL CALLS,SMALL_POSITION,After Month 2 closes,2025-10,FLAT,43.3,YES,2025-11,DOWN,35.9,NO,2025-12,UP
MOHITIND,2025-Q4,M2_ONLY,DOWN,74.03,SELL CALLS,SMALL_POSITION,After Month 2 closes,2025-10,FLAT,0.0,NO,2025-11,DOWN,72.4,NO,2025-12,DOWN
MOMENTUM30,2025-Q4,M2_ONLY,UP,74.03,SELL PUTS,SMALL_POSITION,After Month 2 closes,2025-10,FLAT,21.5,NO,2025-11,UP,19.6,YES,2025-12,DOWN
MOSERVICE,2025-Q4,M2_ONLY,DOWN,74.03,SELL CALLS,SMALL_POSITION,After Month 2 closes,2025-11,FLAT,1.8,NO,2025-12,DOWN,69.3,NO,NOT YET CLOSED,
NBIFIN,2025-Q4,M2_ONLY,DOWN,74.03,SELL CALLS,SMALL_POSITION,After Month 2 closes,2025-10,FLAT,17.3,YES,2025-11,DOWN,64.6,NO,2025-12,FLAT
NIFMID150,2025-Q4,M2_ONLY,UP,74.03,SELL PUTS,SMALL_POSITION,After Month 2 closes,2025-10,FLAT,0.5,YES,2025-11,UP,8.8,YES,2025-12,DOWN
OAL,2026-Q1,M2_ONLY,DOWN,74.03,SELL CALLS,SMALL_POSITION,After Month 2 closes,2026-01,FLAT,12.2,NO,2026-02,DOWN,18.9,NO,2026-03,DOWN
PARASPETRO,2025-Q4,M2_ONLY,DOWN,74.03,SELL CALLS,SMALL_POSITION,After Month 2 closes,2025-10,FLAT,29.0,NO,2025-11,DOWN,8.7,NO,2025-12,DOWN
PHARMABEES,2026-Q1,M2_ONLY,UP,74.03,SELL PUTS,SMALL_POSITION,After Month 2 closes,2026-01,FLAT,29.5,NO,2026-02,UP,33.6,YES,2026-03,UP
RAJVIR,2026-Q1,M2_ONLY,DOWN,74.03,SELL CALLS,SMALL_POSITION,After Month 2 closes,2026-01,FLAT,100.0,NO,2026-02,DOWN,100.0,NO,2026-03,FLAT
SADHNA-RE,2026-Q1,M2_ONLY,DOWN,74.03,SELL CALLS,SMALL_POSITION,After Month 2 closes,2026-02,FLAT,0.0,NO,2026-03,DOWN,100.0,NO,NOT YET CLOSED,
SAKAR,2025-Q4,M2_ONLY,UP,74.03,SELL PUTS,SMALL_POSITION,After Month 2 closes,2025-10,FLAT,10.1,YES,2025-11,UP,22.0,YES,2025-12,UP
SBC,2026-Q1,M2_ONLY,UP,74.03,SELL PUTS,SMALL_POSITION,After Month 2 closes,2026-01,FLAT,21.0,YES,2026-02,UP,38.8,YES,2026-03,DOWN
SBILIQETF,2026-Q1,M2_ONLY,DOWN,74.03,SELL CALLS,SMALL_POSITION,After Month 2 closes,2026-01,FLAT,20.9,YES,2026-02,DOWN,7.7,YES,2026-03,DOWN
SDL26BEES,2026-Q1,M2_ONLY,UP,74.03,SELL PUTS,SMALL_POSITION,After Month 2 closes,2026-01,FLAT,24.9,NO,2026-02,UP,52.3,YES,2026-03,FLAT
SHANTIGEAR,2026-Q1,M2_ONLY,DOWN,74.03,SELL CALLS,SMALL_POSITION,After Month 2 closes,2026-01,FLAT,21.0,NO,2026-02,DOWN,0.4,YES,2026-03,UP
SUDEEPPHRM,2025-Q4,M2_ONLY,DOWN,74.03,SELL CALLS,SMALL_POSITION,After Month 2 closes,2025-11,FLAT,59.8,YES,2025-12,DOWN,95.8,NO,NOT YET CLOSED,
SUNDRMFAST,2026-Q1,M2_ONLY,DOWN,74.03,SELL CALLS,SMALL_POSITION,After Month 2 closes,2026-01,FLAT,4.5,NO,2026-02,DOWN,49.5,NO,2026-03,DOWN
SUNTV,2025-Q4,M2_ONLY,DOWN,74.03,SELL CALLS,SMALL_POSITION,After Month 2 closes,2025-10,FLAT,36.7,YES,2025-11,DOWN,9.2,NO,2025-12,UP
SUULD,2025-Q4,M2_ONLY,DOWN,74.03,SELL CALLS,SMALL_POSITION,After Month 2 closes,2025-10,FLAT,52.6,NO,2025-11,DOWN,11.1,YES,2025-12,DOWN
TARMAT,2026-Q1,M2_ONLY,UP,74.03,SELL PUTS,SMALL_POSITION,After Month 2 closes,2026-01,FLAT,22.9,YES,2026-02,UP,71.5,YES,2026-03,DOWN
UNIVAFOODS,2025-Q4,M2_ONLY,UP,74.03,SELL PUTS,SMALL_POSITION,After Month 2 closes,2025-10,FLAT,0.0,NO,2025-11,UP,100.0,YES,2025-12,FLAT
20MICRONS,2026-Q1,M1_M2_DISAGREE,UP,65.00,SELL PUTS,SMALL_POSITION,After Month 2 (recovery signal),2026-01,DOWN,77.8,NO,2026-02,UP,0.9,NO,2026-03,DOWN
360ONE,2026-Q1,M1_M2_DISAGREE,UP,65.00,SELL PUTS,SMALL_POSITION,After Month 2 (recovery signal),2026-01,DOWN,46.5,NO,2026-02,UP,18.5,NO,2026-03,DOWN
3IINFOLTD,2025-Q4,M1_M2_DISAGREE,UP,65.00,SELL PUTS,SMALL_POSITION,After Month 2 (recovery signal),2025-10,DOWN,74.6,NO,2025-11,UP,34.3,NO,2025-12,UP
3MINDIA,2026-Q1,M1_M2_DISAGREE,UP,65.00,SELL PUTS,SMALL_POSITION,After Month 2 (recovery signal),2026-01,DOWN,20.9,NO,2026-02,UP,67.6,YES,2026-03,DOWN
3PLAND,2026-Q1,M1_M2_DISAGREE,UP,65.00,SELL PUTS,SMALL_POSITION,After Month 2 (recovery signal),2026-01,DOWN,20.5,NO,2026-02,UP,80.2,NO,2026-03,DOWN
5PAISA,2025-Q4,M1_M2_DISAGREE,UP,65.00,SELL PUTS,SMALL_POSITION,After Month 2 (recovery signal),2025-10,DOWN,32.0,NO,2025-11,UP,29.2,YES,2025-12,UP
63MOONS,2025-Q4,M1_M2_DISAGREE,UP,65.00,SELL PUTS,SMALL_POSITION,After Month 2 (recovery signal),2025-10,DOWN,38.6,NO,2025-11,UP,46.7,YES,2025-12,DOWN
A2ZINFRA,2026-Q1,M1_M2_DISAGREE,UP,65.00,SELL PUTS,SMALL_POSITION,After Month 2 (recovery signal),2026-01,DOWN,65.4,NO,2026-02,UP,64.9,YES,2026-03,DOWN
AAKASH,2026-Q1,M1_M2_DISAGREE,UP,65.00,SELL PUTS,SMALL_POSITION,After Month 2 (recovery signal),2026-01,DOWN,55.2,NO,2026-02,UP,12.8,NO,2026-03,UP
AARON,2026-Q1,M1_M2_DISAGREE,UP,65.00,SELL PUTS,SMALL_POSITION,After Month 2 (recovery signal),2026-01,DOWN,64.1,NO,2026-02,UP,53.0,YES,2026-03,UP
AARTIIND,2026-Q1,M1_M2_DISAGREE,UP,65.00,SELL PUTS,SMALL_POSITION,After Month 2 (recovery signal),2026-01,DOWN,9.2,NO,2026-02,UP,65.4,YES,2026-03,UP
AARVI,2025-Q4,M1_M2_DISAGREE,UP,65.00,SELL PUTS,SMALL_POSITION,After Month 2 (recovery signal),2025-10,DOWN,19.5,NO,2025-11,UP,37.3,YES,2025-12,UP
ABBOTINDIA,2025-Q4,M1_M2_DISAGREE,UP,65.00,SELL PUTS,SMALL_POSITION,After Month 2 (recovery signal),2025-10,DOWN,30.1,NO,2025-11,UP,58.4,YES,2025-12,DOWN
ABCAPITAL,2026-Q1,M1_M2_DISAGREE,UP,65.00,SELL PUTS,SMALL_POSITION,After Month 2 (recovery signal),2026-01,DOWN,47.9,NO,2026-02,UP,0.5,NO,2026-03,DOWN
ABDL,2026-Q1,M1_M2_DISAGREE,UP,65.00,SELL PUTS,SMALL_POSITION,After Month 2 (recovery signal),2026-01,DOWN,62.9,NO,2026-02,UP,11.5,NO,2026-03,DOWN
ABFRL,2026-Q1,M1_M2_DISAGREE,UP,65.00,SELL PUTS,SMALL_POSITION,After Month 2 (recovery signal),2026-01,DOWN,54.3,NO,2026-02,UP,0.9,NO,2026-03,DOWN
ABLBL,2026-Q1,M1_M2_DISAGREE,UP,65.00,SELL PUTS,SMALL_POSITION,After Month 2 (recovery signal),2026-01,DOWN,81.1,NO,2026-02,UP,15.6,NO,2026-03,DOWN
ABMINTLLTD,2026-Q1,M1_M2_DISAGREE,UP,65.00,SELL PUTS,SMALL_POSITION,After Month 2 (recovery signal),2026-01,DOWN,94.7,NO,2026-02,UP,10.8,YES,2026-03,UP
ABREL,2026-Q1,M1_M2_DISAGREE,UP,65.00,SELL PUTS,SMALL_POSITION,After Month 2 (recovery signal),2026-01,DOWN,82.4,NO,2026-02,UP,5.4,YES,2026-03,DOWN
ABSLAMC,2026-Q1,M1_M2_DISAGREE,UP,65.00,SELL PUTS,SMALL_POSITION,After Month 2 (recovery signal),2026-01,DOWN,34.8,NO,2026-02,UP,68.9,YES,2026-03,UP
ABSLBANETF,2026-Q1,M1_M2_DISAGREE,UP,65.00,SELL PUTS,SMALL_POSITION,After Month 2 (recovery signal),2026-01,DOWN,28.0,YES,2026-02,UP,43.7,YES,2026-03,DOWN
ABSLNN50ET,2026-Q1,M1_M2_DISAGREE,UP,65.00,SELL PUTS,SMALL_POSITION,After Month 2 (recovery signal),2026-01,DOWN,52.4,NO,2026-02,UP,45.3,YES,2026-03,DOWN
ACE,2026-Q1,M1_M2_DISAGREE,UP,65.00,SELL PUTS,SMALL_POSITION,After Month 2 (recovery signal),2026-01,DOWN,49.6,NO,2026-02,UP,26.4,YES,2026-03,DOWN
ACI,2026-Q1,M1_M2_DISAGREE,UP,65.00,SELL PUTS,SMALL_POSITION,After Month 2 (recovery signal),2026-01,DOWN,7.4,YES,2026-02,UP,9.2,YES,2026-03,UP
ACL,2025-Q4,M1_M2_DISAGREE,UP,65.00,SELL PUTS,SMALL_POSITION,After Month 2 (recovery signal),2025-10,DOWN,57.8,NO,2025-11,UP,10.0,YES,2025-12,DOWN
ACMESOLAR,2026-Q1,M1_M2_DISAGREE,UP,65.00,SELL PUTS,SMALL_POSITION,After Month 2 (recovery signal),2026-01,DOWN,26.1,NO,2026-02,UP,22.1,YES,2026-03,UP
ADANIENSOL,2026-Q1,M1_M2_DISAGREE,UP,65.00,SELL PUTS,SMALL_POSITION,After Month 2 (recovery signal),2026-01,DOWN,51.0,NO,2026-02,UP,58.8,YES,2026-03,UP
ADANIENT,2026-Q1,M1_M2_DISAGREE,UP,65.00,SELL PUTS,SMALL_POSITION,After Month 2 (recovery signal),2026-01,DOWN,50.2,NO,2026-02,UP,38.1,YES,2026-03,DOWN
ADANIGREEN,2026-Q1,M1_M2_DISAGREE,UP,65.00,SELL PUTS,SMALL_POSITION,After Month 2 (recovery signal),2026-01,DOWN,60.1,NO,2026-02,UP,40.1,YES,2026-03,DOWN
ADANIPORTS,2026-Q1,M1_M2_DISAGREE,UP,65.00,SELL PUTS,SMALL_POSITION,After Month 2 (recovery signal),2026-01,DOWN,27.3,NO,2026-02,UP,38.7,YES,2026-03,DOWN
ADANIPOWER,2026-Q1,M1_M2_DISAGREE,UP,65.00,SELL PUTS,SMALL_POSITION,After Month 2 (recovery signal),2026-01,DOWN,29.5,NO,2026-02,UP,13.3,YES,2026-03,UP
ADFFOODS,2026-Q1,M1_M2_DISAGREE,UP,65.00,SELL PUTS,SMALL_POSITION,After Month 2 (recovery signal),2026-01,DOWN,69.1,NO,2026-02,UP,27.7,YES,2026-03,DOWN
ADOR,2026-Q1,M1_M2_DISAGREE,UP,65.00,SELL PUTS,SMALL_POSITION,After Month 2 (recovery signal),2026-01,DOWN,15.9,NO,2026-02,UP,17.0,YES,2026-03,DOWN
ADROITINFO,2026-Q1,M1_M2_DISAGREE,UP,65.00,SELL PUTS,SMALL_POSITION,After Month 2 (recovery signal),2026-01,DOWN,45.3,NO,2026-02,UP,10.0,YES,2026-03,DOWN
ADVENTHTL,2025-Q4,M1_M2_DISAGREE,UP,65.00,SELL PUTS,SMALL_POSITION,After Month 2 (recovery signal),2025-11,DOWN,60.5,NO,2025-12,UP,17.7,NO,NOT YET CLOSED,
ADVENZYMES,2025-Q4,M1_M2_DISAGREE,UP,65.00,SELL PUTS,SMALL_POSITION,After Month 2 (recovery signal),2025-10,DOWN,56.7,NO,2025-11,UP,5.0,YES,2025-12,DOWN
ADVENZYMES,2026-Q1,M1_M2_DISAGREE,UP,65.00,SELL PUTS,SMALL_POSITION,After Month 2 (recovery signal),2026-01,DOWN,10.9,NO,2026-02,UP,28.2,YES,2026-03,DOWN
AEGISLOG,2025-Q4,M1_M2_DISAGREE,UP,65.00,SELL PUTS,SMALL_POSITION,After Month 2 (recovery signal),2025-10,DOWN,7.4,NO,2025-11,UP,20.4,YES,2025-12,DOWN
AEGISLOG,2026-Q1,M1_M2_DISAGREE,UP,65.00,SELL PUTS,SMALL_POSITION,After Month 2 (recovery signal),2026-01,DOWN,1.5,NO,2026-02,UP,46.8,NO,2026-03,DOWN
AEGISVOPAK,2026-Q1,M1_M2_DISAGREE,UP,65.00,SELL PUTS,SMALL_POSITION,After Month 2 (recovery signal),2026-01,DOWN,41.1,NO,2026-02,UP,11.2,NO,2026-03,DOWN
AEQUS,2026-Q1,M1_M2_DISAGREE,UP,65.00,SELL PUTS,SMALL_POSITION,After Month 2 (recovery signal),2026-01,DOWN,15.7,NO,2026-02,UP,15.3,YES,2026-03,DOWN
AEROENTER,2026-Q1,M1_M2_DISAGREE,UP,65.00,SELL PUTS,SMALL_POSITION,After Month 2 (recovery signal),2026-01,DOWN,42.0,NO,2026-02,UP,7.4,NO,2026-03,DOWN
AEROFLEX,2026-Q1,M1_M2_DISAGREE,UP,65.00,SELL PUTS,SMALL_POSITION,After Month 2 (recovery signal),2026-01,DOWN,33.5,NO,2026-02,UP,74.5,YES,2026-03,UP
AETHER,2025-Q4,M1_M2_DISAGREE,UP,65.00,SELL PUTS,SMALL_POSITION,After Month 2 (recovery signal),2025-10,DOWN,0.3,YES,2025-11,UP,63.2,YES,2025-12,DOWN
AFFORDABLE,2026-Q1,M1_M2_DISAGREE,UP,65.00,SELL PUTS,SMALL_POSITION,After Month 2 (recovery signal),2026-01,DOWN,65.5,NO,2026-02,UP,11.8,YES,2026-03,DOWN
AFIL,2026-Q1,M1_M2_DISAGREE,UP,65.00,SELL PUTS,SMALL_POSITION,After Month 2 (recovery signal),2026-01,DOWN,77.3,NO,2026-02,UP,58.9,YES,2026-03,UP
AFSL,2025-Q4,M1_M2_DISAGREE,UP,65.00,SELL PUTS,SMALL_POSITION,After Month 2 (recovery signal),2025-10,DOWN,35.3,NO,2025-11,UP,1.5,NO,2025-12,UP
AFSL,2026-Q1,M1_M2_DISAGREE,UP,65.00,SELL PUTS,SMALL_POSITION,After Month 2 (recovery signal),2026-01,DOWN,4.5,YES,2026-02,UP,0.0,NO,2026-03,UP
AGIIL,2025-Q4,M1_M2_DISAGREE,UP,65.00,SELL PUTS,SMALL_POSITION,After Month 2 (recovery signal),2025-10,DOWN,87.0,NO,2025-11,UP,19.4,YES,2025-12,DOWN
AGIIL,2026-Q1,M1_M2_DISAGREE,UP,65.00,SELL PUTS,SMALL_POSITION,After Month 2 (recovery signal),2026-01,DOWN,8.9,NO,2026-02,UP,56.4,YES,2026-03,UP
AGRITECH,2025-Q4,M1_M2_DISAGREE,UP,65.00,SELL PUTS,SMALL_POSITION,After Month 2 (recovery signal),2025-10,DOWN,62.1,NO,2025-11,UP,9.8,YES,2025-12,UP
AHCL,2025-Q4,M1_M2_DISAGREE,UP,65.00,SELL PUTS,SMALL_POSITION,After Month 2 (recovery signal),2025-10,DOWN,30.9,NO,2025-11,UP,92.7,YES,2025-12,DOWN
AHLEAST,2026-Q1,M1_M2_DISAGREE,UP,65.00,SELL PUTS,SMALL_POSITION,After Month 2 (recovery signal),2026-01,DOWN,18.5,YES,2026-02,UP,87.8,YES,2026-03,DOWN
AHLUCONT,2025-Q4,M1_M2_DISAGREE,UP,65.00,SELL PUTS,SMALL_POSITION,After Month 2 (recovery signal),2025-10,DOWN,40.3,NO,2025-11,UP,25.7,YES,2025-12,DOWN
AIAENG,2026-Q1,M1_M2_DISAGREE,UP,65.00,SELL PUTS,SMALL_POSITION,After Month 2 (recovery signal),2026-01,DOWN,5.7,NO,2026-02,UP,20.8,NO,2026-03,DOWN
AIRAN,2026-Q1,M1_M2_DISAGREE,UP,65.00,SELL PUTS,SMALL_POSITION,After Month 2 (recovery signal),2026-01,DOWN,66.4,NO,2026-02,UP,42.4,YES,2026-03,DOWN
AIROLAM,2025-Q4,M1_M2_DISAGREE,UP,65.00,SELL PUTS,SMALL_POSITION,After Month 2 (recovery signal),2025-10,DOWN,31.6,NO,2025-11,UP,30.2,NO,2025-12,DOWN
AIROLAM,2026-Q1,M1_M2_DISAGREE,UP,65.00,SELL PUTS,SMALL_POSITION,After Month 2 (recovery signal),2026-01,DOWN,49.6,NO,2026-02,UP,16.0,NO,2026-03,DOWN
AJANTPHARM,2026-Q1,M1_M2_DISAGREE,UP,65.00,SELL PUTS,SMALL_POSITION,After Month 2 (recovery signal),2026-01,DOWN,5.4,NO,2026-02,UP,53.1,YES,2026-03,UP
AJAXENGG,2025-Q4,M1_M2_DISAGREE,UP,65.00,SELL PUTS,SMALL_POSITION,After Month 2 (recovery signal),2025-10,DOWN,73.4,NO,2025-11,UP,11.8,YES,2025-12,DOWN
AJOONI,2026-Q1,M1_M2_DISAGREE,UP,65.00,SELL PUTS,SMALL_POSITION,After Month 2 (recovery signal),2026-01,DOWN,56.5,NO,2026-02,UP,29.6,YES,2026-03,UP
AKASH,2026-Q1,M1_M2_DISAGREE,UP,65.00,SELL PUTS,SMALL_POSITION,After Month 2 (recovery signal),2026-01,DOWN,12.9,NO,2026-02,UP,10.6,NO,2026-03,DOWN
AKUMS,2026-Q1,M1_M2_DISAGREE,UP,65.00,SELL PUTS,SMALL_POSITION,After Month 2 (recovery signal),2026-01,DOWN,27.5,NO,2026-02,UP,61.1,YES,2026-03,UP
AKZOINDIA,2025-Q4,M1_M2_DISAGREE,UP,65.00,SELL PUTS,SMALL_POSITION,After Month 2 (recovery signal),2025-10,DOWN,13.8,NO,2025-11,UP,11.3,YES,2025-12,DOWN
AKZOINDIA,2026-Q1,M1_M2_DISAGREE,UP,65.00,SELL PUTS,SMALL_POSITION,After Month 2 (recovery signal),2026-01,DOWN,76.5,NO,2026-02,UP,38.0,YES,2026-03,UP
ALBERTDAVD,2026-Q1,M1_M2_DISAGREE,UP,65.00,SELL PUTS,SMALL_POSITION,After Month 2 (recovery signal),2026-01,DOWN,50.4,NO,2026-02,UP,7.9,YES,2026-03,UP
ALEMBICLTD,2026-Q1,M1_M2_DISAGREE,UP,65.00,SELL PUTS,SMALL_POSITION,After Month 2 (recovery signal),2026-01,DOWN,58.2,NO,2026-02,UP,9.2,NO,2026-03,DOWN
ALICON,2026-Q1,M1_M2_DISAGREE,UP,65.00,SELL PUTS,SMALL_POSITION,After Month 2 (recovery signal),2026-01,DOWN,63.9,NO,2026-02,UP,38.5,YES,2026-03,DOWN
ALKEM,2025-Q4,M1_M2_DISAGREE,UP,65.00,SELL PUTS,SMALL_POSITION,After Month 2 (recovery signal),2025-10,DOWN,30.1,YES,2025-11,UP,42.8,YES,2025-12,DOWN
ALLTIME,2026-Q1,M1_M2_DISAGREE,UP,65.00,SELL PUTS,SMALL_POSITION,After Month 2 (recovery signal),2026-01,DOWN,75.4,NO,2026-02,UP,11.9,YES,2026-03,DOWN
ALMONDZ,2026-Q1,M1_M2_DISAGREE,UP,65.00,SELL PUTS,SMALL_POSITION,After Month 2 (recovery signal),2026-01,DOWN,40.5,NO,2026-02,UP,22.6,YES,2026-03,DOWN
ALPHA,2026-Q1,M1_M2_DISAGREE,UP,65.00,SELL PUTS,SMALL_POSITION,After Month 2 (recovery signal),2026-01,DOWN,28.1,NO,2026-02,UP,65.9,YES,2026-03,DOWN
ALPHAETF,2026-Q1,M1_M2_DISAGREE,UP,65.00,SELL PUTS,SMALL_POSITION,After Month 2 (recovery signal),2026-01,DOWN,30.2,NO,2026-02,UP,29.4,YES,2026-03,DOWN
ALPL30IETF,2026-Q1,M1_M2_DISAGREE,UP,65.00,SELL PUTS,SMALL_POSITION,After Month 2 (recovery signal),2026-01,DOWN,45.6,NO,2026-02,UP,49.5,YES,2026-03,DOWN
AMBER,2026-Q1,M1_M2_DISAGREE,UP,65.00,SELL PUTS,SMALL_POSITION,After Month 2 (recovery signal),2026-01,DOWN,47.4,NO,2026-02,UP,90.5,YES,2026-03,DOWN
AMBICAAGAR,2026-Q1,M1_M2_DISAGREE,UP,65.00,SELL PUTS,SMALL_POSITION,After Month 2 (recovery signal),2026-01,DOWN,54.7,NO,2026-02,UP,31.6,YES,2026-03,DOWN
AMBUJACEM,2026-Q1,M1_M2_DISAGREE,UP,65.00,SELL PUTS,SMALL_POSITION,After Month 2 (recovery signal),2026-01,DOWN,72.7,NO,2026-02,UP,20.6,NO,2026-03,DOWN
AMRUTANJAN,2026-Q1,M1_M2_DISAGREE,UP,65.00,SELL PUTS,SMALL_POSITION,After Month 2 (recovery signal),2026-01,DOWN,80.3,NO,2026-02,UP,18.3,YES,2026-03,DOWN
ANANDRATHI,2026-Q1,M1_M2_DISAGREE,UP,65.00,SELL PUTS,SMALL_POSITION,After Month 2 (recovery signal),2026-01,DOWN,43.6,NO,2026-02,UP,68.7,YES,2026-03,DOWN
ANANTRAJ,2026-Q1,M1_M2_DISAGREE,UP,65.00,SELL PUTS,SMALL_POSITION,After Month 2 (recovery signal),2026-01,DOWN,31.5,NO,2026-02,UP,27.1,YES,2026-03,DOWN
ANDHRAPAP,2026-Q1,M1_M2_DISAGREE,UP,65.00,SELL PUTS,SMALL_POSITION,After Month 2 (recovery signal),2026-01,DOWN,42.3,NO,2026-02,UP,41.3,YES,2026-03,DOWN
ANDHRSUGAR,2026-Q1,M1_M2_DISAGREE,UP,65.00,SELL PUTS,SMALL_POSITION,After Month 2 (recovery signal),2026-01,DOWN,54.3,NO,2026-02,UP,25.3,YES,2026-03,DOWN
ANSALAPI,2026-Q1,M1_M2_DISAGREE,UP,65.00,SELL PUTS,SMALL_POSITION,After Month 2 (recovery signal),2026-01,DOWN,89.6,NO,2026-02,UP,90.5,YES,2026-03,DOWN
ANTHEM,2026-Q1,M1_M2_DISAGREE,UP,65.00,SELL PUTS,SMALL_POSITION,After Month 2 (recovery signal),2026-01,DOWN,65.0,NO,2026-02,UP,79.4,YES,2026-03,DOWN
ANUHPHR,2026-Q1,M1_M2_DISAGREE,UP,65.00,SELL PUTS,SMALL_POSITION,After Month 2 (recovery signal),2026-01,DOWN,78.1,NO,2026-02,UP,28.2,YES,2026-03,UP
ANURAS,2025-Q4,M1_M2_DISAGREE,UP,65.00,SELL PUTS,SMALL_POSITION,After Month 2 (recovery signal),2025-10,DOWN,9.0,NO,2025-11,UP,69.7,YES,2025-12,UP
ANURAS,2026-Q1,M1_M2_DISAGREE,UP,65.00,SELL PUTS,SMALL_POSITION,After Month 2 (recovery signal),2026-01,DOWN,43.4,NO,2026-02,UP,2.8,NO,2026-03,UP
AONEGOLD,2025-Q4,M1_M2_DISAGREE,UP,65.00,SELL PUTS,SMALL_POSITION,After Month 2 (recovery signal),2025-10,DOWN,9.2,YES,2025-11,UP,15.0,YES,2025-12,UP
AONELIQUID,2025-Q4,M1_M2_DISAGREE,UP,65.00,SELL PUTS,SMALL_POSITION,After Month 2 (recovery signal),2025-10,DOWN,7.4,YES,2025-11,UP,62.3,YES,2025-12,DOWN
AONENIFTY,2026-Q1,M1_M2_DISAGREE,UP,65.00,SELL PUTS,SMALL_POSITION,After Month 2 (recovery signal),2026-01,DOWN,41.8,NO,2026-02,UP,3.3,YES,2026-03,DOWN
AONETMMQ50,2026-Q1,M1_M2_DISAGREE,UP,65.00,SELL PUTS,SMALL_POSITION,After Month 2 (recovery signal),2026-01,DOWN,10.7,NO,2026-02,UP,27.1,YES,2026-03,DOWN
APARINDS,2026-Q1,M1_M2_DISAGREE,UP,65.00,SELL PUTS,SMALL_POSITION,After Month 2 (recovery signal),2026-01,DOWN,25.6,NO,2026-02,UP,81.0,YES,2026-03,DOWN
APCOTEXIND,2025-Q4,M1_M2_DISAGREE,UP,65.00,SELL PUTS,SMALL_POSITION,After Month 2 (recovery signal),2025-10,DOWN,82.0,NO,2025-11,UP,87.4,YES,2025-12,DOWN
APEX,2026-Q1,M1_M2_DISAGREE,UP,65.00,SELL PUTS,SMALL_POSITION,After Month 2 (recovery signal),2026-01,DOWN,18.8,YES,2026-02,UP,48.3,YES,2026-03,DOWN
APOLLOHOSP,2026-Q1,M1_M2_DISAGREE,UP,65.00,SELL PUTS,SMALL_POSITION,After Month 2 (recovery signal),2026-01,DOWN,14.3,NO,2026-02,UP,78.0,YES,2026-03,DOWN
APOLLOPIPE,2026-Q1,M1_M2_DISAGREE,UP,65.00,SELL PUTS,SMALL_POSITION,After Month 2 (recovery signal),2026-01,DOWN,47.7,NO,2026-02,UP,77.8,YES,2026-03,UP
APOLSINHOT,2025-Q4,M1_M2_DISAGREE,UP,65.00,SELL PUTS,SMALL_POSITION,After Month 2 (recovery signal),2025-10,DOWN,76.0,NO,2025-11,UP,4.1,NO,2025-12,DOWN
APTECHT,2026-Q1,M1_M2_DISAGREE,UP,65.00,SELL PUTS,SMALL_POSITION,After Month 2 (recovery signal),2026-01,DOWN,83.1,NO,2026-02,UP,27.4,YES,2026-03,DOWN
ARE&M,2026-Q1,M1_M2_DISAGREE,UP,65.00,SELL PUTS,SMALL_POSITION,After Month 2 (recovery signal),2026-01,DOWN,58.9,NO,2026-02,UP,7.1,YES,2026-03,DOWN
ARIES,2026-Q1,M1_M2_DISAGREE,UP,65.00,SELL PUTS,SMALL_POSITION,After Month 2 (recovery signal),2026-01,DOWN,3.6,NO,2026-02,UP,3.6,NO,2026-03,UP
ARIHANTCAP,2026-Q1,M1_M2_DISAGREE,UP,65.00,SELL PUTS,SMALL_POSITION,After Month 2 (recovery signal),2026-01,DOWN,38.8,NO,2026-02,UP,4.4,YES,2026-03,DOWN
ARSHIYA,2026-Q1,M1_M2_DISAGREE,UP,65.00,SELL PUTS,SMALL_POSITION,After Month 2 (recovery signal),2026-01,DOWN,47.4,NO,2026-02,UP,74.5,YES,2026-03,DOWN
ARVEE,2026-Q1,M1_M2_DISAGREE,UP,65.00,SELL PUTS,SMALL_POSITION,After Month 2 (recovery signal),2026-01,DOWN,74.0,NO,2026-02,UP,22.7,YES,2026-03,DOWN
ARVSMART,2026-Q1,M1_M2_DISAGREE,UP,65.00,SELL PUTS,SMALL_POSITION,After Month 2 (recovery signal),2026-01,DOWN,63.9,NO,2026-02,UP,4.7,YES,2026-03,UP
ASHAPURMIN,2025-Q4,M1_M2_DISAGREE,UP,65.00,SELL PUTS,SMALL_POSITION,After Month 2 (recovery signal),2025-10,DOWN,8.0,YES,2025-11,UP,13.4,YES,2025-12,UP
ASHIANA,2025-Q4,M1_M2_DISAGREE,UP,65.00,SELL PUTS,SMALL_POSITION,After Month 2 (recovery signal),2025-10,DOWN,62.0,NO,2025-11,UP,40.5,YES,2025-12,DOWN
ASHOKAMET,2026-Q1,M1_M2_DISAGREE,UP,65.00,SELL PUTS,SMALL_POSITION,After Month 2 (recovery signal),2026-01,DOWN,56.3,NO,2026-02,UP,20.2,YES,2026-03,DOWN
ASHOKLEY,2025-Q4,M1_M2_DISAGREE,UP,65.00,SELL PUTS,SMALL_POSITION,After Month 2 (recovery signal),2025-10,DOWN,16.7,NO,2025-11,UP,68.1,YES,2025-12,UP
ASIANENE,2026-Q1,M1_M2_DISAGREE,UP,65.00,SELL PUTS,SMALL_POSITION,After Month 2 (recovery signal),2026-01,DOWN,51.3,NO,2026-02,UP,42.1,YES,2026-03,DOWN
ASIANPAINT,2026-Q1,M1_M2_DISAGREE,UP,65.00,SELL PUTS,SMALL_POSITION,After Month 2 (recovery signal),2026-01,DOWN,67.1,NO,2026-02,UP,35.1,NO,2026-03,DOWN
ASKAUTOLTD,2025-Q4,M1_M2_DISAGREE,UP,65.00,SELL PUTS,SMALL_POSITION,After Month 2 (recovery signal),2025-10,DOWN,69.7,NO,2025-11,UP,18.5,YES,2025-12,UP
ASTEC,2025-Q4,M1_M2_DISAGREE,UP,65.00,SELL PUTS,SMALL_POSITION,After Month 2 (recovery signal),2025-10,DOWN,70.2,NO,2025-11,UP,47.2,YES,2025-12,DOWN
ASTEC,2026-Q1,M1_M2_DISAGREE,UP,65.00,SELL PUTS,SMALL_POSITION,After Month 2 (recovery signal),2026-01,DOWN,83.1,NO,2026-02,UP,17.3,YES,2026-03,DOWN
ASTERDM,2026-Q1,M1_M2_DISAGREE,UP,65.00,SELL PUTS,SMALL_POSITION,After Month 2 (recovery signal),2026-01,DOWN,65.3,NO,2026-02,UP,80.0,YES,2026-03,UP
ASTRAL,2026-Q1,M1_M2_DISAGREE,UP,65.00,SELL PUTS,SMALL_POSITION,After Month 2 (recovery signal),2026-01,DOWN,39.1,YES,2026-02,UP,72.7,YES,2026-03,UP
ASTRAMICRO,2026-Q1,M1_M2_DISAGREE,UP,65.00,SELL PUTS,SMALL_POSITION,After Month 2 (recovery signal),2026-01,DOWN,3.6,YES,2026-02,UP,6.9,NO,2026-03,UP
ASTRAZEN,2026-Q1,M1_M2_DISAGREE,UP,65.00,SELL PUTS,SMALL_POSITION,After Month 2 (recovery signal),2026-01,DOWN,44.1,NO,2026-02,UP,51.3,YES,2026-03,DOWN
ATHERENERG,2026-Q1,M1_M2_DISAGREE,UP,65.00,SELL PUTS,SMALL_POSITION,After Month 2 (recovery signal),2026-01,DOWN,74.8,NO,2026-02,UP,59.3,YES,2026-03,UP
ATL,2026-Q1,M1_M2_DISAGREE,UP,65.00,SELL PUTS,SMALL_POSITION,After Month 2 (recovery signal),2026-01,DOWN,51.7,NO,2026-02,UP,9.5,NO,2026-03,DOWN
ATLANTAELE,2026-Q1,M1_M2_DISAGREE,UP,65.00,SELL PUTS,SMALL_POSITION,After Month 2 (recovery signal),2026-01,DOWN,59.0,NO,2026-02,UP,75.5,YES,2026-03,UP
ATUL,2025-Q4,M1_M2_DISAGREE,UP,65.00,SELL PUTS,SMALL_POSITION,After Month 2 (recovery signal),2025-10,DOWN,57.5,NO,2025-11,UP,18.3,YES,2025-12,UP
ATULAUTO,2026-Q1,M1_M2_DISAGREE,UP,65.00,SELL PUTS,SMALL_POSITION,After Month 2 (recovery signal),2026-01,DOWN,38.7,NO,2026-02,UP,64.2,YES,2026-03,DOWN
AUBANK,2026-Q1,M1_M2_DISAGREE,UP,65.00,SELL PUTS,SMALL_POSITION,After Month 2 (recovery signal),2026-01,DOWN,16.9,NO,2026-02,UP,30.4,NO,2026-03,DOWN
AURIGROW,2025-Q4,M1_M2_DISAGREE,UP,65.00,SELL PUTS,SMALL_POSITION,After Month 2 (recovery signal),2025-10,DOWN,20.0,NO,2025-11,UP,75.0,NO,2025-12,UP
AUROPHARMA,2026-Q1,M1_M2_DISAGREE,UP,65.00,SELL PUTS,SMALL_POSITION,After Month 2 (recovery signal),2026-01,DOWN,5.8,YES,2026-02,UP,8.3,YES,2026-03,UP
AURUM,2026-Q1,M1_M2_DISAGREE,UP,65.00,SELL PUTS,SMALL_POSITION,After Month 2 (recovery signal),2026-01,DOWN,17.3,NO,2026-02,UP,18.4,YES,2026-03,UP
AUTOAXLES,2026-Q1,M1_M2_DISAGREE,UP,65.00,SELL PUTS,SMALL_POSITION,After Month 2 (recovery signal),2026-01,DOWN,10.1,NO,2026-02,UP,57.6,YES,2026-03,DOWN
AUTOBEES,2026-Q1,M1_M2_DISAGREE,UP,65.00,SELL PUTS,SMALL_POSITION,After Month 2 (recovery signal),2026-01,DOWN,26.8,NO,2026-02,UP,64.8,YES,2026-03,DOWN
AUTOIETF,2026-Q1,M1_M2_DISAGREE,UP,65.00,SELL PUTS,SMALL_POSITION,After Month 2 (recovery signal),2026-01,DOWN,39.0,NO,2026-02,UP,23.8,YES,2026-03,DOWN
AUTOIND,2026-Q1,M1_M2_DISAGREE,UP,65.00,SELL PUTS,SMALL_POSITION,After Month 2 (recovery signal),2026-01,DOWN,27.6,NO,2026-02,UP,22.0,NO,2026-03,DOWN
AVALON,2026-Q1,M1_M2_DISAGREE,UP,65.00,SELL PUTS,SMALL_POSITION,After Month 2 (recovery signal),2026-01,DOWN,8.7,NO,2026-02,UP,50.9,YES,2026-03,DOWN
AVANTEL,2026-Q1,M1_M2_DISAGREE,UP,65.00,SELL PUTS,SMALL_POSITION,After Month 2 (recovery signal),2026-01,DOWN,2.6,YES,2026-02,UP,65.7,NO,2026-03,DOWN
AVANTIFEED,2026-Q1,M1_M2_DISAGREE,UP,65.00,SELL PUTS,SMALL_POSITION,After Month 2 (recovery signal),2026-01,DOWN,25.4,NO,2026-02,UP,68.0,YES,2026-03,DOWN
AVONMORE,2025-Q4,M1_M2_DISAGREE,UP,65.00,SELL PUTS,SMALL_POSITION,After Month 2 (recovery signal),2025-10,DOWN,38.6,NO,2025-11,UP,15.1,YES,2025-12,UP
AVONMORE,2026-Q1,M1_M2_DISAGREE,UP,65.00,SELL PUTS,SMALL_POSITION,After Month 2 (recovery signal),2026-01,DOWN,66.7,NO,2026-02,UP,22.1,NO,2026-03,DOWN
AVROIND,2025-Q4,M1_M2_DISAGREE,UP,65.00,SELL PUTS,SMALL_POSITION,After Month 2 (recovery signal),2025-10,DOWN,59.8,NO,2025-11,UP,16.5,YES,2025-12,DOWN
AXISBNKETF,2026-Q1,M1_M2_DISAGREE,UP,65.00,SELL PUTS,SMALL_POSITION,After Month 2 (recovery signal),2026-01,DOWN,1.0,NO,2026-02,UP,16.9,YES,2026-03,DOWN
AXISCADES,2026-Q1,M1_M2_DISAGREE,UP,65.00,SELL PUTS,SMALL_POSITION,After Month 2 (recovery signal),2026-01,DOWN,20.9,NO,2026-02,UP,41.0,YES,2026-03,DOWN
AXISCETF,2026-Q1,M1_M2_DISAGREE,UP,65.00,SELL PUTS,SMALL_POSITION,After Month 2 (recovery signal),2026-01,DOWN,64.6,NO,2026-02,UP,6.3,YES,2026-03,DOWN
AXISGOLD,2025-Q4,M1_M2_DISAGREE,UP,65.00,SELL PUTS,SMALL_POSITION,After Month 2 (recovery signal),2025-10,DOWN,13.6,YES,2025-11,UP,52.8,YES,2025-12,UP
AXISHCETF,2026-Q1,M1_M2_DISAGREE,UP,65.00,SELL PUTS,SMALL_POSITION,After Month 2 (recovery signal),2026-01,DOWN,53.6,NO,2026-02,UP,66.1,YES,2026-03,DOWN
AXISILVER,2025-Q4,M1_M2_DISAGREE,UP,65.00,SELL PUTS,SMALL_POSITION,After Month 2 (recovery signal),2025-10,DOWN,5.5,YES,2025-11,UP,62.6,YES,2025-12,UP
AXISNIFTY,2026-Q1,M1_M2_DISAGREE,UP,65.00,SELL PUTS,SMALL_POSITION,After Month 2 (recovery signal),2026-01,DOWN,40.0,NO,2026-02,UP,27.8,NO,2026-03,DOWN
AXSENSEX,2026-Q1,M1_M2_DISAGREE,UP,65.00,SELL PUTS,SMALL_POSITION,After Month 2 (recovery signal),2026-01,DOWN,58.3,NO,2026-02,UP,24.6,NO,2026-03,DOWN
AYMSYNTEX,2025-Q4,M1_M2_DISAGREE,UP,65.00,SELL PUTS,SMALL_POSITION,After Month 2 (recovery signal),2025-10,DOWN,43.4,NO,2025-11,UP,26.6,NO,2025-12,UP
AYMSYNTEX,2026-Q1,M1_M2_DISAGREE,UP,65.00,SELL PUTS,SMALL_POSITION,After Month 2 (recovery signal),2026-01,DOWN,60.2,NO,2026-02,UP,66.9,YES,2026-03,DOWN
AZAD,2026-Q1,M1_M2_DISAGREE,UP,65.00,SELL PUTS,SMALL_POSITION,After Month 2 (recovery signal),2026-01,DOWN,53.1,NO,2026-02,UP,64.3,YES,2026-03,DOWN
BAFNAPH,2025-Q4,M1_M2_DISAGREE,UP,65.00,SELL PUTS,SMALL_POSITION,After Month 2 (recovery signal),2025-10,DOWN,74.9,NO,2025-11,UP,0.9,YES,2025-12,UP
BAJAJ-AUTO,2026-Q1,M1_M2_DISAGREE,UP,65.00,SELL PUTS,SMALL_POSITION,After Month 2 (recovery signal),2026-01,DOWN,26.8,YES,2026-02,UP,16.5,YES,2026-03,DOWN
BAJAJFINSV,2026-Q1,M1_M2_DISAGREE,UP,65.00,SELL PUTS,SMALL_POSITION,After Month 2 (recovery signal),2026-01,DOWN,51.1,NO,2026-02,UP,25.0,YES,2026-03,DOWN
BAJAJHLDNG,2026-Q1,M1_M2_DISAGREE,UP,65.00,SELL PUTS,SMALL_POSITION,After Month 2 (recovery signal),2026-01,DOWN,47.6,NO,2026-02,UP,0.2,YES,2026-03,DOWN
BAJEL,2026-Q1,M1_M2_DISAGREE,UP,65.00,SELL PUTS,SMALL_POSITION,After Month 2 (recovery signal),2026-01,DOWN,41.8,NO,2026-02,UP,28.0,YES,2026-03,UP
BAJFINANCE,2026-Q1,M1_M2_DISAGREE,UP,65.00,SELL PUTS,SMALL_POSITION,After Month 2 (recovery signal),2026-01,DOWN,62.7,NO,2026-02,UP,41.5,YES,2026-03,DOWN
BALAJITELE,2025-Q4,M1_M2_DISAGREE,UP,65.00,SELL PUTS,SMALL_POSITION,After Month 2 (recovery signal),2025-10,DOWN,40.3,NO,2025-11,UP,20.6,YES,2025-12,UP
BALAJITELE,2026-Q1,M1_M2_DISAGREE,UP,65.00,SELL PUTS,SMALL_POSITION,After Month 2 (recovery signal),2026-01,DOWN,73.0,NO,2026-02,UP,56.9,YES,2026-03,DOWN
BALKRISIND,2026-Q1,M1_M2_DISAGREE,UP,65.00,SELL PUTS,SMALL_POSITION,After Month 2 (recovery signal),2026-01,DOWN,5.5,NO,2026-02,UP,11.4,YES,2026-03,DOWN
BALMLAWRIE,2026-Q1,M1_M2_DISAGREE,UP,65.00,SELL PUTS,SMALL_POSITION,After Month 2 (recovery signal),2026-01,DOWN,51.6,NO,2026-02,UP,74.9,YES,2026-03,DOWN
BALPHARMA,2026-Q1,M1_M2_DISAGREE,UP,65.00,SELL PUTS,SMALL_POSITION,After Month 2 (recovery signal),2026-01,DOWN,43.6,NO,2026-02,UP,60.0,YES,2026-03,DOWN
BALRAMCHIN,2026-Q1,M1_M2_DISAGREE,UP,65.00,SELL PUTS,SMALL_POSITION,After Month 2 (recovery signal),2026-01,DOWN,50.9,NO,2026-02,UP,82.3,YES,2026-03,UP
BALUFORGE,2026-Q1,M1_M2_DISAGREE,UP,65.00,SELL PUTS,SMALL_POSITION,After Month 2 (recovery signal),2026-01,DOWN,67.6,NO,2026-02,UP,44.1,YES,2026-03,DOWN
BANARBEADS,2026-Q1,M1_M2_DISAGREE,UP,65.00,SELL PUTS,SMALL_POSITION,After Month 2 (recovery signal),2026-01,DOWN,52.8,NO,2026-02,UP,49.5,YES,2026-03,DOWN
BANCOINDIA,2026-Q1,M1_M2_DISAGREE,UP,65.00,SELL PUTS,SMALL_POSITION,After Month 2 (recovery signal),2026-01,DOWN,50.3,NO,2026-02,UP,20.6,YES,2026-03,DOWN
BANKADD,2026-Q1,M1_M2_DISAGREE,UP,65.00,SELL PUTS,SMALL_POSITION,After Month 2 (recovery signal),2026-01,DOWN,16.6,NO,2026-02,UP,22.7,YES,2026-03,DOWN
BANKBARODA,2026-Q1,M1_M2_DISAGREE,UP,65.00,SELL PUTS,SMALL_POSITION,After Month 2 (recovery signal),2026-01,DOWN,18.7,YES,2026-02,UP,46.9,YES,2026-03,DOWN
BANKBEES,2026-Q1,M1_M2_DISAGREE,UP,65.00,SELL PUTS,SMALL_POSITION,After Month 2 (recovery signal),2026-01,DOWN,8.9,NO,2026-02,UP,11.5,YES,2026-03,DOWN
BANKBETF,2026-Q1,M1_M2_DISAGREE,UP,65.00,SELL PUTS,SMALL_POSITION,After Month 2 (recovery signal),2026-01,DOWN,1.4,NO,2026-02,UP,5.7,NO,2026-03,DOWN
BANKETF,2026-Q1,M1_M2_DISAGREE,UP,65.00,SELL PUTS,SMALL_POSITION,After Month 2 (recovery signal),2026-01,DOWN,9.2,NO,2026-02,UP,25.1,YES,2026-03,DOWN
BANSALWIRE,2025-Q4,M1_M2_DISAGREE,UP,65.00,SELL PUTS,SMALL_POSITION,After Month 2 (recovery signal),2025-10,DOWN,69.8,NO,2025-11,UP,47.1,YES,2025-12,DOWN
BANSALWIRE,2026-Q1,M1_M2_DISAGREE,UP,65.00,SELL PUTS,SMALL_POSITION,After Month 2 (recovery signal),2026-01,DOWN,43.3,NO,2026-02,UP,61.3,NO,2026-03,UP
BANSWRAS,2025-Q4,M1_M2_DISAGREE,UP,65.00,SELL PUTS,SMALL_POSITION,After Month 2 (recovery signal),2025-10,DOWN,67.5,NO,2025-11,UP,39.3,YES,2025-12,DOWN
BANSWRAS,2026-Q1,M1_M2_DISAGREE,UP,65.00,SELL PUTS,SMALL_POSITION,After Month 2 (recovery signal),2026-01,DOWN,53.4,NO,2026-02,UP,29.4,YES,2026-03,DOWN
BASML,2026-Q1,M1_M2_DISAGREE,UP,65.00,SELL PUTS,SMALL_POSITION,After Month 2 (recovery signal),2026-01,DOWN,30.5,NO,2026-02,UP,24.2,NO,2026-03,DOWN
BAYERCROP,2026-Q1,M1_M2_DISAGREE,UP,65.00,SELL PUTS,SMALL_POSITION,After Month 2 (recovery signal),2026-01,DOWN,25.0,NO,2026-02,UP,31.5,YES,2026-03,DOWN
BBETF0432,2026-Q1,M1_M2_DISAGREE,UP,65.00,SELL PUTS,SMALL_POSITION,After Month 2 (recovery signal),2026-01,DOWN,19.2,NO,2026-02,UP,77.7,YES,2026-03,DOWN
BBNPNBETF,2026-Q1,M1_M2_DISAGREE,UP,65.00,SELL PUTS,SMALL_POSITION,After Month 2 (recovery signal),2026-01,DOWN,9.2,YES,2026-02,UP,19.1,NO,2026-03,DOWN
BBTC,2026-Q1,M1_M2_DISAGREE,UP,65.00,SELL PUTS,SMALL_POSITION,After Month 2 (recovery signal),2026-01,DOWN,68.2,NO,2026-02,UP,11.9,NO,2026-03,DOWN
BCG,2026-Q1,M1_M2_DISAGREE,UP,65.00,SELL PUTS,SMALL_POSITION,After Month 2 (recovery signal),2026-01,DOWN,70.8,NO,2026-02,UP,26.3,YES,2026-03,DOWN
BCLIND,2026-Q1,M1_M2_DISAGREE,UP,65.00,SELL PUTS,SMALL_POSITION,After Month 2 (recovery signal),2026-01,DOWN,69.2,NO,2026-02,UP,8.4,YES,2026-03,DOWN
BDL,2025-Q4,M1_M2_DISAGREE,UP,65.00,SELL PUTS,SMALL_POSITION,After Month 2 (recovery signal),2025-10,DOWN,42.7,YES,2025-11,UP,7.7,NO,2025-12,DOWN
BEDMUTHA,2026-Q1,M1_M2_DISAGREE,UP,65.00,SELL PUTS,SMALL_POSITION,After Month 2 (recovery signal),2026-01,DOWN,47.9,YES,2026-02,UP,2.3,YES,2026-03,DOWN
BELRISE,2025-Q4,M1_M2_DISAGREE,UP,65.00,SELL PUTS,SMALL_POSITION,After Month 2 (recovery signal),2025-10,DOWN,44.4,NO,2025-11,UP,51.7,YES,2025-12,UP
BELRISE,2026-Q1,M1_M2_DISAGREE,UP,65.00,SELL PUTS,SMALL_POSITION,After Month 2 (recovery signal),2026-01,DOWN,38.4,NO,2026-02,UP,55.6,YES,2026-03,DOWN
BEPL,2026-Q1,M1_M2_DISAGREE,UP,65.00,SELL PUTS,SMALL_POSITION,After Month 2 (recovery signal),2026-01,DOWN,57.5,NO,2026-02,UP,14.1,NO,2026-03,UP
BESTAGRO,2025-Q4,M1_M2_DISAGREE,UP,65.00,SELL PUTS,SMALL_POSITION,After Month 2 (recovery signal),2025-10,DOWN,82.0,NO,2025-11,UP,50.5,YES,2025-12,DOWN
BFINVEST,2026-Q1,M1_M2_DISAGREE,UP,65.00,SELL PUTS,SMALL_POSITION,After Month 2 (recovery signal),2026-01,DOWN,54.4,NO,2026-02,UP,29.4,YES,2026-03,DOWN
BFSI,2026-Q1,M1_M2_DISAGREE,UP,65.00,SELL PUTS,SMALL_POSITION,After Month 2 (recovery signal),2026-01,DOWN,21.5,NO,2026-02,UP,4.5,YES,2026-03,DOWN
BGRENERGY,2026-Q1,M1_M2_DISAGREE,UP,65.00,SELL PUTS,SMALL_POSITION,After Month 2 (recovery signal),2026-01,DOWN,43.8,NO,2026-02,UP,61.2,NO,2026-03,UP
BHAGCHEM,2025-Q4,M1_M2_DISAGREE,UP,65.00,SELL PUTS,SMALL_POSITION,After Month 2 (recovery signal),2025-10,DOWN,17.2,YES,2025-11,UP,28.7,NO,2025-12,DOWN
BHARATFORG,2026-Q1,M1_M2_DISAGREE,UP,65.00,SELL PUTS,SMALL_POSITION,After Month 2 (recovery signal),2026-01,DOWN,25.0,NO,2026-02,UP,76.3,YES,2026-03,DOWN
BHARATSE,2026-Q1,M1_M2_DISAGREE,UP,65.00,SELL PUTS,SMALL_POSITION,After Month 2 (recovery signal),2026-01,DOWN,66.1,NO,2026-02,UP,48.1,YES,2026-03,DOWN
BHARATWIRE,2026-Q1,M1_M2_DISAGREE,UP,65.00,SELL PUTS,SMALL_POSITION,After Month 2 (recovery signal),2026-01,DOWN,30.6,NO,2026-02,UP,11.7,YES,2026-03,DOWN
BHARTIHEXA,2026-Q1,M1_M2_DISAGREE,UP,65.00,SELL PUTS,SMALL_POSITION,After Month 2 (recovery signal),2026-01,DOWN,78.7,NO,2026-02,UP,20.2,YES,2026-03,DOWN
BHEL,2026-Q1,M1_M2_DISAGREE,UP,65.00,SELL PUTS,SMALL_POSITION,After Month 2 (recovery signal),2026-01,DOWN,39.0,NO,2026-02,UP,0.0,NO,2026-03,UP
BIGBLOC,2025-Q4,M1_M2_DISAGREE,UP,65.00,SELL PUTS,SMALL_POSITION,After Month 2 (recovery signal),2025-10,DOWN,68.4,NO,2025-11,UP,55.0,YES,2025-12,UP
BIOCON,2026-Q1,M1_M2_DISAGREE,UP,65.00,SELL PUTS,SMALL_POSITION,After Month 2 (recovery signal),2026-01,DOWN,65.0,NO,2026-02,UP,59.9,YES,2026-03,DOWN
BIOFILCHEM,2026-Q1,M1_M2_DISAGREE,UP,65.00,SELL PUTS,SMALL_POSITION,After Month 2 (recovery signal),2026-01,DOWN,46.2,NO,2026-02,UP,12.9,YES,2026-03,UP
BIRLACABLE,2026-Q1,M1_M2_DISAGREE,UP,65.00,SELL PUTS,SMALL_POSITION,After Month 2 (recovery signal),2026-01,DOWN,26.8,NO,2026-02,UP,30.2,YES,2026-03,DOWN
BIRLAMONEY,2026-Q1,M1_M2_DISAGREE,UP,65.00,SELL PUTS,SMALL_POSITION,After Month 2 (recovery signal),2026-01,DOWN,64.3,NO,2026-02,UP,23.6,YES,2026-03,DOWN
BLACKBUCK,2026-Q1,M1_M2_DISAGREE,UP,65.00,SELL PUTS,SMALL_POSITION,After Month 2 (recovery signal),2026-01,DOWN,66.2,NO,2026-02,UP,22.8,YES,2026-03,DOWN
BLISSGVS,2025-Q4,M1_M2_DISAGREE,UP,65.00,SELL PUTS,SMALL_POSITION,After Month 2 (recovery signal),2025-10,DOWN,26.8,YES,2025-11,UP,16.9,YES,2025-12,UP
BLISSGVS,2026-Q1,M1_M2_DISAGREE,UP,65.00,SELL PUTS,SMALL_POSITION,After Month 2 (recovery signal),2026-01,DOWN,26.2,YES,2026-02,UP,46.8,YES,2026-03,DOWN
BLKASHYAP,2026-Q1,M1_M2_DISAGREE,UP,65.00,SELL PUTS,SMALL_POSITION,After Month 2 (recovery signal),2026-01,DOWN,66.2,NO,2026-02,UP,33.9,YES,2026-03,UP
BLS,2025-Q4,M1_M2_DISAGREE,UP,65.00,SELL PUTS,SMALL_POSITION,After Month 2 (recovery signal),2025-10,DOWN,9.3,NO,2025-11,UP,38.0,YES,2025-12,DOWN
BLS,2026-Q1,M1_M2_DISAGREE,UP,65.00,SELL PUTS,SMALL_POSITION,After Month 2 (recovery signal),2026-01,DOWN,82.5,NO,2026-02,UP,34.0,YES,2026-03,DOWN
BLSE,2025-Q4,M1_M2_DISAGREE,UP,65.00,SELL PUTS,SMALL_POSITION,After Month 2 (recovery signal),2025-10,DOWN,30.9,NO,2025-11,UP,88.0,YES,2025-12,DOWN
BLUECHIP,2026-Q1,M1_M2_DISAGREE,UP,65.00,SELL PUTS,SMALL_POSITION,After Month 2 (recovery signal),2026-01,DOWN,100.0,NO,2026-02,UP,58.1,YES,2026-03,DOWN
BLUEDART,2026-Q1,M1_M2_DISAGREE,UP,65.00,SELL PUTS,SMALL_POSITION,After Month 2 (recovery signal),2026-01,DOWN,11.4,NO,2026-02,UP,22.5,YES,2026-03,DOWN
BLUESTARCO,2026-Q1,M1_M2_DISAGREE,UP,65.00,SELL PUTS,SMALL_POSITION,After Month 2 (recovery signal),2026-01,DOWN,36.2,YES,2026-02,UP,48.1,YES,2026-03,DOWN
BMWVENTLTD,2026-Q1,M1_M2_DISAGREE,UP,65.00,SELL PUTS,SMALL_POSITION,After Month 2 (recovery signal),2026-01,DOWN,22.0,NO,2026-02,UP,74.3,YES,2026-03,UP
BOHRAIND,2025-Q4,M1_M2_DISAGREE,UP,65.00,SELL PUTS,SMALL_POSITION,After Month 2 (recovery signal),2025-10,DOWN,63.3,NO,2025-11,UP,20.6,NO,2025-12,DOWN
BOMDYEING,2026-Q1,M1_M2_DISAGREE,UP,65.00,SELL PUTS,SMALL_POSITION,After Month 2 (recovery signal),2026-01,DOWN,73.6,NO,2026-02,UP,12.1,NO,2026-03,DOWN
BORANA,2025-Q4,M1_M2_DISAGREE,UP,65.00,SELL PUTS,SMALL_POSITION,After Month 2 (recovery signal),2025-10,DOWN,3.0,NO,2025-11,UP,56.5,YES,2025-12,UP
BOSCH-HCIL,2026-Q1,M1_M2_DISAGREE,UP,65.00,SELL PUTS,SMALL_POSITION,After Month 2 (recovery signal),2026-01,DOWN,29.8,NO,2026-02,UP,11.1,YES,2026-03,DOWN
BPCL,2026-Q1,M1_M2_DISAGREE,UP,65.00,SELL PUTS,SMALL_POSITION,After Month 2 (recovery signal),2026-01,DOWN,51.4,NO,2026-02,UP,46.3,YES,2026-03,DOWN
BRIGHOTEL,2026-Q1,M1_M2_DISAGREE,UP,65.00,SELL PUTS,SMALL_POSITION,After Month 2 (recovery signal),2026-01,DOWN,50.9,NO,2026-02,UP,22.9,NO,2026-03,UP
BRITANNIA,2026-Q1,M1_M2_DISAGREE,UP,65.00,SELL PUTS,SMALL_POSITION,After Month 2 (recovery signal),2026-01,DOWN,30.5,NO,2026-02,UP,22.3,YES,2026-03,DOWN
BROOKS,2026-Q1,M1_M2_DISAGREE,UP,65.00,SELL PUTS,SMALL_POSITION,After Month 2 (recovery signal),2026-01,DOWN,99.2,NO,2026-02,UP,21.0,YES,2026-03,DOWN
BSE,2026-Q1,M1_M2_DISAGREE,UP,65.00,SELL PUTS,SMALL_POSITION,After Month 2 (recovery signal),2026-01,DOWN,44.5,YES,2026-02,UP,10.6,NO,2026-03,UP
BSE500IETF,2026-Q1,M1_M2_DISAGREE,UP,65.00,SELL PUTS,SMALL_POSITION,After Month 2 (recovery signal),2026-01,DOWN,34.4,NO,2026-02,UP,21.4,YES,2026-03,DOWN
BSHSL,2026-Q1,M1_M2_DISAGREE,UP,65.00,SELL PUTS,SMALL_POSITION,After Month 2 (recovery signal),2026-01,DOWN,78.0,NO,2026-02,UP,24.1,YES,2026-03,DOWN
BSLGOLDETF,2025-Q4,M1_M2_DISAGREE,UP,65.00,SELL PUTS,SMALL_POSITION,After Month 2 (recovery signal),2025-10,DOWN,16.2,YES,2025-11,UP,68.6,YES,2025-12,UP
BSLNIFTY,2026-Q1,M1_M2_DISAGREE,UP,65.00,SELL PUTS,SMALL_POSITION,After Month 2 (recovery signal),2026-01,DOWN,61.1,NO,2026-02,UP,35.8,NO,2026-03,DOWN
BSLSENETFG,2026-Q1,M1_M2_DISAGREE,UP,65.00,SELL PUTS,SMALL_POSITION,After Month 2 (recovery signal),2026-01,DOWN,21.6,NO,2026-02,UP,16.2,NO,2026-03,DOWN
BTML,2025-Q4,M1_M2_DISAGREE,UP,65.00,SELL PUTS,SMALL_POSITION,After Month 2 (recovery signal),2025-10,DOWN,46.9,NO,2025-11,UP,27.1,YES,2025-12,UP
BUILDPRO,2026-Q1,M1_M2_DISAGREE,UP,65.00,SELL PUTS,SMALL_POSITION,After Month 2 (recovery signal),2026-01,DOWN,41.6,NO,2026-02,UP,66.1,YES,2026-03,UP
CAMLINFINE,2026-Q1,M1_M2_DISAGREE,UP,65.00,SELL PUTS,SMALL_POSITION,After Month 2 (recovery signal),2026-01,DOWN,9.7,NO,2026-02,UP,6.8,YES,2026-03,DOWN
CAMPUS,2026-Q1,M1_M2_DISAGREE,UP,65.00,SELL PUTS,SMALL_POSITION,After Month 2 (recovery signal),2026-01,DOWN,37.1,NO,2026-02,UP,23.2,YES,2026-03,DOWN
CAMS,2025-Q4,M1_M2_DISAGREE,UP,65.00,SELL PUTS,SMALL_POSITION,After Month 2 (recovery signal),2025-10,DOWN,61.9,YES,2025-11,UP,12.3,NO,2025-12,DOWN
CAMS,2026-Q1,M1_M2_DISAGREE,UP,65.00,SELL PUTS,SMALL_POSITION,After Month 2 (recovery signal),2026-01,DOWN,53.0,NO,2026-02,UP,21.9,NO,2026-03,DOWN
CANBK,2026-Q1,M1_M2_DISAGREE,UP,65.00,SELL PUTS,SMALL_POSITION,After Month 2 (recovery signal),2026-01,DOWN,54.7,NO,2026-02,UP,46.5,YES,2026-03,DOWN
CAPACITE,2025-Q4,M1_M2_DISAGREE,UP,65.00,SELL PUTS,SMALL_POSITION,After Month 2 (recovery signal),2025-10,DOWN,22.5,NO,2025-11,UP,18.6,NO,2025-12,DOWN
CAPACITE,2026-Q1,M1_M2_DISAGREE,UP,65.00,SELL PUTS,SMALL_POSITION,After Month 2 (recovery signal),2026-01,DOWN,56.9,NO,2026-02,UP,34.5,YES,2026-03,DOWN
CAPITALSFB,2026-Q1,M1_M2_DISAGREE,UP,65.00,SELL PUTS,SMALL_POSITION,After Month 2 (recovery signal),2026-01,DOWN,41.0,NO,2026-02,UP,23.4,YES,2026-03,DOWN
CARBORUNIV,2025-Q4,M1_M2_DISAGREE,UP,65.00,SELL PUTS,SMALL_POSITION,After Month 2 (recovery signal),2025-10,DOWN,23.1,NO,2025-11,UP,34.3,NO,2025-12,DOWN
CARBORUNIV,2026-Q1,M1_M2_DISAGREE,UP,65.00,SELL PUTS,SMALL_POSITION,After Month 2 (recovery signal),2026-01,DOWN,65.8,NO,2026-02,UP,38.7,YES,2026-03,DOWN
CARERATING,2026-Q1,M1_M2_DISAGREE,UP,65.00,SELL PUTS,SMALL_POSITION,After Month 2 (recovery signal),2026-01,DOWN,5.4,YES,2026-02,UP,0.4,YES,2026-03,DOWN
CARRARO,2026-Q1,M1_M2_DISAGREE,UP,65.00,SELL PUTS,SMALL_POSITION,After Month 2 (recovery signal),2026-01,DOWN,6.6,NO,2026-02,UP,1.9,YES,2026-03,DOWN
CARYSIL,2026-Q1,M1_M2_DISAGREE,UP,65.00,SELL PUTS,SMALL_POSITION,After Month 2 (recovery signal),2026-01,DOWN,51.7,NO,2026-02,UP,34.9,YES,2026-03,DOWN
CASTROLIND,2026-Q1,M1_M2_DISAGREE,UP,65.00,SELL PUTS,SMALL_POSITION,After Month 2 (recovery signal),2026-01,DOWN,61.7,NO,2026-02,UP,38.1,YES,2026-03,UP
CCL,2025-Q4,M1_M2_DISAGREE,UP,65.00,SELL PUTS,SMALL_POSITION,After Month 2 (recovery signal),2025-10,DOWN,26.6,YES,2025-11,UP,63.8,YES,2025-12,UP
CDSL,2026-Q1,M1_M2_DISAGREE,UP,65.00,SELL PUTS,SMALL_POSITION,After Month 2 (recovery signal),2026-01,DOWN,67.7,NO,2026-02,UP,19.8,NO,2026-03,DOWN
CEIGALL,2026-Q1,M1_M2_DISAGREE,UP,65.00,SELL PUTS,SMALL_POSITION,After Month 2 (recovery signal),2026-01,DOWN,40.2,NO,2026-02,UP,44.0,YES,2026-03,DOWN
CEINSYS,2026-Q1,M1_M2_DISAGREE,UP,65.00,SELL PUTS,SMALL_POSITION,After Month 2 (recovery signal),2026-02,DOWN,55.9,NO,2026-03,UP,17.4,YES,NOT YET CLOSED,
CELEBRITY,2026-Q1,M1_M2_DISAGREE,UP,65.00,SELL PUTS,SMALL_POSITION,After Month 2 (recovery signal),2026-01,DOWN,53.3,NO,2026-02,UP,3.3,YES,2026-03,UP
CENTENKA,2026-Q1,M1_M2_DISAGREE,UP,65.00,SELL PUTS,SMALL_POSITION,After Month 2 (recovery signal),2026-01,DOWN,51.6,NO,2026-02,UP,1.2,YES,2026-03,DOWN
CENTRALBK,2026-Q1,M1_M2_DISAGREE,UP,65.00,SELL PUTS,SMALL_POSITION,After Month 2 (recovery signal),2026-01,DOWN,1.2,NO,2026-02,UP,70.0,YES,2026-03,DOWN
CENTRUM,2026-Q1,M1_M2_DISAGREE,UP,65.00,SELL PUTS,SMALL_POSITION,After Month 2 (recovery signal),2026-01,DOWN,68.5,NO,2026-02,UP,11.5,NO,2026-03,UP
CENTURYPLY,2025-Q4,M1_M2_DISAGREE,UP,65.00,SELL PUTS,SMALL_POSITION,After Month 2 (recovery signal),2025-10,DOWN,48.7,NO,2025-11,UP,56.2,YES,2025-12,UP
CESC,2026-Q1,M1_M2_DISAGREE,UP,65.00,SELL PUTS,SMALL_POSITION,After Month 2 (recovery signal),2026-01,DOWN,47.6,NO,2026-02,UP,39.8,YES,2026-03,UP
CGPOWER,2026-Q1,M1_M2_DISAGREE,UP,65.00,SELL PUTS,SMALL_POSITION,After Month 2 (recovery signal),2026-01,DOWN,47.5,NO,2026-02,UP,72.7,YES,2026-03,UP
CHAMBLFERT,2026-Q1,M1_M2_DISAGREE,UP,65.00,SELL PUTS,SMALL_POSITION,After Month 2 (recovery signal),2026-01,DOWN,59.7,NO,2026-02,UP,24.0,YES,2026-03,DOWN
CHEMBONDCH,2025-Q4,M1_M2_DISAGREE,UP,65.00,SELL PUTS,SMALL_POSITION,After Month 2 (recovery signal),2025-10,DOWN,49.1,NO,2025-11,UP,57.3,NO,2025-12,UP
CHEMBONDCH,2026-Q1,M1_M2_DISAGREE,UP,65.00,SELL PUTS,SMALL_POSITION,After Month 2 (recovery signal),2026-01,DOWN,18.8,NO,2026-02,UP,1.2,YES,2026-03,DOWN
CHEMICAL,2026-Q1,M1_M2_DISAGREE,UP,65.00,SELL PUTS,SMALL_POSITION,After Month 2 (recovery signal),2026-01,DOWN,47.6,NO,2026-02,UP,7.2,YES,2026-03,DOWN
CHEVIOT,2026-Q1,M1_M2_DISAGREE,UP,65.00,SELL PUTS,SMALL_POSITION,After Month 2 (recovery signal),2026-01,DOWN,70.4,NO,2026-02,UP,33.1,YES,2026-03,DOWN
CHOICEGOLD,2025-Q4,M1_M2_DISAGREE,UP,65.00,SELL PUTS,SMALL_POSITION,After Month 2 (recovery signal),2025-11,DOWN,76.0,YES,2025-12,UP,29.9,YES,NOT YET CLOSED,
CHOLAFIN,2026-Q1,M1_M2_DISAGREE,UP,65.00,SELL PUTS,SMALL_POSITION,After Month 2 (recovery signal),2026-01,DOWN,34.9,NO,2026-02,UP,45.1,YES,2026-03,DOWN
CHOLAHLDNG,2026-Q1,M1_M2_DISAGREE,UP,65.00,SELL PUTS,SMALL_POSITION,After Month 2 (recovery signal),2026-01,DOWN,47.3,NO,2026-02,UP,14.9,NO,2026-03,DOWN
CIEINDIA,2026-Q1,M1_M2_DISAGREE,UP,65.00,SELL PUTS,SMALL_POSITION,After Month 2 (recovery signal),2026-01,DOWN,5.9,YES,2026-02,UP,47.6,YES,2026-03,DOWN
CIPLA,2026-Q1,M1_M2_DISAGREE,UP,65.00,SELL PUTS,SMALL_POSITION,After Month 2 (recovery signal),2026-01,DOWN,72.5,NO,2026-02,UP,19.8,YES,2026-03,DOWN
CLSEL,2026-Q1,M1_M2_DISAGREE,UP,65.00,SELL PUTS,SMALL_POSITION,After Month 2 (recovery signal),2026-01,DOWN,39.7,NO,2026-02,UP,26.3,YES,2026-03,DOWN
CMICABLES,2025-Q4,M1_M2_DISAGREE,UP,65.00,SELL PUTS,SMALL_POSITION,After Month 2 (recovery signal),2025-10,DOWN,94.3,YES,2025-11,UP,100.0,YES,2025-12,UP
COASTCORP,2026-Q1,M1_M2_DISAGREE,UP,65.00,SELL PUTS,SMALL_POSITION,After Month 2 (recovery signal),2026-01,DOWN,8.8,NO,2026-02,UP,17.9,YES,2026-03,FLAT
COFFEEDAY,2026-Q1,M1_M2_DISAGREE,UP,65.00,SELL PUTS,SMALL_POSITION,After Month 2 (recovery signal),2026-01,DOWN,83.7,NO,2026-02,UP,11.2,NO,2026-03,DOWN
COLPAL,2026-Q1,M1_M2_DISAGREE,UP,65.00,SELL PUTS,SMALL_POSITION,After Month 2 (recovery signal),2026-01,DOWN,12.1,YES,2026-02,UP,60.2,YES,2026-03,DOWN
COMPINFO,2026-Q1,M1_M2_DISAGREE,UP,65.00,SELL PUTS,SMALL_POSITION,After Month 2 (recovery signal),2026-01,DOWN,62.5,NO,2026-02,UP,7.1,NO,2026-03,DOWN
CONCOR,2026-Q1,M1_M2_DISAGREE,UP,65.00,SELL PUTS,SMALL_POSITION,After Month 2 (recovery signal),2026-01,DOWN,40.3,NO,2026-02,UP,18.8,NO,2026-03,DOWN
CONCORDBIO,2025-Q4,M1_M2_DISAGREE,UP,65.00,SELL PUTS,SMALL_POSITION,After Month 2 (recovery signal),2025-10,DOWN,81.7,NO,2025-11,UP,19.7,NO,2025-12,DOWN
CONFIPET,2026-Q1,M1_M2_DISAGREE,UP,65.00,SELL PUTS,SMALL_POSITION,After Month 2 (recovery signal),2026-01,DOWN,67.5,NO,2026-02,UP,4.2,YES,2026-03,UP
CONSUMBEES,2026-Q1,M1_M2_DISAGREE,UP,65.00,SELL PUTS,SMALL_POSITION,After Month 2 (recovery signal),2026-01,DOWN,78.0,NO,2026-02,UP,7.1,YES,2026-03,DOWN
CONSUMER,2026-Q1,M1_M2_DISAGREE,UP,65.00,SELL PUTS,SMALL_POSITION,After Month 2 (recovery signal),2026-01,DOWN,58.2,NO,2026-02,UP,8.7,YES,2026-03,DOWN
CONSUMIETF,2026-Q1,M1_M2_DISAGREE,UP,65.00,SELL PUTS,SMALL_POSITION,After Month 2 (recovery signal),2026-01,DOWN,43.7,NO,2026-02,UP,11.2,YES,2026-03,DOWN
CONTROLPR,2025-Q4,M1_M2_DISAGREE,UP,65.00,SELL PUTS,SMALL_POSITION,After Month 2 (recovery signal),2025-10,DOWN,54.2,NO,2025-11,UP,15.4,YES,2025-12,DOWN
CORDSCABLE,2026-Q1,M1_M2_DISAGREE,UP,65.00,SELL PUTS,SMALL_POSITION,After Month 2 (recovery signal),2026-01,DOWN,53.5,NO,2026-02,UP,30.9,YES,2026-03,DOWN
COROMANDEL,2025-Q4,M1_M2_DISAGREE,UP,65.00,SELL PUTS,SMALL_POSITION,After Month 2 (recovery signal),2025-10,DOWN,39.8,NO,2025-11,UP,83.2,YES,2025-12,DOWN
COROMANDEL,2026-Q1,M1_M2_DISAGREE,UP,65.00,SELL PUTS,SMALL_POSITION,After Month 2 (recovery signal),2026-01,DOWN,19.5,NO,2026-02,UP,28.8,NO,2026-03,DOWN
CORONA,2026-Q1,M1_M2_DISAGREE,UP,65.00,SELL PUTS,SMALL_POSITION,After Month 2 (recovery signal),2026-01,DOWN,54.6,YES,2026-02,UP,45.6,YES,2026-03,DOWN
COSMOFIRST,2026-Q1,M1_M2_DISAGREE,UP,65.00,SELL PUTS,SMALL_POSITION,After Month 2 (recovery signal),2026-01,DOWN,66.4,NO,2026-02,UP,63.3,YES,2026-03,DOWN
CPPLUS,2026-Q1,M1_M2_DISAGREE,UP,65.00,SELL PUTS,SMALL_POSITION,After Month 2 (recovery signal),2026-01,DOWN,57.5,NO,2026-02,UP,92.4,YES,2026-03,DOWN
CRAFTSMAN,2026-Q1,M1_M2_DISAGREE,UP,65.00,SELL PUTS,SMALL_POSITION,After Month 2 (recovery signal),2026-01,DOWN,29.1,NO,2026-02,UP,15.0,YES,2026-03,DOWN
CRAMC,2026-Q1,M1_M2_DISAGREE,UP,65.00,SELL PUTS,SMALL_POSITION,After Month 2 (recovery signal),2026-01,DOWN,86.8,NO,2026-02,UP,2.0,NO,2026-03,UP
CREATIVEYE,2026-Q1,M1_M2_DISAGREE,UP,65.00,SELL PUTS,SMALL_POSITION,After Month 2 (recovery signal),2026-01,DOWN,43.3,NO,2026-02,UP,5.8,NO,2026-03,UP
CROMPTON,2026-Q1,M1_M2_DISAGREE,UP,65.00,SELL PUTS,SMALL_POSITION,After Month 2 (recovery signal),2026-01,DOWN,62.9,NO,2026-02,UP,59.6,YES,2026-03,DOWN
CROWN,2025-Q4,M1_M2_DISAGREE,UP,65.00,SELL PUTS,SMALL_POSITION,After Month 2 (recovery signal),2025-10,DOWN,38.8,NO,2025-11,UP,33.1,NO,2025-12,UP
CROWN,2026-Q1,M1_M2_DISAGREE,UP,65.00,SELL PUTS,SMALL_POSITION,After Month 2 (recovery signal),2026-01,DOWN,49.8,NO,2026-02,UP,6.9,YES,2026-03,UP
CSLFINANCE,2025-Q4,M1_M2_DISAGREE,UP,65.00,SELL PUTS,SMALL_POSITION,After Month 2 (recovery signal),2025-10,DOWN,45.8,NO,2025-11,UP,10.9,YES,2025-12,UP
CUMMINSIND,2026-Q1,M1_M2_DISAGREE,UP,65.00,SELL PUTS,SMALL_POSITION,After Month 2 (recovery signal),2026-01,DOWN,55.2,NO,2026-02,UP,79.0,YES,2026-03,DOWN
CUPID,2026-Q1,M1_M2_DISAGREE,UP,65.00,SELL PUTS,SMALL_POSITION,After Month 2 (recovery signal),2026-01,DOWN,64.0,NO,2026-02,UP,12.9,NO,2026-03,DOWN
DALMIASUG,2026-Q1,M1_M2_DISAGREE,UP,65.00,SELL PUTS,SMALL_POSITION,After Month 2 (recovery signal),2026-01,DOWN,66.0,NO,2026-02,UP,71.6,YES,2026-03,DOWN
DANGEE,2026-Q1,M1_M2_DISAGREE,UP,65.00,SELL PUTS,SMALL_POSITION,After Month 2 (recovery signal),2026-01,DOWN,47.6,NO,2026-02,UP,10.2,NO,2026-03,DOWN
DATAMATICS,2026-Q1,M1_M2_DISAGREE,UP,65.00,SELL PUTS,SMALL_POSITION,After Month 2 (recovery signal),2026-01,DOWN,57.0,NO,2026-02,UP,32.6,YES,2026-03,UP
DATAPATTNS,2026-Q1,M1_M2_DISAGREE,UP,65.00,SELL PUTS,SMALL_POSITION,After Month 2 (recovery signal),2026-01,DOWN,7.0,YES,2026-02,UP,50.1,YES,2026-03,DOWN
DAVANGERE,2025-Q4,M1_M2_DISAGREE,UP,65.00,SELL PUTS,SMALL_POSITION,After Month 2 (recovery signal),2025-10,DOWN,5.3,YES,2025-11,UP,34.3,YES,2025-12,DOWN
DBREALTY,2026-Q1,M1_M2_DISAGREE,UP,65.00,SELL PUTS,SMALL_POSITION,After Month 2 (recovery signal),2026-01,DOWN,41.7,NO,2026-02,UP,18.6,YES,2026-03,DOWN
DBSTOCKBRO,2026-Q1,M1_M2_DISAGREE,UP,65.00,SELL PUTS,SMALL_POSITION,After Month 2 (recovery signal),2026-01,DOWN,15.3,NO,2026-02,UP,0.3,YES,2026-03,DOWN
DCI,2026-Q1,M1_M2_DISAGREE,UP,65.00,SELL PUTS,SMALL_POSITION,After Month 2 (recovery signal),2026-01,DOWN,49.0,NO,2026-02,UP,30.7,YES,2026-03,UP
DCMFINSERV,2025-Q4,M1_M2_DISAGREE,UP,65.00,SELL PUTS,SMALL_POSITION,After Month 2 (recovery signal),2025-10,DOWN,16.5,NO,2025-11,UP,18.6,NO,2025-12,FLAT
DCMFINSERV,2026-Q1,M1_M2_DISAGREE,UP,65.00,SELL PUTS,SMALL_POSITION,After Month 2 (recovery signal),2026-01,DOWN,72.7,NO,2026-02,UP,1.4,NO,2026-03,UP
DCW,2026-Q1,M1_M2_DISAGREE,UP,65.00,SELL PUTS,SMALL_POSITION,After Month 2 (recovery signal),2026-01,DOWN,76.9,NO,2026-02,UP,10.6,YES,2026-03,DOWN
DCXINDIA,2026-Q1,M1_M2_DISAGREE,UP,65.00,SELL PUTS,SMALL_POSITION,After Month 2 (recovery signal),2026-01,DOWN,37.7,NO,2026-02,UP,13.3,NO,2026-03,DOWN
DECCANCE,2026-Q1,M1_M2_DISAGREE,UP,65.00,SELL PUTS,SMALL_POSITION,After Month 2 (recovery signal),2026-01,DOWN,93.8,NO,2026-02,UP,56.7,YES,2026-03,DOWN
DEEDEV,2026-Q1,M1_M2_DISAGREE,UP,65.00,SELL PUTS,SMALL_POSITION,After Month 2 (recovery signal),2026-01,DOWN,45.9,NO,2026-02,UP,81.3,YES,2026-03,UP
DEEPAKFERT,2026-Q1,M1_M2_DISAGREE,UP,65.00,SELL PUTS,SMALL_POSITION,After Month 2 (recovery signal),2026-01,DOWN,79.9,NO,2026-02,UP,41.1,NO,2026-03,UP
DEEPAKNTR,2026-Q1,M1_M2_DISAGREE,UP,65.00,SELL PUTS,SMALL_POSITION,After Month 2 (recovery signal),2026-01,DOWN,39.6,NO,2026-02,UP,36.9,NO,2026-03,DOWN
DELPHIFX,2025-Q4,M1_M2_DISAGREE,UP,65.00,SELL PUTS,SMALL_POSITION,After Month 2 (recovery signal),2025-10,DOWN,64.7,NO,2025-11,UP,49.0,YES,2025-12,UP
DEN,2026-Q1,M1_M2_DISAGREE,UP,65.00,SELL PUTS,SMALL_POSITION,After Month 2 (recovery signal),2026-01,DOWN,60.0,NO,2026-02,UP,0.0,NO,2026-03,DOWN
DENORA,2026-Q1,M1_M2_DISAGREE,UP,65.00,SELL PUTS,SMALL_POSITION,After Month 2 (recovery signal),2026-01,DOWN,43.6,NO,2026-02,UP,63.5,YES,2026-03,UP
DEVX,2025-Q4,M1_M2_DISAGREE,UP,65.00,SELL PUTS,SMALL_POSITION,After Month 2 (recovery signal),2025-10,DOWN,67.8,NO,2025-11,UP,12.3,YES,2025-12,DOWN
DEVX,2026-Q1,M1_M2_DISAGREE,UP,65.00,SELL PUTS,SMALL_POSITION,After Month 2 (recovery signal),2026-01,DOWN,32.0,NO,2026-02,UP,37.0,YES,2026-03,DOWN
DEVYANI,2026-Q1,M1_M2_DISAGREE,UP,65.00,SELL PUTS,SMALL_POSITION,After Month 2 (recovery signal),2026-01,DOWN,63.0,NO,2026-02,UP,43.4,YES,2026-03,DOWN
DGCONTENT,2026-Q1,M1_M2_DISAGREE,UP,65.00,SELL PUTS,SMALL_POSITION,After Month 2 (recovery signal),2026-01,DOWN,72.7,NO,2026-02,UP,17.8,YES,2026-03,DOWN
DHAMPURSUG,2026-Q1,M1_M2_DISAGREE,UP,65.00,SELL PUTS,SMALL_POSITION,After Month 2 (recovery signal),2026-01,DOWN,50.1,NO,2026-02,UP,55.5,YES,2026-03,DOWN
DHANBANK,2026-Q1,M1_M2_DISAGREE,UP,65.00,SELL PUTS,SMALL_POSITION,After Month 2 (recovery signal),2026-01,DOWN,16.3,NO,2026-02,UP,28.7,NO,2026-03,UP
DIACABS,2026-Q1,M1_M2_DISAGREE,UP,65.00,SELL PUTS,SMALL_POSITION,After Month 2 (recovery signal),2026-01,DOWN,55.0,NO,2026-02,UP,53.9,YES,2026-03,DOWN
DIAMINESQ,2025-Q4,M1_M2_DISAGREE,UP,65.00,SELL PUTS,SMALL_POSITION,After Month 2 (recovery signal),2025-10,DOWN,75.1,NO,2025-11,UP,2.6,YES,2025-12,DOWN
DIAMINESQ,2026-Q1,M1_M2_DISAGREE,UP,65.00,SELL PUTS,SMALL_POSITION,After Month 2 (recovery signal),2026-01,DOWN,16.9,NO,2026-02,UP,48.0,NO,2026-03,DOWN
DICIND,2025-Q4,M1_M2_DISAGREE,UP,65.00,SELL PUTS,SMALL_POSITION,After Month 2 (recovery signal),2025-10,DOWN,8.3,YES,2025-11,UP,16.6,YES,2025-12,DOWN
DIFFNKG,2026-Q1,M1_M2_DISAGREE,UP,65.00,SELL PUTS,SMALL_POSITION,After Month 2 (recovery signal),2026-01,DOWN,93.0,NO,2026-02,UP,25.1,YES,2026-03,DOWN
DIGIDRIVE,2026-Q1,M1_M2_DISAGREE,UP,65.00,SELL PUTS,SMALL_POSITION,After Month 2 (recovery signal),2026-01,DOWN,88.5,NO,2026-02,UP,16.2,NO,2026-03,UP
DIL,2025-Q4,M1_M2_DISAGREE,UP,65.00,SELL PUTS,SMALL_POSITION,After Month 2 (recovery signal),2025-10,DOWN,60.0,NO,2025-11,UP,27.9,NO,2025-12,DOWN
DIL,2026-Q1,M1_M2_DISAGREE,UP,65.00,SELL PUTS,SMALL_POSITION,After Month 2 (recovery signal),2026-01,DOWN,82.2,NO,2026-02,UP,7.7,NO,2026-03,DOWN
DISHTV,2026-Q1,M1_M2_DISAGREE,UP,65.00,SELL PUTS,SMALL_POSITION,After Month 2 (recovery signal),2026-01,DOWN,50.5,NO,2026-02,UP,67.9,NO,2026-03,DOWN
DIVGIITTS,2026-Q1,M1_M2_DISAGREE,UP,65.00,SELL PUTS,SMALL_POSITION,After Month 2 (recovery signal),2026-01,DOWN,12.0,NO,2026-02,UP,55.6,YES,2026-03,UP
DIVISLAB,2026-Q1,M1_M2_DISAGREE,UP,65.00,SELL PUTS,SMALL_POSITION,After Month 2 (recovery signal),2026-01,DOWN,48.0,NO,2026-02,UP,34.9,YES,2026-03,DOWN
DIXON,2026-Q1,M1_M2_DISAGREE,UP,65.00,SELL PUTS,SMALL_POSITION,After Month 2 (recovery signal),2026-01,DOWN,68.3,NO,2026-02,UP,3.7,NO,2026-03,UP
DLF,2026-Q1,M1_M2_DISAGREE,UP,65.00,SELL PUTS,SMALL_POSITION,After Month 2 (recovery signal),2026-01,DOWN,43.0,NO,2026-02,UP,44.0,NO,2026-03,DOWN
DOLLAR,2025-Q4,M1_M2_DISAGREE,UP,65.00,SELL PUTS,SMALL_POSITION,After Month 2 (recovery signal),2025-10,DOWN,53.7,NO,2025-11,UP,20.8,NO,2025-12,UP
DONEAR,2026-Q1,M1_M2_DISAGREE,UP,65.00,SELL PUTS,SMALL_POSITION,After Month 2 (recovery signal),2026-01,DOWN,43.7,NO,2026-02,UP,3.2,YES,2026-03,UP
DPABHUSHAN,2025-Q4,M1_M2_DISAGREE,UP,65.00,SELL PUTS,SMALL_POSITION,After Month 2 (recovery signal),2025-10,DOWN,19.0,NO,2025-11,UP,55.8,YES,2025-12,DOWN
DPSCLTD,2026-Q1,M1_M2_DISAGREE,UP,65.00,SELL PUTS,SMALL_POSITION,After Month 2 (recovery signal),2026-01,DOWN,57.8,NO,2026-02,UP,21.3,YES,2026-03,DOWN
DRCSYSTEMS,2026-Q1,M1_M2_DISAGREE,UP,65.00,SELL PUTS,SMALL_POSITION,After Month 2 (recovery signal),2026-01,DOWN,61.6,NO,2026-02,UP,13.0,NO,2026-03,DOWN
DRREDDY,2025-Q4,M1_M2_DISAGREE,UP,65.00,SELL PUTS,SMALL_POSITION,After Month 2 (recovery signal),2025-10,DOWN,24.4,NO,2025-11,UP,81.2,YES,2025-12,DOWN
DRREDDY,2026-Q1,M1_M2_DISAGREE,UP,65.00,SELL PUTS,SMALL_POSITION,After Month 2 (recovery signal),2026-01,DOWN,46.7,NO,2026-02,UP,43.7,YES,2026-03,UP
DSSL,2026-Q1,M1_M2_DISAGREE,UP,65.00,SELL PUTS,SMALL_POSITION,After Month 2 (recovery signal),2026-01,DOWN,64.3,NO,2026-02,UP,14.5,YES,2026-03,FLAT
DTIL,2025-Q4,M1_M2_DISAGREE,UP,65.00,SELL PUTS,SMALL_POSITION,After Month 2 (recovery signal),2025-10,DOWN,53.9,NO,2025-11,UP,25.7,NO,2025-12,UP
DUCON,2026-Q1,M1_M2_DISAGREE,UP,65.00,SELL PUTS,SMALL_POSITION,After Month 2 (recovery signal),2026-01,DOWN,43.2,NO,2026-02,UP,8.3,YES,2026-03,DOWN
DWARKESH,2026-Q1,M1_M2_DISAGREE,UP,65.00,SELL PUTS,SMALL_POSITION,After Month 2 (recovery signal),2026-01,DOWN,37.4,NO,2026-02,UP,38.0,YES,2026-03,UP
DYNAMATECH,2026-Q1,M1_M2_DISAGREE,UP,65.00,SELL PUTS,SMALL_POSITION,After Month 2 (recovery signal),2026-01,DOWN,34.4,NO,2026-02,UP,43.2,YES,2026-03,DOWN
DYNPRO,2026-Q1,M1_M2_DISAGREE,UP,65.00,SELL PUTS,SMALL_POSITION,After Month 2 (recovery signal),2026-01,DOWN,78.5,NO,2026-02,UP,28.1,YES,2026-03,DOWN
EASEMYTRIP,2026-Q1,M1_M2_DISAGREE,UP,65.00,SELL PUTS,SMALL_POSITION,After Month 2 (recovery signal),2026-01,DOWN,75.4,NO,2026-02,UP,52.0,YES,2026-03,DOWN
EBANKNIFTY,2026-Q1,M1_M2_DISAGREE,UP,65.00,SELL PUTS,SMALL_POSITION,After Month 2 (recovery signal),2026-01,DOWN,9.3,NO,2026-02,UP,6.0,YES,2026-03,DOWN
EBBETF0431,2026-Q1,M1_M2_DISAGREE,UP,65.00,SELL PUTS,SMALL_POSITION,After Month 2 (recovery signal),2026-01,DOWN,69.9,NO,2026-02,UP,24.2,YES,2026-03,DOWN
EBGNG,2026-Q1,M1_M2_DISAGREE,UP,65.00,SELL PUTS,SMALL_POSITION,After Month 2 (recovery signal),2026-01,DOWN,71.8,NO,2026-02,UP,100.0,YES,2026-03,UP
ECAPINSURE,2026-Q1,M1_M2_DISAGREE,UP,65.00,SELL PUTS,SMALL_POSITION,After Month 2 (recovery signal),2026-01,DOWN,19.7,YES,2026-02,UP,10.5,YES,2026-03,DOWN
ECOSMOBLTY,2025-Q4,M1_M2_DISAGREE,UP,65.00,SELL PUTS,SMALL_POSITION,After Month 2 (recovery signal),2025-10,DOWN,79.4,NO,2025-11,UP,46.4,YES,2025-12,DOWN
EDELWEISS,2026-Q1,M1_M2_DISAGREE,UP,65.00,SELL PUTS,SMALL_POSITION,After Month 2 (recovery signal),2026-01,DOWN,7.6,NO,2026-02,UP,24.5,YES,2026-03,DOWN
EDUCOMP,2026-Q1,M1_M2_DISAGREE,UP,65.00,SELL PUTS,SMALL_POSITION,After Month 2 (recovery signal),2026-01,DOWN,66.7,NO,2026-02,UP,16.7,YES,2026-03,DOWN
EGOLD,2025-Q4,M1_M2_DISAGREE,UP,65.00,SELL PUTS,SMALL_POSITION,After Month 2 (recovery signal),2025-10,DOWN,20.6,YES,2025-11,UP,51.0,YES,2025-12,UP
EICHERMOT,2025-Q4,M1_M2_DISAGREE,UP,65.00,SELL PUTS,SMALL_POSITION,After Month 2 (recovery signal),2025-10,DOWN,4.5,YES,2025-11,UP,2.4,YES,2025-12,UP
EICHERMOT,2026-Q1,M1_M2_DISAGREE,UP,65.00,SELL PUTS,SMALL_POSITION,After Month 2 (recovery signal),2026-01,DOWN,24.6,NO,2026-02,UP,59.8,YES,2026-03,DOWN
EIHAHOTELS,2026-Q1,M1_M2_DISAGREE,UP,65.00,SELL PUTS,SMALL_POSITION,After Month 2 (recovery signal),2026-01,DOWN,52.9,NO,2026-02,UP,7.4,NO,2026-03,DOWN
EIHOTEL,2026-Q1,M1_M2_DISAGREE,UP,65.00,SELL PUTS,SMALL_POSITION,After Month 2 (recovery signal),2026-01,DOWN,77.2,NO,2026-02,UP,0.1,YES,2026-03,UP
ELDEHSG,2026-Q1,M1_M2_DISAGREE,UP,65.00,SELL PUTS,SMALL_POSITION,After Month 2 (recovery signal),2026-01,DOWN,62.6,NO,2026-02,UP,26.0,YES,2026-03,DOWN
ELECON,2026-Q1,M1_M2_DISAGREE,UP,65.00,SELL PUTS,SMALL_POSITION,After Month 2 (recovery signal),2026-01,DOWN,44.0,NO,2026-02,UP,0.9,YES,2026-03,DOWN
ELECTCAST,2026-Q1,M1_M2_DISAGREE,UP,65.00,SELL PUTS,SMALL_POSITION,After Month 2 (recovery signal),2026-01,DOWN,65.1,NO,2026-02,UP,16.2,NO,2026-03,UP
ELGIEQUIP,2026-Q1,M1_M2_DISAGREE,UP,65.00,SELL PUTS,SMALL_POSITION,After Month 2 (recovery signal),2026-01,DOWN,52.2,NO,2026-02,UP,77.2,YES,2026-03,DOWN
EMAMIPAP,2026-Q1,M1_M2_DISAGREE,UP,65.00,SELL PUTS,SMALL_POSITION,After Month 2 (recovery signal),2026-01,DOWN,35.2,NO,2026-02,UP,14.1,YES,2026-03,DOWN
EMIL,2026-Q1,M1_M2_DISAGREE,UP,65.00,SELL PUTS,SMALL_POSITION,After Month 2 (recovery signal),2026-01,DOWN,45.0,NO,2026-02,UP,34.8,YES,2026-03,DOWN
EMKAY,2026-Q1,M1_M2_DISAGREE,UP,65.00,SELL PUTS,SMALL_POSITION,After Month 2 (recovery signal),2026-01,DOWN,68.9,NO,2026-02,UP,28.4,NO,2026-03,DOWN
EMULTIMQ,2026-Q1,M1_M2_DISAGREE,UP,65.00,SELL PUTS,SMALL_POSITION,After Month 2 (recovery signal),2026-01,DOWN,42.8,NO,2026-02,UP,8.9,NO,2026-03,DOWN
ENDURANCE,2026-Q1,M1_M2_DISAGREE,UP,65.00,SELL PUTS,SMALL_POSITION,After Month 2 (recovery signal),2026-01,DOWN,50.0,NO,2026-02,UP,71.9,YES,2026-03,DOWN
ENERGY,2025-Q4,M1_M2_DISAGREE,UP,65.00,SELL PUTS,SMALL_POSITION,After Month 2 (recovery signal),2025-11,DOWN,8.1,NO,2025-12,UP,44.1,NO,NOT YET CLOSED,
ENGINERSIN,2026-Q1,M1_M2_DISAGREE,UP,65.00,SELL PUTS,SMALL_POSITION,After Month 2 (recovery signal),2026-01,DOWN,62.6,NO,2026-02,UP,66.4,YES,2026-03,DOWN
ENIFTY,2026-Q1,M1_M2_DISAGREE,UP,65.00,SELL PUTS,SMALL_POSITION,After Month 2 (recovery signal),2026-01,DOWN,55.4,NO,2026-02,UP,13.4,NO,2026-03,DOWN
ENRIN,2026-Q1,M1_M2_DISAGREE,UP,65.00,SELL PUTS,SMALL_POSITION,After Month 2 (recovery signal),2026-01,DOWN,15.4,NO,2026-02,UP,68.4,YES,2026-03,DOWN
EPACK,2026-Q1,M1_M2_DISAGREE,UP,65.00,SELL PUTS,SMALL_POSITION,After Month 2 (recovery signal),2026-01,DOWN,71.0,NO,2026-02,UP,38.0,YES,2026-03,UP
EPL,2025-Q4,M1_M2_DISAGREE,UP,65.00,SELL PUTS,SMALL_POSITION,After Month 2 (recovery signal),2025-10,DOWN,20.2,NO,2025-11,UP,12.1,YES,2025-12,UP
EPL,2026-Q1,M1_M2_DISAGREE,UP,65.00,SELL PUTS,SMALL_POSITION,After Month 2 (recovery signal),2026-01,DOWN,84.1,NO,2026-02,UP,63.4,YES,2026-03,DOWN
EQUAL200,2026-Q1,M1_M2_DISAGREE,UP,65.00,SELL PUTS,SMALL_POSITION,After Month 2 (recovery signal),2026-01,DOWN,36.8,NO,2026-02,UP,30.1,YES,2026-03,DOWN
EQUAL50,2026-Q1,M1_M2_DISAGREE,UP,65.00,SELL PUTS,SMALL_POSITION,After Month 2 (recovery signal),2026-01,DOWN,34.7,NO,2026-02,UP,24.5,YES,2026-03,DOWN
EQUAL50ADD,2026-Q1,M1_M2_DISAGREE,UP,65.00,SELL PUTS,SMALL_POSITION,After Month 2 (recovery signal),2026-01,DOWN,53.7,NO,2026-02,UP,14.3,YES,2026-03,DOWN
EQUIPPP,2026-Q1,M1_M2_DISAGREE,UP,65.00,SELL PUTS,SMALL_POSITION,After Month 2 (recovery signal),2026-01,DOWN,84.3,NO,2026-02,UP,60.0,YES,2026-03,DOWN
ESABINDIA,2026-Q1,M1_M2_DISAGREE,UP,65.00,SELL PUTS,SMALL_POSITION,After Month 2 (recovery signal),2026-01,DOWN,55.8,NO,2026-02,UP,10.8,YES,2026-03,UP
ESCORTS,2026-Q1,M1_M2_DISAGREE,UP,65.00,SELL PUTS,SMALL_POSITION,After Month 2 (recovery signal),2026-01,DOWN,49.8,NO,2026-02,UP,24.6,YES,2026-03,DOWN
ESENSEX,2026-Q1,M1_M2_DISAGREE,UP,65.00,SELL PUTS,SMALL_POSITION,After Month 2 (recovery signal),2026-01,DOWN,58.0,NO,2026-02,UP,22.2,NO,2026-03,DOWN
ESG,2026-Q1,M1_M2_DISAGREE,UP,65.00,SELL PUTS,SMALL_POSITION,After Month 2 (recovery signal),2026-01,DOWN,61.8,NO,2026-02,UP,22.0,NO,2026-03,DOWN
ESILVER,2025-Q4,M1_M2_DISAGREE,UP,65.00,SELL PUTS,SMALL_POSITION,After Month 2 (recovery signal),2025-10,DOWN,8.1,YES,2025-11,UP,60.5,YES,2025-12,UP
ESSARSHPNG,2026-Q1,M1_M2_DISAGREE,UP,65.00,SELL PUTS,SMALL_POSITION,After Month 2 (recovery signal),2026-01,DOWN,8.3,NO,2026-02,UP,27.4,NO,2026-03,DOWN
ESTER,2026-Q1,M1_M2_DISAGREE,UP,65.00,SELL PUTS,SMALL_POSITION,After Month 2 (recovery signal),2026-01,DOWN,55.1,NO,2026-02,UP,59.1,YES,2026-03,DOWN
EUROPRATIK,2026-Q1,M1_M2_DISAGREE,UP,65.00,SELL PUTS,SMALL_POSITION,After Month 2 (recovery signal),2026-01,DOWN,70.5,NO,2026-02,UP,38.9,YES,2026-03,DOWN
EVEREADY,2026-Q1,M1_M2_DISAGREE,UP,65.00,SELL PUTS,SMALL_POSITION,After Month 2 (recovery signal),2026-01,DOWN,13.2,YES,2026-02,UP,9.3,NO,2026-03,DOWN
EVIETF,2026-Q1,M1_M2_DISAGREE,UP,65.00,SELL PUTS,SMALL_POSITION,After Month 2 (recovery signal),2026-01,DOWN,37.7,NO,2026-02,UP,22.3,YES,2026-03,DOWN
EVINDIA,2026-Q1,M1_M2_DISAGREE,UP,65.00,SELL PUTS,SMALL_POSITION,After Month 2 (recovery signal),2026-01,DOWN,53.4,NO,2026-02,UP,47.0,YES,2026-03,DOWN
EXCEL,2025-Q4,M1_M2_DISAGREE,UP,65.00,SELL PUTS,SMALL_POSITION,After Month 2 (recovery signal),2025-10,DOWN,51.3,NO,2025-11,UP,9.7,NO,2025-12,UP
EXCELINDUS,2026-Q1,M1_M2_DISAGREE,UP,65.00,SELL PUTS,SMALL_POSITION,After Month 2 (recovery signal),2026-01,DOWN,1.5,YES,2026-02,UP,14.5,YES,2026-03,DOWN
EXCELSOFT,2026-Q1,M1_M2_DISAGREE,UP,65.00,SELL PUTS,SMALL_POSITION,After Month 2 (recovery signal),2026-01,DOWN,86.7,NO,2026-02,UP,59.2,YES,2026-03,DOWN
EXIDEIND,2026-Q1,M1_M2_DISAGREE,UP,65.00,SELL PUTS,SMALL_POSITION,After Month 2 (recovery signal),2026-01,DOWN,65.1,NO,2026-02,UP,27.8,YES,2026-03,DOWN
EXXARO,2025-Q4,M1_M2_DISAGREE,UP,65.00,SELL PUTS,SMALL_POSITION,After Month 2 (recovery signal),2025-10,DOWN,46.9,NO,2025-11,UP,18.5,YES,2025-12,DOWN
EXXARO,2026-Q1,M1_M2_DISAGREE,UP,65.00,SELL PUTS,SMALL_POSITION,After Month 2 (recovery signal),2026-01,DOWN,82.5,NO,2026-02,UP,52.1,YES,2026-03,DOWN
FABTECH,2026-Q1,M1_M2_DISAGREE,UP,65.00,SELL PUTS,SMALL_POSITION,After Month 2 (recovery signal),2026-01,DOWN,70.7,NO,2026-02,UP,41.6,NO,2026-03,UP
FAZE3Q,2026-Q1,M1_M2_DISAGREE,UP,65.00,SELL PUTS,SMALL_POSITION,After Month 2 (recovery signal),2026-01,DOWN,38.3,NO,2026-02,UP,30.4,YES,2026-03,DOWN
FCL,2026-Q1,M1_M2_DISAGREE,UP,65.00,SELL PUTS,SMALL_POSITION,After Month 2 (recovery signal),2026-01,DOWN,61.9,NO,2026-02,UP,28.0,YES,2026-03,UP
FCONSUMER,2025-Q4,M1_M2_DISAGREE,UP,65.00,SELL PUTS,SMALL_POSITION,After Month 2 (recovery signal),2025-10,DOWN,0.0,NO,2025-11,UP,100.0,YES,2025-12,DOWN
FCSSOFT,2026-Q1,M1_M2_DISAGREE,UP,65.00,SELL PUTS,SMALL_POSITION,After Month 2 (recovery signal),2026-01,DOWN,63.8,NO,2026-02,UP,2.9,YES,2026-03,DOWN
FEDFINA,2025-Q4,M1_M2_DISAGREE,UP,65.00,SELL PUTS,SMALL_POSITION,After Month 2 (recovery signal),2025-10,DOWN,47.3,NO,2025-11,UP,11.9,YES,2025-12,UP
FEL,2025-Q4,M1_M2_DISAGREE,UP,65.00,SELL PUTS,SMALL_POSITION,After Month 2 (recovery signal),2025-10,DOWN,92.9,NO,2025-11,UP,18.2,YES,2025-12,UP
FEL,2026-Q1,M1_M2_DISAGREE,UP,65.00,SELL PUTS,SMALL_POSITION,After Month 2 (recovery signal),2026-01,DOWN,40.0,NO,2026-02,UP,20.0,NO,2026-03,DOWN
FELDVR,2026-Q1,M1_M2_DISAGREE,UP,65.00,SELL PUTS,SMALL_POSITION,After Month 2 (recovery signal),2026-01,DOWN,40.6,NO,2026-02,UP,28.6,YES,2026-03,DOWN
FIEMIND,2026-Q1,M1_M2_DISAGREE,UP,65.00,SELL PUTS,SMALL_POSITION,After Month 2 (recovery signal),2026-01,DOWN,27.0,NO,2026-02,UP,1.7,YES,2026-03,DOWN
FINCABLES,2026-Q1,M1_M2_DISAGREE,UP,65.00,SELL PUTS,SMALL_POSITION,After Month 2 (recovery signal),2026-01,DOWN,30.5,NO,2026-02,UP,78.9,YES,2026-03,DOWN
FINEORG,2025-Q4,M1_M2_DISAGREE,UP,65.00,SELL PUTS,SMALL_POSITION,After Month 2 (recovery signal),2025-10,DOWN,9.9,NO,2025-11,UP,4.2,NO,2025-12,DOWN
FINEORG,2026-Q1,M1_M2_DISAGREE,UP,65.00,SELL PUTS,SMALL_POSITION,After Month 2 (recovery signal),2026-01,DOWN,21.5,YES,2026-02,UP,58.3,YES,2026-03,DOWN
FINIETF,2026-Q1,M1_M2_DISAGREE,UP,65.00,SELL PUTS,SMALL_POSITION,After Month 2 (recovery signal),2026-01,DOWN,61.6,NO,2026-02,UP,13.2,YES,2026-03,DOWN
FINPIPE,2026-Q1,M1_M2_DISAGREE,UP,65.00,SELL PUTS,SMALL_POSITION,After Month 2 (recovery signal),2026-01,DOWN,12.0,YES,2026-02,UP,29.2,YES,2026-03,UP
FISCHER,2026-Q1,M1_M2_DISAGREE,UP,65.00,SELL PUTS,SMALL_POSITION,After Month 2 (recovery signal),2026-01,DOWN,37.2,NO,2026-02,UP,11.2,NO,2026-03,DOWN
FLFL,2026-Q1,M1_M2_DISAGREE,UP,65.00,SELL PUTS,SMALL_POSITION,After Month 2 (recovery signal),2026-01,DOWN,59.4,NO,2026-02,UP,20.0,NO,2026-03,UP
FLUOROCHEM,2026-Q1,M1_M2_DISAGREE,UP,65.00,SELL PUTS,SMALL_POSITION,After Month 2 (recovery signal),2026-01,DOWN,78.3,NO,2026-02,UP,57.5,YES,2026-03,DOWN
FMCGIETF,2026-Q1,M1_M2_DISAGREE,UP,65.00,SELL PUTS,SMALL_POSITION,After Month 2 (recovery signal),2026-01,DOWN,79.6,NO,2026-02,UP,1.5,YES,2026-03,DOWN
FMNL,2026-Q1,M1_M2_DISAGREE,UP,65.00,SELL PUTS,SMALL_POSITION,After Month 2 (recovery signal),2026-01,DOWN,21.1,NO,2026-02,UP,12.9,NO,2026-03,DOWN
FOODSIN,2026-Q1,M1_M2_DISAGREE,UP,65.00,SELL PUTS,SMALL_POSITION,After Month 2 (recovery signal),2026-01,DOWN,85.8,NO,2026-02,UP,10.8,NO,2026-03,UP
FORCEMOT,2026-Q1,M1_M2_DISAGREE,UP,65.00,SELL PUTS,SMALL_POSITION,After Month 2 (recovery signal),2026-01,DOWN,42.1,NO,2026-02,UP,60.3,YES,2026-03,DOWN
FORTIS,2026-Q1,M1_M2_DISAGREE,UP,65.00,SELL PUTS,SMALL_POSITION,After Month 2 (recovery signal),2026-01,DOWN,27.3,NO,2026-02,UP,50.2,YES,2026-03,DOWN
FOSECOIND,2026-Q1,M1_M2_DISAGREE,UP,65.00,SELL PUTS,SMALL_POSITION,After Month 2 (recovery signal),2026-01,DOWN,81.7,NO,2026-02,UP,80.3,YES,2026-03,DOWN
FRACTAL,2026-Q1,M1_M2_DISAGREE,UP,65.00,SELL PUTS,SMALL_POSITION,After Month 2 (recovery signal),2026-02,DOWN,68.2,NO,2026-03,UP,23.0,YES,NOT YET CLOSED,
GABRIEL,2026-Q1,M1_M2_DISAGREE,UP,65.00,SELL PUTS,SMALL_POSITION,After Month 2 (recovery signal),2026-01,DOWN,36.2,NO,2026-02,UP,25.8,YES,2026-03,DOWN
GAIL,2026-Q1,M1_M2_DISAGREE,UP,65.00,SELL PUTS,SMALL_POSITION,After Month 2 (recovery signal),2026-01,DOWN,28.0,NO,2026-02,UP,28.2,YES,2026-03,DOWN
GALAXYSURF,2026-Q1,M1_M2_DISAGREE,UP,65.00,SELL PUTS,SMALL_POSITION,After Month 2 (recovery signal),2026-01,DOWN,87.4,NO,2026-02,UP,59.5,YES,2026-03,DOWN
GALLANTT,2025-Q4,M1_M2_DISAGREE,UP,65.00,SELL PUTS,SMALL_POSITION,After Month 2 (recovery signal),2025-10,DOWN,67.3,NO,2025-11,UP,39.3,YES,2025-12,DOWN
GALLANTT,2026-Q1,M1_M2_DISAGREE,UP,65.00,SELL PUTS,SMALL_POSITION,After Month 2 (recovery signal),2026-01,DOWN,12.3,NO,2026-02,UP,45.0,YES,2026-03,DOWN
GANDHAR,2025-Q4,M1_M2_DISAGREE,UP,65.00,SELL PUTS,SMALL_POSITION,After Month 2 (recovery signal),2025-10,DOWN,55.3,NO,2025-11,UP,14.7,NO,2025-12,UP
GANDHAR,2026-Q1,M1_M2_DISAGREE,UP,65.00,SELL PUTS,SMALL_POSITION,After Month 2 (recovery signal),2026-01,DOWN,13.9,NO,2026-02,UP,40.8,NO,2026-03,DOWN
GANDHITUBE,2026-Q1,M1_M2_DISAGREE,UP,65.00,SELL PUTS,SMALL_POSITION,After Month 2 (recovery signal),2026-01,DOWN,29.0,NO,2026-02,UP,58.1,YES,2026-03,DOWN
GANECOS,2026-Q1,M1_M2_DISAGREE,UP,65.00,SELL PUTS,SMALL_POSITION,After Month 2 (recovery signal),2026-01,DOWN,87.9,NO,2026-02,UP,43.4,YES,2026-03,UP
GANESHBE,2025-Q4,M1_M2_DISAGREE,UP,65.00,SELL PUTS,SMALL_POSITION,After Month 2 (recovery signal),2025-10,DOWN,24.3,NO,2025-11,UP,17.1,NO,2025-12,DOWN
GANESHBE,2026-Q1,M1_M2_DISAGREE,UP,65.00,SELL PUTS,SMALL_POSITION,After Month 2 (recovery signal),2026-01,DOWN,71.2,NO,2026-02,UP,39.8,YES,2026-03,UP
GANESHCP,2025-Q4,M1_M2_DISAGREE,UP,65.00,SELL PUTS,SMALL_POSITION,After Month 2 (recovery signal),2025-10,DOWN,6.2,YES,2025-11,UP,29.5,NO,2025-12,DOWN
GANGESSECU,2026-Q1,M1_M2_DISAGREE,UP,65.00,SELL PUTS,SMALL_POSITION,After Month 2 (recovery signal),2026-01,DOWN,51.9,NO,2026-02,UP,6.4,YES,2026-03,DOWN
GARFIBRES,2026-Q1,M1_M2_DISAGREE,UP,65.00,SELL PUTS,SMALL_POSITION,After Month 2 (recovery signal),2026-01,DOWN,37.2,NO,2026-02,UP,2.5,NO,2026-03,DOWN
GARUDA,2026-Q1,M1_M2_DISAGREE,UP,65.00,SELL PUTS,SMALL_POSITION,After Month 2 (recovery signal),2026-01,DOWN,79.8,NO,2026-02,UP,38.9,YES,2026-03,DOWN
GATECHDVR,2026-Q1,M1_M2_DISAGREE,UP,65.00,SELL PUTS,SMALL_POSITION,After Month 2 (recovery signal),2026-01,DOWN,75.0,NO,2026-02,UP,22.2,YES,2026-03,DOWN
GATEWAY,2026-Q1,M1_M2_DISAGREE,UP,65.00,SELL PUTS,SMALL_POSITION,After Month 2 (recovery signal),2026-01,DOWN,19.0,NO,2026-02,UP,0.8,NO,2026-03,DOWN
GAYAHWS,2026-Q1,M1_M2_DISAGREE,UP,65.00,SELL PUTS,SMALL_POSITION,After Month 2 (recovery signal),2026-01,DOWN,83.0,NO,2026-02,UP,20.0,YES,2026-03,UP
GCSL,2025-Q4,M1_M2_DISAGREE,UP,65.00,SELL PUTS,SMALL_POSITION,After Month 2 (recovery signal),2025-10,DOWN,15.6,NO,2025-11,UP,79.8,YES,2025-12,UP
GCSL,2026-Q1,M1_M2_DISAGREE,UP,65.00,SELL PUTS,SMALL_POSITION,After Month 2 (recovery signal),2026-01,DOWN,68.9,NO,2026-02,UP,100.0,YES,2026-03,FLAT
GEECEE,2025-Q4,M1_M2_DISAGREE,UP,65.00,SELL PUTS,SMALL_POSITION,After Month 2 (recovery signal),2025-10,DOWN,46.5,NO,2025-11,UP,62.9,YES,2025-12,DOWN
GEMAROMA,2026-Q1,M1_M2_DISAGREE,UP,65.00,SELL PUTS,SMALL_POSITION,After Month 2 (recovery signal),2026-01,DOWN,2.3,NO,2026-02,UP,60.5,YES,2026-03,DOWN
GENCON,2025-Q4,M1_M2_DISAGREE,UP,65.00,SELL PUTS,SMALL_POSITION,After Month 2 (recovery signal),2025-10,DOWN,25.3,NO,2025-11,UP,50.8,YES,2025-12,DOWN
GENUSPAPER,2026-Q1,M1_M2_DISAGREE,UP,65.00,SELL PUTS,SMALL_POSITION,After Month 2 (recovery signal),2026-01,DOWN,59.0,NO,2026-02,UP,44.3,YES,2026-03,DOWN
GENUSPOWER,2026-Q1,M1_M2_DISAGREE,UP,65.00,SELL PUTS,SMALL_POSITION,After Month 2 (recovery signal),2026-01,DOWN,35.9,NO,2026-02,UP,27.3,NO,2026-03,DOWN
GFSTEELS,2026-Q1,M1_M2_DISAGREE,UP,65.00,SELL PUTS,SMALL_POSITION,After Month 2 (recovery signal),2026-01,DOWN,0.0,NO,2026-02,UP,100.0,YES,2026-03,UP
GICRE,2026-Q1,M1_M2_DISAGREE,UP,65.00,SELL PUTS,SMALL_POSITION,After Month 2 (recovery signal),2026-01,DOWN,10.5,NO,2026-02,UP,11.6,YES,2026-03,DOWN
GILT5YBEES,2025-Q4,M1_M2_DISAGREE,UP,65.00,SELL PUTS,SMALL_POSITION,After Month 2 (recovery signal),2025-10,DOWN,12.1,YES,2025-11,UP,20.7,YES,2025-12,DOWN
GINNIFILA,2026-Q1,M1_M2_DISAGREE,UP,65.00,SELL PUTS,SMALL_POSITION,After Month 2 (recovery signal),2026-01,DOWN,42.2,NO,2026-02,UP,37.4,YES,2026-03,DOWN
GIPCL,2026-Q1,M1_M2_DISAGREE,UP,65.00,SELL PUTS,SMALL_POSITION,After Month 2 (recovery signal),2026-01,DOWN,58.9,NO,2026-02,UP,5.0,YES,2026-03,DOWN
GKENERGY,2026-Q1,M1_M2_DISAGREE,UP,65.00,SELL PUTS,SMALL_POSITION,After Month 2 (recovery signal),2026-01,DOWN,70.2,NO,2026-02,UP,14.6,YES,2026-03,UP
GKSL,2026-Q1,M1_M2_DISAGREE,UP,65.00,SELL PUTS,SMALL_POSITION,After Month 2 (recovery signal),2026-01,DOWN,18.5,YES,2026-02,UP,60.4,YES,2026-03,DOWN
GLAXO,2026-Q1,M1_M2_DISAGREE,UP,65.00,SELL PUTS,SMALL_POSITION,After Month 2 (recovery signal),2026-01,DOWN,25.7,NO,2026-02,UP,39.3,YES,2026-03,DOWN
GLENMARK,2025-Q4,M1_M2_DISAGREE,UP,65.00,SELL PUTS,SMALL_POSITION,After Month 2 (recovery signal),2025-10,DOWN,30.8,NO,2025-11,UP,38.1,YES,2025-12,UP
GLENMARK,2026-Q1,M1_M2_DISAGREE,UP,65.00,SELL PUTS,SMALL_POSITION,After Month 2 (recovery signal),2026-01,DOWN,3.3,NO,2026-02,UP,41.9,YES,2026-03,UP
GLFL,2026-Q1,M1_M2_DISAGREE,UP,65.00,SELL PUTS,SMALL_POSITION,After Month 2 (recovery signal),2026-01,DOWN,88.5,NO,2026-02,UP,39.1,YES,2026-03,DOWN
GLOBAL,2025-Q4,M1_M2_DISAGREE,UP,65.00,SELL PUTS,SMALL_POSITION,After Month 2 (recovery signal),2025-10,DOWN,28.5,YES,2025-11,UP,72.6,YES,2025-12,UP
GLOBAL,2026-Q1,M1_M2_DISAGREE,UP,65.00,SELL PUTS,SMALL_POSITION,After Month 2 (recovery signal),2026-01,DOWN,54.6,NO,2026-02,UP,68.8,YES,2026-03,UP
GLOBALE,2026-Q1,M1_M2_DISAGREE,UP,65.00,SELL PUTS,SMALL_POSITION,After Month 2 (recovery signal),2026-01,DOWN,30.2,NO,2026-02,UP,1.5,YES,2026-03,DOWN
GLOBE,2026-Q1,M1_M2_DISAGREE,UP,65.00,SELL PUTS,SMALL_POSITION,After Month 2 (recovery signal),2026-01,DOWN,45.5,NO,2026-02,UP,7.8,NO,2026-03,UP
GMBREW,2026-Q1,M1_M2_DISAGREE,UP,65.00,SELL PUTS,SMALL_POSITION,After Month 2 (recovery signal),2026-01,DOWN,55.5,NO,2026-02,UP,14.7,YES,2026-03,UP
GMRAIRPORT,2026-Q1,M1_M2_DISAGREE,UP,65.00,SELL PUTS,SMALL_POSITION,After Month 2 (recovery signal),2026-01,DOWN,55.7,NO,2026-02,UP,38.0,YES,2026-03,DOWN
GMRP&UI,2026-Q1,M1_M2_DISAGREE,UP,65.00,SELL PUTS,SMALL_POSITION,After Month 2 (recovery signal),2026-01,DOWN,79.9,NO,2026-02,UP,76.6,YES,2026-03,DOWN
GODAVARIB,2026-Q1,M1_M2_DISAGREE,UP,65.00,SELL PUTS,SMALL_POSITION,After Month 2 (recovery signal),2026-01,DOWN,46.1,NO,2026-02,UP,48.9,YES,2026-03,UP
GODFRYPHLP,2026-Q1,M1_M2_DISAGREE,UP,65.00,SELL PUTS,SMALL_POSITION,After Month 2 (recovery signal),2026-01,DOWN,91.5,NO,2026-02,UP,10.6,YES,2026-03,DOWN
GODIGIT,2026-Q1,M1_M2_DISAGREE,UP,65.00,SELL PUTS,SMALL_POSITION,After Month 2 (recovery signal),2026-01,DOWN,59.0,NO,2026-02,UP,37.2,YES,2026-03,UP
GODREJAGRO,2026-Q1,M1_M2_DISAGREE,UP,65.00,SELL PUTS,SMALL_POSITION,After Month 2 (recovery signal),2026-01,DOWN,52.2,NO,2026-02,UP,73.1,YES,2026-03,DOWN
GODREJCP,2026-Q1,M1_M2_DISAGREE,UP,65.00,SELL PUTS,SMALL_POSITION,After Month 2 (recovery signal),2026-01,DOWN,44.6,NO,2026-02,UP,51.0,YES,2026-03,DOWN
GODREJIND,2026-Q1,M1_M2_DISAGREE,UP,65.00,SELL PUTS,SMALL_POSITION,After Month 2 (recovery signal),2026-01,DOWN,25.7,NO,2026-02,UP,25.3,YES,2026-03,DOWN
GODREJPROP,2026-Q1,M1_M2_DISAGREE,UP,65.00,SELL PUTS,SMALL_POSITION,After Month 2 (recovery signal),2026-01,DOWN,62.9,NO,2026-02,UP,35.1,YES,2026-03,DOWN
GOKEX,2026-Q1,M1_M2_DISAGREE,UP,65.00,SELL PUTS,SMALL_POSITION,After Month 2 (recovery signal),2026-01,DOWN,87.1,NO,2026-02,UP,27.4,YES,2026-03,DOWN
GOKUL,2026-Q1,M1_M2_DISAGREE,UP,65.00,SELL PUTS,SMALL_POSITION,After Month 2 (recovery signal),2026-01,DOWN,57.1,NO,2026-02,UP,29.5,YES,2026-03,UP
GOKULAGRO,2025-Q4,M1_M2_DISAGREE,UP,65.00,SELL PUTS,SMALL_POSITION,After Month 2 (recovery signal),2025-10,DOWN,86.9,NO,2025-11,UP,64.3,YES,2025-12,DOWN
GOKULAGRO,2026-Q1,M1_M2_DISAGREE,UP,65.00,SELL PUTS,SMALL_POSITION,After Month 2 (recovery signal),2026-01,DOWN,53.3,NO,2026-02,UP,27.4,YES,2026-03,DOWN
GOLD360,2025-Q4,M1_M2_DISAGREE,UP,65.00,SELL PUTS,SMALL_POSITION,After Month 2 (recovery signal),2025-10,DOWN,16.0,YES,2025-11,UP,41.9,YES,2025-12,UP
GOLDBEES,2025-Q4,M1_M2_DISAGREE,UP,65.00,SELL PUTS,SMALL_POSITION,After Month 2 (recovery signal),2025-10,DOWN,19.0,YES,2025-11,UP,72.9,YES,2025-12,UP
GOLDCASE,2025-Q4,M1_M2_DISAGREE,UP,65.00,SELL PUTS,SMALL_POSITION,After Month 2 (recovery signal),2025-10,DOWN,10.3,YES,2025-11,UP,36.3,YES,2025-12,UP
GOLDETF,2025-Q4,M1_M2_DISAGREE,UP,65.00,SELL PUTS,SMALL_POSITION,After Month 2 (recovery signal),2025-10,DOWN,22.9,YES,2025-11,UP,55.0,YES,2025-12,UP
GOLDIAM,2025-Q4,M1_M2_DISAGREE,UP,65.00,SELL PUTS,SMALL_POSITION,After Month 2 (recovery signal),2025-10,DOWN,63.9,NO,2025-11,UP,68.9,YES,2025-12,DOWN
GOLDIAM,2026-Q1,M1_M2_DISAGREE,UP,65.00,SELL PUTS,SMALL_POSITION,After Month 2 (recovery signal),2026-01,DOWN,48.6,NO,2026-02,UP,25.6,YES,2026-03,DOWN
GOLDIETF,2025-Q4,M1_M2_DISAGREE,UP,65.00,SELL PUTS,SMALL_POSITION,After Month 2 (recovery signal),2025-10,DOWN,16.1,YES,2025-11,UP,61.7,YES,2025-12,UP
GOLDSHARE,2025-Q4,M1_M2_DISAGREE,UP,65.00,SELL PUTS,SMALL_POSITION,After Month 2 (recovery signal),2025-10,DOWN,9.0,YES,2025-11,UP,45.5,YES,2025-12,UP
GOLDTECH,2025-Q4,M1_M2_DISAGREE,UP,65.00,SELL PUTS,SMALL_POSITION,After Month 2 (recovery signal),2025-10,DOWN,24.2,NO,2025-11,UP,56.4,NO,2025-12,DOWN
GOODLUCK,2026-Q1,M1_M2_DISAGREE,UP,65.00,SELL PUTS,SMALL_POSITION,After Month 2 (recovery signal),2026-01,DOWN,15.7,YES,2026-02,UP,28.8,YES,2026-03,DOWN
GPIL,2026-Q1,M1_M2_DISAGREE,UP,65.00,SELL PUTS,SMALL_POSITION,After Month 2 (recovery signal),2026-01,DOWN,38.1,NO,2026-02,UP,23.3,YES,2026-03,UP
GPPL,2026-Q1,M1_M2_DISAGREE,UP,65.00,SELL PUTS,SMALL_POSITION,After Month 2 (recovery signal),2026-01,DOWN,36.8,NO,2026-02,UP,43.3,YES,2026-03,DOWN
GPTINFRA,2026-Q1,M1_M2_DISAGREE,UP,65.00,SELL PUTS,SMALL_POSITION,After Month 2 (recovery signal),2026-01,DOWN,37.6,NO,2026-02,UP,54.1,YES,2026-03,DOWN
GRANULES,2026-Q1,M1_M2_DISAGREE,UP,65.00,SELL PUTS,SMALL_POSITION,After Month 2 (recovery signal),2026-01,DOWN,29.8,NO,2026-02,UP,13.0,YES,2026-03,UP
GRAPHITE,2026-Q1,M1_M2_DISAGREE,UP,65.00,SELL PUTS,SMALL_POSITION,After Month 2 (recovery signal),2026-01,DOWN,34.9,NO,2026-02,UP,63.0,YES,2026-03,DOWN
GRASIM,2026-Q1,M1_M2_DISAGREE,UP,65.00,SELL PUTS,SMALL_POSITION,After Month 2 (recovery signal),2026-01,DOWN,9.0,NO,2026-02,UP,9.8,NO,2026-03,DOWN
GRAVITA,2026-Q1,M1_M2_DISAGREE,UP,65.00,SELL PUTS,SMALL_POSITION,After Month 2 (recovery signal),2026-01,DOWN,60.6,NO,2026-02,UP,0.1,YES,2026-03,DOWN
GRINDWELL,2026-Q1,M1_M2_DISAGREE,UP,65.00,SELL PUTS,SMALL_POSITION,After Month 2 (recovery signal),2026-01,DOWN,27.8,NO,2026-02,UP,58.8,YES,2026-03,DOWN
GROWWCAPM,2026-Q1,M1_M2_DISAGREE,UP,65.00,SELL PUTS,SMALL_POSITION,After Month 2 (recovery signal),2026-01,DOWN,2.3,NO,2026-02,UP,0.8,YES,2026-03,UP
GROWWCHEM,2026-Q1,M1_M2_DISAGREE,UP,65.00,SELL PUTS,SMALL_POSITION,After Month 2 (recovery signal),2026-01,DOWN,71.0,NO,2026-02,UP,4.4,NO,2026-03,DOWN
GROWWEV,2026-Q1,M1_M2_DISAGREE,UP,65.00,SELL PUTS,SMALL_POSITION,After Month 2 (recovery signal),2026-01,DOWN,61.9,NO,2026-02,UP,38.4,YES,2026-03,DOWN
GROWWGOLD,2025-Q4,M1_M2_DISAGREE,UP,65.00,SELL PUTS,SMALL_POSITION,After Month 2 (recovery signal),2025-10,DOWN,16.3,YES,2025-11,UP,55.8,YES,2025-12,UP
GROWWLIQID,2026-Q1,M1_M2_DISAGREE,UP,65.00,SELL PUTS,SMALL_POSITION,After Month 2 (recovery signal),2026-01,DOWN,23.5,YES,2026-02,UP,12.2,YES,2026-03,FLAT
GROWWMC150,2026-Q1,M1_M2_DISAGREE,UP,65.00,SELL PUTS,SMALL_POSITION,After Month 2 (recovery signal),2026-01,DOWN,42.3,NO,2026-02,UP,29.6,YES,2026-03,DOWN
GROWWMOM50,2026-Q1,M1_M2_DISAGREE,UP,65.00,SELL PUTS,SMALL_POSITION,After Month 2 (recovery signal),2026-01,DOWN,56.8,NO,2026-02,UP,44.2,YES,2026-03,DOWN
GROWWN200,2026-Q1,M1_M2_DISAGREE,UP,65.00,SELL PUTS,SMALL_POSITION,After Month 2 (recovery signal),2026-01,DOWN,40.6,NO,2026-02,UP,11.0,YES,2026-03,DOWN
GROWWNIFTY,2026-Q1,M1_M2_DISAGREE,UP,65.00,SELL PUTS,SMALL_POSITION,After Month 2 (recovery signal),2026-01,DOWN,53.5,NO,2026-02,UP,1.5,NO,2026-03,FLAT
GROWWNXT50,2026-Q1,M1_M2_DISAGREE,UP,65.00,SELL PUTS,SMALL_POSITION,After Month 2 (recovery signal),2026-01,DOWN,17.9,NO,2026-02,UP,18.4,YES,2026-03,DOWN
GROWWPOWER,2026-Q1,M1_M2_DISAGREE,UP,65.00,SELL PUTS,SMALL_POSITION,After Month 2 (recovery signal),2026-01,DOWN,9.7,NO,2026-02,UP,46.8,YES,2026-03,FLAT
GROWWSC250,2026-Q1,M1_M2_DISAGREE,UP,65.00,SELL PUTS,SMALL_POSITION,After Month 2 (recovery signal),2026-01,DOWN,42.9,NO,2026-02,UP,0.0,NO,2026-03,FLAT
GROWWSLVR,2025-Q4,M1_M2_DISAGREE,UP,65.00,SELL PUTS,SMALL_POSITION,After Month 2 (recovery signal),2025-10,DOWN,3.5,YES,2025-11,UP,67.1,YES,2025-12,UP
GRPLTD,2025-Q4,M1_M2_DISAGREE,UP,65.00,SELL PUTS,SMALL_POSITION,After Month 2 (recovery signal),2025-10,DOWN,50.6,NO,2025-11,UP,24.0,NO,2025-12,DOWN
GRPLTD,2026-Q1,M1_M2_DISAGREE,UP,65.00,SELL PUTS,SMALL_POSITION,After Month 2 (recovery signal),2026-01,DOWN,2.9,YES,2026-02,UP,46.9,YES,2026-03,FLAT
GRWRHITECH,2026-Q1,M1_M2_DISAGREE,UP,65.00,SELL PUTS,SMALL_POSITION,After Month 2 (recovery signal),2026-01,DOWN,18.6,NO,2026-02,UP,77.3,YES,2026-03,DOWN
GSEC10ABSL,2026-Q1,M1_M2_DISAGREE,UP,65.00,SELL PUTS,SMALL_POSITION,After Month 2 (recovery signal),2026-01,DOWN,11.8,YES,2026-02,UP,3.0,YES,2026-03,UP
GSEC10IETF,2026-Q1,M1_M2_DISAGREE,UP,65.00,SELL PUTS,SMALL_POSITION,After Month 2 (recovery signal),2026-01,DOWN,7.6,YES,2026-02,UP,7.8,YES,2026-03,UP
GSEC10YEAR,2026-Q1,M1_M2_DISAGREE,UP,65.00,SELL PUTS,SMALL_POSITION,After Month 2 (recovery signal),2026-01,DOWN,11.5,YES,2026-02,UP,2.9,YES,2026-03,UP
GSEC5IETF,2026-Q1,M1_M2_DISAGREE,UP,65.00,SELL PUTS,SMALL_POSITION,After Month 2 (recovery signal),2026-01,DOWN,15.1,YES,2026-02,UP,24.8,YES,2026-03,UP
GSPL,2026-Q1,M1_M2_DISAGREE,UP,65.00,SELL PUTS,SMALL_POSITION,After Month 2 (recovery signal),2026-01,DOWN,14.6,NO,2026-02,UP,25.6,YES,2026-03,DOWN
GTECJAINX,2026-Q1,M1_M2_DISAGREE,UP,65.00,SELL PUTS,SMALL_POSITION,After Month 2 (recovery signal),2026-01,DOWN,44.0,NO,2026-02,UP,32.5,NO,2026-03,UP
GTL,2026-Q1,M1_M2_DISAGREE,UP,65.00,SELL PUTS,SMALL_POSITION,After Month 2 (recovery signal),2026-01,DOWN,72.5,NO,2026-02,UP,4.4,NO,2026-03,DOWN
GTLINFRA,2026-Q1,M1_M2_DISAGREE,UP,65.00,SELL PUTS,SMALL_POSITION,After Month 2 (recovery signal),2026-01,DOWN,57.1,NO,2026-02,UP,20.6,YES,2026-03,DOWN
GUFICBIO,2025-Q4,M1_M2_DISAGREE,UP,65.00,SELL PUTS,SMALL_POSITION,After Month 2 (recovery signal),2025-10,DOWN,53.4,NO,2025-11,UP,48.3,YES,2025-12,DOWN
GUJALKALI,2026-Q1,M1_M2_DISAGREE,UP,65.00,SELL PUTS,SMALL_POSITION,After Month 2 (recovery signal),2026-01,DOWN,75.4,NO,2026-02,UP,49.8,YES,2026-03,DOWN
GUJAPOLLO,2025-Q4,M1_M2_DISAGREE,UP,65.00,SELL PUTS,SMALL_POSITION,After Month 2 (recovery signal),2025-10,DOWN,14.3,NO,2025-11,UP,8.8,YES,2025-12,DOWN
GUJGASLTD,2026-Q1,M1_M2_DISAGREE,UP,65.00,SELL PUTS,SMALL_POSITION,After Month 2 (recovery signal),2026-01,DOWN,18.3,YES,2026-02,UP,57.8,NO,2026-03,DOWN
GULFPETRO,2026-Q1,M1_M2_DISAGREE,UP,65.00,SELL PUTS,SMALL_POSITION,After Month 2 (recovery signal),2026-01,DOWN,19.2,NO,2026-02,UP,26.6,NO,2026-03,DOWN
GULPOLY,2026-Q1,M1_M2_DISAGREE,UP,65.00,SELL PUTS,SMALL_POSITION,After Month 2 (recovery signal),2026-01,DOWN,44.3,NO,2026-02,UP,63.2,YES,2026-03,UP
GVPIL,2025-Q4,M1_M2_DISAGREE,UP,65.00,SELL PUTS,SMALL_POSITION,After Month 2 (recovery signal),2025-10,DOWN,50.5,NO,2025-11,UP,59.7,YES,2025-12,DOWN
GVPIL,2026-Q1,M1_M2_DISAGREE,UP,65.00,SELL PUTS,SMALL_POSITION,After Month 2 (recovery signal),2026-01,DOWN,35.0,NO,2026-02,UP,66.5,YES,2026-03,DOWN
HALEOSLABS,2026-Q1,M1_M2_DISAGREE,UP,65.00,SELL PUTS,SMALL_POSITION,After Month 2 (recovery signal),2026-01,DOWN,37.0,NO,2026-02,UP,49.5,YES,2026-03,DOWN
HAPPYFORGE,2026-Q1,M1_M2_DISAGREE,UP,65.00,SELL PUTS,SMALL_POSITION,After Month 2 (recovery signal),2026-01,DOWN,43.3,NO,2026-02,UP,73.5,YES,2026-03,UP
HARDWYN,2026-Q1,M1_M2_DISAGREE,UP,65.00,SELL PUTS,SMALL_POSITION,After Month 2 (recovery signal),2026-01,DOWN,27.4,NO,2026-02,UP,80.7,YES,2026-03,UP
HARRMALAYA,2026-Q1,M1_M2_DISAGREE,UP,65.00,SELL PUTS,SMALL_POSITION,After Month 2 (recovery signal),2026-01,DOWN,38.7,NO,2026-02,UP,66.0,YES,2026-03,DOWN
HARSHA,2026-Q1,M1_M2_DISAGREE,UP,65.00,SELL PUTS,SMALL_POSITION,After Month 2 (recovery signal),2026-01,DOWN,9.2,NO,2026-02,UP,15.2,NO,2026-03,DOWN
HATHWAY,2026-Q1,M1_M2_DISAGREE,UP,65.00,SELL PUTS,SMALL_POSITION,After Month 2 (recovery signal),2026-01,DOWN,77.9,NO,2026-02,UP,5.5,YES,2026-03,DOWN
HATSUN,2026-Q1,M1_M2_DISAGREE,UP,65.00,SELL PUTS,SMALL_POSITION,After Month 2 (recovery signal),2026-01,DOWN,74.3,NO,2026-02,UP,28.7,YES,2026-03,UP
HAVELLS,2026-Q1,M1_M2_DISAGREE,UP,65.00,SELL PUTS,SMALL_POSITION,After Month 2 (recovery signal),2026-01,DOWN,57.9,NO,2026-02,UP,51.5,YES,2026-03,DOWN
HCL-INSYS,2026-Q1,M1_M2_DISAGREE,UP,65.00,SELL PUTS,SMALL_POSITION,After Month 2 (recovery signal),2026-01,DOWN,12.4,NO,2026-02,UP,22.7,NO,2026-03,DOWN
HDBFS,2025-Q4,M1_M2_DISAGREE,UP,65.00,SELL PUTS,SMALL_POSITION,After Month 2 (recovery signal),2025-10,DOWN,41.7,NO,2025-11,UP,51.7,YES,2025-12,UP
HDBFS,2026-Q1,M1_M2_DISAGREE,UP,65.00,SELL PUTS,SMALL_POSITION,After Month 2 (recovery signal),2026-01,DOWN,56.6,NO,2026-02,UP,3.0,NO,2026-03,DOWN
HDFCAMC,2026-Q1,M1_M2_DISAGREE,UP,65.00,SELL PUTS,SMALL_POSITION,After Month 2 (recovery signal),2026-01,DOWN,57.4,NO,2026-02,UP,37.3,YES,2026-03,DOWN
HDFCBSE500,2026-Q1,M1_M2_DISAGREE,UP,65.00,SELL PUTS,SMALL_POSITION,After Month 2 (recovery signal),2026-01,DOWN,37.8,NO,2026-02,UP,28.3,YES,2026-03,DOWN
HDFCGOLD,2025-Q4,M1_M2_DISAGREE,UP,65.00,SELL PUTS,SMALL_POSITION,After Month 2 (recovery signal),2025-10,DOWN,14.6,YES,2025-11,UP,64.7,YES,2025-12,UP
HDFCLIFE,2025-Q4,M1_M2_DISAGREE,UP,65.00,SELL PUTS,SMALL_POSITION,After Month 2 (recovery signal),2025-10,DOWN,50.5,NO,2025-11,UP,62.0,YES,2025-12,DOWN
HDFCLIFE,2026-Q1,M1_M2_DISAGREE,UP,65.00,SELL PUTS,SMALL_POSITION,After Month 2 (recovery signal),2026-01,DOWN,28.6,NO,2026-02,UP,25.1,NO,2026-03,DOWN
HDFCLOWVOL,2026-Q1,M1_M2_DISAGREE,UP,65.00,SELL PUTS,SMALL_POSITION,After Month 2 (recovery signal),2026-01,DOWN,39.0,NO,2026-02,UP,30.8,YES,2026-03,DOWN
HDFCMID150,2026-Q1,M1_M2_DISAGREE,UP,65.00,SELL PUTS,SMALL_POSITION,After Month 2 (recovery signal),2026-01,DOWN,48.5,NO,2026-02,UP,2.4,NO,2026-03,DOWN
HDFCMOMENT,2026-Q1,M1_M2_DISAGREE,UP,65.00,SELL PUTS,SMALL_POSITION,After Month 2 (recovery signal),2026-01,DOWN,44.0,NO,2026-02,UP,35.7,YES,2026-03,DOWN
HDFCNEXT50,2026-Q1,M1_M2_DISAGREE,UP,65.00,SELL PUTS,SMALL_POSITION,After Month 2 (recovery signal),2026-01,DOWN,29.1,NO,2026-02,UP,33.8,YES,2026-03,DOWN
HDFCNIF100,2026-Q1,M1_M2_DISAGREE,UP,65.00,SELL PUTS,SMALL_POSITION,After Month 2 (recovery signal),2026-01,DOWN,41.4,NO,2026-02,UP,3.9,NO,2026-03,DOWN
HDFCNIFBAN,2026-Q1,M1_M2_DISAGREE,UP,65.00,SELL PUTS,SMALL_POSITION,After Month 2 (recovery signal),2026-01,DOWN,3.8,YES,2026-02,UP,13.0,YES,2026-03,DOWN
HDFCNIFTY,2026-Q1,M1_M2_DISAGREE,UP,65.00,SELL PUTS,SMALL_POSITION,After Month 2 (recovery signal),2026-01,DOWN,71.1,NO,2026-02,UP,17.8,NO,2026-03,DOWN
HDFCPVTBAN,2026-Q1,M1_M2_DISAGREE,UP,65.00,SELL PUTS,SMALL_POSITION,After Month 2 (recovery signal),2026-01,DOWN,13.6,NO,2026-02,UP,22.6,YES,2026-03,DOWN
HDFCSENSEX,2026-Q1,M1_M2_DISAGREE,UP,65.00,SELL PUTS,SMALL_POSITION,After Month 2 (recovery signal),2026-01,DOWN,45.6,NO,2026-02,UP,40.9,NO,2026-03,DOWN
HDFCSILVER,2025-Q4,M1_M2_DISAGREE,UP,65.00,SELL PUTS,SMALL_POSITION,After Month 2 (recovery signal),2025-10,DOWN,6.6,YES,2025-11,UP,63.2,YES,2025-12,UP
HDFCSML250,2026-Q1,M1_M2_DISAGREE,UP,65.00,SELL PUTS,SMALL_POSITION,After Month 2 (recovery signal),2026-01,DOWN,50.6,NO,2026-02,UP,13.1,YES,2026-03,DOWN
HDFCVALUE,2026-Q1,M1_M2_DISAGREE,UP,65.00,SELL PUTS,SMALL_POSITION,After Month 2 (recovery signal),2026-01,DOWN,9.1,NO,2026-02,UP,40.8,NO,2026-03,DOWN
HDIL,2026-Q1,M1_M2_DISAGREE,UP,65.00,SELL PUTS,SMALL_POSITION,After Month 2 (recovery signal),2026-01,DOWN,75.5,NO,2026-02,UP,62.7,YES,2026-03,DOWN
HEALTHADD,2026-Q1,M1_M2_DISAGREE,UP,65.00,SELL PUTS,SMALL_POSITION,After Month 2 (recovery signal),2026-01,DOWN,43.3,NO,2026-02,UP,61.2,YES,2026-03,DOWN
HEALTHIETF,2026-Q1,M1_M2_DISAGREE,UP,65.00,SELL PUTS,SMALL_POSITION,After Month 2 (recovery signal),2026-01,DOWN,50.6,NO,2026-02,UP,47.6,YES,2026-03,UP
HEG,2026-Q1,M1_M2_DISAGREE,UP,65.00,SELL PUTS,SMALL_POSITION,After Month 2 (recovery signal),2026-01,DOWN,66.7,NO,2026-02,UP,38.1,YES,2026-03,DOWN
HEMIPROP,2025-Q4,M1_M2_DISAGREE,UP,65.00,SELL PUTS,SMALL_POSITION,After Month 2 (recovery signal),2025-10,DOWN,55.2,NO,2025-11,UP,6.0,YES,2025-12,UP
HEMIPROP,2026-Q1,M1_M2_DISAGREE,UP,65.00,SELL PUTS,SMALL_POSITION,After Month 2 (recovery signal),2026-01,DOWN,38.6,NO,2026-02,UP,57.0,YES,2026-03,DOWN
HESTERBIO,2026-Q1,M1_M2_DISAGREE,UP,65.00,SELL PUTS,SMALL_POSITION,After Month 2 (recovery signal),2026-01,DOWN,36.2,NO,2026-02,UP,35.5,YES,2026-03,DOWN
HEXATRADEX,2026-Q1,M1_M2_DISAGREE,UP,65.00,SELL PUTS,SMALL_POSITION,After Month 2 (recovery signal),2026-01,DOWN,14.3,NO,2026-02,UP,9.9,YES,2026-03,UP
HFCL,2026-Q1,M1_M2_DISAGREE,UP,65.00,SELL PUTS,SMALL_POSITION,After Month 2 (recovery signal),2026-01,DOWN,1.0,YES,2026-02,UP,0.3,YES,2026-03,UP
HIKAL,2026-Q1,M1_M2_DISAGREE,UP,65.00,SELL PUTS,SMALL_POSITION,After Month 2 (recovery signal),2026-01,DOWN,86.6,NO,2026-02,UP,9.9,YES,2026-03,DOWN
HILINFRA,2026-Q1,M1_M2_DISAGREE,UP,65.00,SELL PUTS,SMALL_POSITION,After Month 2 (recovery signal),2026-01,DOWN,52.9,NO,2026-02,UP,36.2,YES,2026-03,DOWN
HINDCOMPOS,2026-Q1,M1_M2_DISAGREE,UP,65.00,SELL PUTS,SMALL_POSITION,After Month 2 (recovery signal),2026-01,DOWN,47.6,NO,2026-02,UP,8.9,YES,2026-03,DOWN
HINDPETRO,2026-Q1,M1_M2_DISAGREE,UP,65.00,SELL PUTS,SMALL_POSITION,After Month 2 (recovery signal),2026-01,DOWN,77.0,NO,2026-02,UP,14.7,YES,2026-03,DOWN
HINDWAREAP,2026-Q1,M1_M2_DISAGREE,UP,65.00,SELL PUTS,SMALL_POSITION,After Month 2 (recovery signal),2026-01,DOWN,59.0,NO,2026-02,UP,4.0,YES,2026-03,DOWN
HIRECT,2026-Q1,M1_M2_DISAGREE,UP,65.00,SELL PUTS,SMALL_POSITION,After Month 2 (recovery signal),2026-01,DOWN,67.8,NO,2026-02,UP,48.9,YES,2026-03,UP
HISARMETAL,2026-Q1,M1_M2_DISAGREE,UP,65.00,SELL PUTS,SMALL_POSITION,After Month 2 (recovery signal),2026-01,DOWN,23.2,NO,2026-02,UP,57.3,YES,2026-03,DOWN
HITECH,2026-Q1,M1_M2_DISAGREE,UP,65.00,SELL PUTS,SMALL_POSITION,After Month 2 (recovery signal),2026-01,DOWN,76.6,NO,2026-02,UP,61.4,YES,2026-03,DOWN
HLVLTD,2026-Q1,M1_M2_DISAGREE,UP,65.00,SELL PUTS,SMALL_POSITION,After Month 2 (recovery signal),2026-01,DOWN,32.8,NO,2026-02,UP,25.2,NO,2026-03,DOWN
HMAAGRO,2026-Q1,M1_M2_DISAGREE,UP,65.00,SELL PUTS,SMALL_POSITION,After Month 2 (recovery signal),2026-01,DOWN,55.4,NO,2026-02,UP,4.2,YES,2026-03,DOWN
HMT,2026-Q1,M1_M2_DISAGREE,UP,65.00,SELL PUTS,SMALL_POSITION,After Month 2 (recovery signal),2026-01,DOWN,26.9,NO,2026-02,UP,90.9,YES,2026-03,DOWN
HNDFDS,2025-Q4,M1_M2_DISAGREE,UP,65.00,SELL PUTS,SMALL_POSITION,After Month 2 (recovery signal),2025-10,DOWN,13.0,YES,2025-11,UP,25.8,YES,2025-12,DOWN
HNDFDS,2026-Q1,M1_M2_DISAGREE,UP,65.00,SELL PUTS,SMALL_POSITION,After Month 2 (recovery signal),2026-01,DOWN,66.6,NO,2026-02,UP,33.4,YES,2026-03,DOWN
HONASA,2025-Q4,M1_M2_DISAGREE,UP,65.00,SELL PUTS,SMALL_POSITION,After Month 2 (recovery signal),2025-10,DOWN,16.1,YES,2025-11,UP,12.1,YES,2025-12,UP
HONASA,2026-Q1,M1_M2_DISAGREE,UP,65.00,SELL PUTS,SMALL_POSITION,After Month 2 (recovery signal),2026-01,DOWN,21.4,NO,2026-02,UP,57.7,YES,2026-03,DOWN
HONDAPOWER,2026-Q1,M1_M2_DISAGREE,UP,65.00,SELL PUTS,SMALL_POSITION,After Month 2 (recovery signal),2026-01,DOWN,73.3,NO,2026-02,UP,16.1,YES,2026-03,DOWN
HPAL,2026-Q1,M1_M2_DISAGREE,UP,65.00,SELL PUTS,SMALL_POSITION,After Month 2 (recovery signal),2026-01,DOWN,44.0,NO,2026-02,UP,51.6,NO,2026-03,DOWN
HPIL,2025-Q4,M1_M2_DISAGREE,UP,65.00,SELL PUTS,SMALL_POSITION,After Month 2 (recovery signal),2025-10,DOWN,40.0,YES,2025-11,UP,5.5,NO,2025-12,UP
HPIL,2026-Q1,M1_M2_DISAGREE,UP,65.00,SELL PUTS,SMALL_POSITION,After Month 2 (recovery signal),2026-01,DOWN,7.1,NO,2026-02,UP,54.5,NO,2026-03,DOWN
HPL,2026-Q1,M1_M2_DISAGREE,UP,65.00,SELL PUTS,SMALL_POSITION,After Month 2 (recovery signal),2026-01,DOWN,70.6,NO,2026-02,UP,12.2,YES,2026-03,DOWN
HSCL,2026-Q1,M1_M2_DISAGREE,UP,65.00,SELL PUTS,SMALL_POSITION,After Month 2 (recovery signal),2026-01,DOWN,46.0,NO,2026-02,UP,40.8,YES,2026-03,DOWN
HUDCO,2026-Q1,M1_M2_DISAGREE,UP,65.00,SELL PUTS,SMALL_POSITION,After Month 2 (recovery signal),2026-01,DOWN,87.6,NO,2026-02,UP,30.1,NO,2026-03,DOWN
HYUNDAI,2026-Q1,M1_M2_DISAGREE,UP,65.00,SELL PUTS,SMALL_POSITION,After Month 2 (recovery signal),2026-01,DOWN,50.8,NO,2026-02,UP,3.8,NO,2026-03,DOWN
ICDSLTD,2026-Q1,M1_M2_DISAGREE,UP,65.00,SELL PUTS,SMALL_POSITION,After Month 2 (recovery signal),2026-01,DOWN,63.5,NO,2026-02,UP,3.9,YES,2026-03,UP
ICEMAKE,2026-Q1,M1_M2_DISAGREE,UP,65.00,SELL PUTS,SMALL_POSITION,After Month 2 (recovery signal),2026-01,DOWN,83.9,NO,2026-02,UP,69.5,YES,2026-03,UP
ICICIB22,2026-Q1,M1_M2_DISAGREE,UP,65.00,SELL PUTS,SMALL_POSITION,After Month 2 (recovery signal),2026-01,DOWN,26.5,YES,2026-02,UP,37.5,YES,2026-03,DOWN
ICICIBANK,2025-Q4,M1_M2_DISAGREE,UP,65.00,SELL PUTS,SMALL_POSITION,After Month 2 (recovery signal),2025-10,DOWN,2.5,NO,2025-11,UP,59.1,YES,2025-12,DOWN
ICICIBANK,2026-Q1,M1_M2_DISAGREE,UP,65.00,SELL PUTS,SMALL_POSITION,After Month 2 (recovery signal),2026-01,DOWN,11.4,YES,2026-02,UP,26.0,YES,2026-03,DOWN
ICICIGI,2026-Q1,M1_M2_DISAGREE,UP,65.00,SELL PUTS,SMALL_POSITION,After Month 2 (recovery signal),2026-01,DOWN,63.3,NO,2026-02,UP,41.2,YES,2026-03,DOWN
ICICIPRULI,2025-Q4,M1_M2_DISAGREE,UP,65.00,SELL PUTS,SMALL_POSITION,After Month 2 (recovery signal),2025-10,DOWN,15.5,NO,2025-11,UP,61.9,YES,2025-12,UP
ICICIPRULI,2026-Q1,M1_M2_DISAGREE,UP,65.00,SELL PUTS,SMALL_POSITION,After Month 2 (recovery signal),2026-01,DOWN,41.7,NO,2026-02,UP,38.3,YES,2026-03,DOWN
ICIL,2026-Q1,M1_M2_DISAGREE,UP,65.00,SELL PUTS,SMALL_POSITION,After Month 2 (recovery signal),2026-01,DOWN,72.6,NO,2026-02,UP,24.5,YES,2026-03,DOWN
IDBI,2026-Q1,M1_M2_DISAGREE,UP,65.00,SELL PUTS,SMALL_POSITION,After Month 2 (recovery signal),2026-01,DOWN,14.7,NO,2026-02,UP,75.7,YES,2026-03,DOWN
IDEA,2026-Q1,M1_M2_DISAGREE,UP,65.00,SELL PUTS,SMALL_POSITION,After Month 2 (recovery signal),2026-01,DOWN,2.5,NO,2026-02,UP,41.9,NO,2026-03,DOWN
IDEAFORGE,2025-Q4,M1_M2_DISAGREE,UP,65.00,SELL PUTS,SMALL_POSITION,After Month 2 (recovery signal),2025-10,DOWN,40.8,NO,2025-11,UP,29.4,NO,2025-12,UP
IDFNIFTYET,2026-Q1,M1_M2_DISAGREE,UP,65.00,SELL PUTS,SMALL_POSITION,After Month 2 (recovery signal),2026-01,DOWN,38.4,NO,2026-02,UP,7.3,NO,2026-03,DOWN
IEX,2026-Q1,M1_M2_DISAGREE,UP,65.00,SELL PUTS,SMALL_POSITION,After Month 2 (recovery signal),2026-01,DOWN,22.3,NO,2026-02,UP,15.7,NO,2026-03,DOWN
IFBIND,2026-Q1,M1_M2_DISAGREE,UP,65.00,SELL PUTS,SMALL_POSITION,After Month 2 (recovery signal),2026-01,DOWN,79.6,NO,2026-02,UP,16.0,NO,2026-03,DOWN
IGIL,2026-Q1,M1_M2_DISAGREE,UP,65.00,SELL PUTS,SMALL_POSITION,After Month 2 (recovery signal),2026-01,DOWN,51.5,NO,2026-02,UP,58.5,YES,2026-03,DOWN
IGPL,2026-Q1,M1_M2_DISAGREE,UP,65.00,SELL PUTS,SMALL_POSITION,After Month 2 (recovery signal),2026-01,DOWN,77.2,NO,2026-02,UP,3.3,YES,2026-03,UP
IIFL,2026-Q1,M1_M2_DISAGREE,UP,65.00,SELL PUTS,SMALL_POSITION,After Month 2 (recovery signal),2026-01,DOWN,50.4,NO,2026-02,UP,41.6,NO,2026-03,DOWN
IIFLCAPS,2026-Q1,M1_M2_DISAGREE,UP,65.00,SELL PUTS,SMALL_POSITION,After Month 2 (recovery signal),2026-01,DOWN,33.0,NO,2026-02,UP,61.1,NO,2026-03,DOWN
IL&FSENGG,2025-Q4,M1_M2_DISAGREE,UP,65.00,SELL PUTS,SMALL_POSITION,After Month 2 (recovery signal),2025-10,DOWN,59.8,NO,2025-11,UP,21.8,YES,2025-12,DOWN
IMFA,2025-Q4,M1_M2_DISAGREE,UP,65.00,SELL PUTS,SMALL_POSITION,After Month 2 (recovery signal),2025-10,DOWN,48.2,YES,2025-11,UP,46.9,YES,2025-12,UP
IMFA,2026-Q1,M1_M2_DISAGREE,UP,65.00,SELL PUTS,SMALL_POSITION,After Month 2 (recovery signal),2026-01,DOWN,73.2,NO,2026-02,UP,31.3,YES,2026-03,DOWN
INDGN,2026-Q1,M1_M2_DISAGREE,UP,65.00,SELL PUTS,SMALL_POSITION,After Month 2 (recovery signal),2026-01,DOWN,51.6,NO,2026-02,UP,23.4,YES,2026-03,DOWN
INDHOTEL,2026-Q1,M1_M2_DISAGREE,UP,65.00,SELL PUTS,SMALL_POSITION,After Month 2 (recovery signal),2026-01,DOWN,58.6,NO,2026-02,UP,8.7,NO,2026-03,DOWN
INDIAGLYCO,2026-Q1,M1_M2_DISAGREE,UP,65.00,SELL PUTS,SMALL_POSITION,After Month 2 (recovery signal),2026-01,DOWN,61.7,NO,2026-02,UP,48.8,YES,2026-03,DOWN
INDIANCARD,2025-Q4,M1_M2_DISAGREE,UP,65.00,SELL PUTS,SMALL_POSITION,After Month 2 (recovery signal),2025-10,DOWN,7.6,NO,2025-11,UP,27.3,NO,2025-12,DOWN
INDIANHUME,2025-Q4,M1_M2_DISAGREE,UP,65.00,SELL PUTS,SMALL_POSITION,After Month 2 (recovery signal),2025-10,DOWN,8.6,NO,2025-11,UP,68.6,YES,2025-12,UP
INDIGO,2026-Q1,M1_M2_DISAGREE,UP,65.00,SELL PUTS,SMALL_POSITION,After Month 2 (recovery signal),2026-01,DOWN,76.3,NO,2026-02,UP,38.4,YES,2026-03,DOWN
INDIGOPNTS,2025-Q4,M1_M2_DISAGREE,UP,65.00,SELL PUTS,SMALL_POSITION,After Month 2 (recovery signal),2025-10,DOWN,46.8,NO,2025-11,UP,77.9,YES,2025-12,DOWN
INDIQUBE,2025-Q4,M1_M2_DISAGREE,UP,65.00,SELL PUTS,SMALL_POSITION,After Month 2 (recovery signal),2025-10,DOWN,65.1,NO,2025-11,UP,33.8,YES,2025-12,DOWN
INDIQUBE,2026-Q1,M1_M2_DISAGREE,UP,65.00,SELL PUTS,SMALL_POSITION,After Month 2 (recovery signal),2026-01,DOWN,74.3,NO,2026-02,UP,7.8,NO,2026-03,DOWN
INDNIPPON,2026-Q1,M1_M2_DISAGREE,UP,65.00,SELL PUTS,SMALL_POSITION,After Month 2 (recovery signal),2026-01,DOWN,66.9,NO,2026-02,UP,57.3,YES,2026-03,DOWN
INDOBORAX,2026-Q1,M1_M2_DISAGREE,UP,65.00,SELL PUTS,SMALL_POSITION,After Month 2 (recovery signal),2026-01,DOWN,79.8,NO,2026-02,UP,4.3,NO,2026-03,UP
INDOSTAR,2026-Q1,M1_M2_DISAGREE,UP,65.00,SELL PUTS,SMALL_POSITION,After Month 2 (recovery signal),2026-01,DOWN,47.6,NO,2026-02,UP,19.6,YES,2026-03,DOWN
INDOTECH,2026-Q1,M1_M2_DISAGREE,UP,65.00,SELL PUTS,SMALL_POSITION,After Month 2 (recovery signal),2026-01,DOWN,44.1,NO,2026-02,UP,52.4,YES,2026-03,DOWN
INDOTHAI,2026-Q1,M1_M2_DISAGREE,UP,65.00,SELL PUTS,SMALL_POSITION,After Month 2 (recovery signal),2026-01,DOWN,74.1,NO,2026-02,UP,61.2,YES,2026-03,DOWN
INDOWIND,2025-Q4,M1_M2_DISAGREE,UP,65.00,SELL PUTS,SMALL_POSITION,After Month 2 (recovery signal),2025-10,DOWN,32.3,NO,2025-11,UP,54.3,YES,2025-12,DOWN
INDRAMEDCO,2026-Q1,M1_M2_DISAGREE,UP,65.00,SELL PUTS,SMALL_POSITION,After Month 2 (recovery signal),2026-01,DOWN,74.2,NO,2026-02,UP,47.4,YES,2026-03,DOWN
INDUSINDBK,2026-Q1,M1_M2_DISAGREE,UP,65.00,SELL PUTS,SMALL_POSITION,After Month 2 (recovery signal),2026-01,DOWN,24.4,YES,2026-02,UP,59.6,YES,2026-03,DOWN
INDUSTOWER,2026-Q1,M1_M2_DISAGREE,UP,65.00,SELL PUTS,SMALL_POSITION,After Month 2 (recovery signal),2026-01,DOWN,40.3,YES,2026-02,UP,15.4,YES,2026-03,DOWN
INFRABEES,2026-Q1,M1_M2_DISAGREE,UP,65.00,SELL PUTS,SMALL_POSITION,After Month 2 (recovery signal),2026-01,DOWN,45.5,NO,2026-02,UP,18.7,YES,2026-03,DOWN
INFRAIETF,2026-Q1,M1_M2_DISAGREE,UP,65.00,SELL PUTS,SMALL_POSITION,After Month 2 (recovery signal),2026-01,DOWN,54.1,NO,2026-02,UP,31.0,YES,2026-03,DOWN
INGERRAND,2025-Q4,M1_M2_DISAGREE,UP,65.00,SELL PUTS,SMALL_POSITION,After Month 2 (recovery signal),2025-10,DOWN,16.6,NO,2025-11,UP,37.2,NO,2025-12,DOWN
INGERRAND,2026-Q1,M1_M2_DISAGREE,UP,65.00,SELL PUTS,SMALL_POSITION,After Month 2 (recovery signal),2026-01,DOWN,23.8,NO,2026-02,UP,73.4,YES,2026-03,DOWN
INNOVANA,2025-Q4,M1_M2_DISAGREE,UP,65.00,SELL PUTS,SMALL_POSITION,After Month 2 (recovery signal),2025-10,DOWN,12.8,NO,2025-11,UP,41.0,NO,2025-12,UP
INNOVANA,2026-Q1,M1_M2_DISAGREE,UP,65.00,SELL PUTS,SMALL_POSITION,After Month 2 (recovery signal),2026-01,DOWN,76.2,NO,2026-02,UP,61.3,YES,2026-03,DOWN
INOXINDIA,2026-Q1,M1_M2_DISAGREE,UP,65.00,SELL PUTS,SMALL_POSITION,After Month 2 (recovery signal),2026-01,DOWN,18.3,NO,2026-02,UP,43.2,YES,2026-03,UP
INSECTICID,2025-Q4,M1_M2_DISAGREE,UP,65.00,SELL PUTS,SMALL_POSITION,After Month 2 (recovery signal),2025-10,DOWN,65.3,NO,2025-11,UP,5.4,YES,2025-12,DOWN
INSECTICID,2026-Q1,M1_M2_DISAGREE,UP,65.00,SELL PUTS,SMALL_POSITION,After Month 2 (recovery signal),2026-01,DOWN,94.9,NO,2026-02,UP,38.1,YES,2026-03,DOWN
INSPIRISYS,2025-Q4,M1_M2_DISAGREE,UP,65.00,SELL PUTS,SMALL_POSITION,After Month 2 (recovery signal),2025-10,DOWN,21.1,NO,2025-11,UP,32.5,YES,2025-12,DOWN
INSPIRISYS,2026-Q1,M1_M2_DISAGREE,UP,65.00,SELL PUTS,SMALL_POSITION,After Month 2 (recovery signal),2026-01,DOWN,24.7,NO,2026-02,UP,3.3,NO,2026-03,DOWN
INTLCONV,2026-Q1,M1_M2_DISAGREE,UP,65.00,SELL PUTS,SMALL_POSITION,After Month 2 (recovery signal),2026-01,DOWN,70.6,NO,2026-02,UP,1.9,NO,2026-03,DOWN
INVENTURE,2026-Q1,M1_M2_DISAGREE,UP,65.00,SELL PUTS,SMALL_POSITION,After Month 2 (recovery signal),2026-01,DOWN,10.0,NO,2026-02,UP,13.3,NO,2026-03,UP
IOB,2026-Q1,M1_M2_DISAGREE,UP,65.00,SELL PUTS,SMALL_POSITION,After Month 2 (recovery signal),2026-01,DOWN,8.9,NO,2026-02,UP,41.5,YES,2026-03,DOWN
IOC,2026-Q1,M1_M2_DISAGREE,UP,65.00,SELL PUTS,SMALL_POSITION,After Month 2 (recovery signal),2026-01,DOWN,30.0,NO,2026-02,UP,77.9,YES,2026-03,DOWN
IOLCP,2025-Q4,M1_M2_DISAGREE,UP,65.00,SELL PUTS,SMALL_POSITION,After Month 2 (recovery signal),2025-10,DOWN,65.3,NO,2025-11,UP,18.6,NO,2025-12,DOWN
IOLCP,2026-Q1,M1_M2_DISAGREE,UP,65.00,SELL PUTS,SMALL_POSITION,After Month 2 (recovery signal),2026-01,DOWN,53.4,NO,2026-02,UP,2.3,NO,2026-03,DOWN
IONEXCHANG,2026-Q1,M1_M2_DISAGREE,UP,65.00,SELL PUTS,SMALL_POSITION,After Month 2 (recovery signal),2026-01,DOWN,32.3,NO,2026-02,UP,11.8,YES,2026-03,UP
IPCALAB,2025-Q4,M1_M2_DISAGREE,UP,65.00,SELL PUTS,SMALL_POSITION,After Month 2 (recovery signal),2025-10,DOWN,44.6,NO,2025-11,UP,63.2,YES,2025-12,DOWN
IPL,2026-Q1,M1_M2_DISAGREE,UP,65.00,SELL PUTS,SMALL_POSITION,After Month 2 (recovery signal),2026-01,DOWN,47.0,NO,2026-02,UP,0.7,NO,2026-03,DOWN
IRISDOREME,2025-Q4,M1_M2_DISAGREE,UP,65.00,SELL PUTS,SMALL_POSITION,After Month 2 (recovery signal),2025-10,DOWN,25.4,YES,2025-11,UP,13.6,NO,2025-12,UP
IRISDOREME,2026-Q1,M1_M2_DISAGREE,UP,65.00,SELL PUTS,SMALL_POSITION,After Month 2 (recovery signal),2026-01,DOWN,53.0,NO,2026-02,UP,10.8,NO,2026-03,DOWN
IRMENERGY,2026-Q1,M1_M2_DISAGREE,UP,65.00,SELL PUTS,SMALL_POSITION,After Month 2 (recovery signal),2026-01,DOWN,64.2,NO,2026-02,UP,16.0,NO,2026-03,DOWN
ISGEC,2026-Q1,M1_M2_DISAGREE,UP,65.00,SELL PUTS,SMALL_POSITION,After Month 2 (recovery signal),2026-01,DOWN,67.5,NO,2026-02,UP,48.5,YES,2026-03,UP
ITC,2026-Q1,M1_M2_DISAGREE,UP,65.00,SELL PUTS,SMALL_POSITION,After Month 2 (recovery signal),2026-01,DOWN,93.2,NO,2026-02,UP,32.3,NO,2026-03,DOWN
IVALUE,2025-Q4,M1_M2_DISAGREE,UP,65.00,SELL PUTS,SMALL_POSITION,After Month 2 (recovery signal),2025-10,DOWN,20.5,YES,2025-11,UP,24.5,YES,2025-12,DOWN
IVC,2025-Q4,M1_M2_DISAGREE,UP,65.00,SELL PUTS,SMALL_POSITION,After Month 2 (recovery signal),2025-10,DOWN,31.8,NO,2025-11,UP,11.3,YES,2025-12,UP
IVZINGOLD,2025-Q4,M1_M2_DISAGREE,UP,65.00,SELL PUTS,SMALL_POSITION,After Month 2 (recovery signal),2025-10,DOWN,18.9,YES,2025-11,UP,53.7,YES,2025-12,UP
IVZINNIFTY,2026-Q1,M1_M2_DISAGREE,UP,65.00,SELL PUTS,SMALL_POSITION,After Month 2 (recovery signal),2026-01,DOWN,67.2,NO,2026-02,UP,4.7,NO,2026-03,DOWN
IXIGO,2025-Q4,M1_M2_DISAGREE,UP,65.00,SELL PUTS,SMALL_POSITION,After Month 2 (recovery signal),2025-10,DOWN,3.6,YES,2025-11,UP,6.3,NO,2025-12,UP
IZMO,2025-Q4,M1_M2_DISAGREE,UP,65.00,SELL PUTS,SMALL_POSITION,After Month 2 (recovery signal),2025-10,DOWN,85.0,NO,2025-11,UP,33.2,YES,2025-12,DOWN
IZMO,2026-Q1,M1_M2_DISAGREE,UP,65.00,SELL PUTS,SMALL_POSITION,After Month 2 (recovery signal),2026-01,DOWN,84.6,NO,2026-02,UP,45.9,YES,2026-03,UP
JAGSNPHARM,2026-Q1,M1_M2_DISAGREE,UP,65.00,SELL PUTS,SMALL_POSITION,After Month 2 (recovery signal),2026-01,DOWN,61.4,NO,2026-02,UP,4.1,YES,2026-03,UP
JAICORPLTD,2026-Q1,M1_M2_DISAGREE,UP,65.00,SELL PUTS,SMALL_POSITION,After Month 2 (recovery signal),2026-01,DOWN,68.0,NO,2026-02,UP,13.1,NO,2026-03,DOWN
JAMNAAUTO,2025-Q4,M1_M2_DISAGREE,UP,65.00,SELL PUTS,SMALL_POSITION,After Month 2 (recovery signal),2025-10,DOWN,57.6,NO,2025-11,UP,70.1,YES,2025-12,UP
JAMNAAUTO,2026-Q1,M1_M2_DISAGREE,UP,65.00,SELL PUTS,SMALL_POSITION,After Month 2 (recovery signal),2026-01,DOWN,12.5,NO,2026-02,UP,68.1,YES,2026-03,DOWN
JARO,2025-Q4,M1_M2_DISAGREE,UP,65.00,SELL PUTS,SMALL_POSITION,After Month 2 (recovery signal),2025-10,DOWN,61.6,NO,2025-11,UP,18.8,YES,2025-12,DOWN
JASH,2026-Q1,M1_M2_DISAGREE,UP,65.00,SELL PUTS,SMALL_POSITION,After Month 2 (recovery signal),2026-01,DOWN,68.8,NO,2026-02,UP,15.8,YES,2026-03,DOWN
JAYAGROGN,2026-Q1,M1_M2_DISAGREE,UP,65.00,SELL PUTS,SMALL_POSITION,After Month 2 (recovery signal),2026-01,DOWN,66.1,NO,2026-02,UP,23.3,NO,2026-03,DOWN
JAYBARMARU,2025-Q4,M1_M2_DISAGREE,UP,65.00,SELL PUTS,SMALL_POSITION,After Month 2 (recovery signal),2025-10,DOWN,75.5,NO,2025-11,UP,0.8,NO,2025-12,UP
JAYBARMARU,2026-Q1,M1_M2_DISAGREE,UP,65.00,SELL PUTS,SMALL_POSITION,After Month 2 (recovery signal),2026-01,DOWN,31.7,NO,2026-02,UP,67.9,YES,2026-03,DOWN
JAYNECOIND,2026-Q1,M1_M2_DISAGREE,UP,65.00,SELL PUTS,SMALL_POSITION,After Month 2 (recovery signal),2026-01,DOWN,60.7,NO,2026-02,UP,26.6,YES,2026-03,DOWN
JAYSREETEA,2026-Q1,M1_M2_DISAGREE,UP,65.00,SELL PUTS,SMALL_POSITION,After Month 2 (recovery signal),2026-01,DOWN,70.5,NO,2026-02,UP,4.1,YES,2026-03,UP
JBCHEPHARM,2026-Q1,M1_M2_DISAGREE,UP,65.00,SELL PUTS,SMALL_POSITION,After Month 2 (recovery signal),2026-01,DOWN,26.4,YES,2026-02,UP,60.5,YES,2026-03,UP
JBMA,2026-Q1,M1_M2_DISAGREE,UP,65.00,SELL PUTS,SMALL_POSITION,After Month 2 (recovery signal),2026-01,DOWN,35.6,NO,2026-02,UP,21.2,NO,2026-03,DOWN
JETFREIGHT,2025-Q4,M1_M2_DISAGREE,UP,65.00,SELL PUTS,SMALL_POSITION,After Month 2 (recovery signal),2025-10,DOWN,64.3,NO,2025-11,UP,75.3,YES,2025-12,DOWN
JGCHEM,2026-Q1,M1_M2_DISAGREE,UP,65.00,SELL PUTS,SMALL_POSITION,After Month 2 (recovery signal),2026-01,DOWN,66.9,NO,2026-02,UP,34.2,YES,2026-03,DOWN
JINDALPOLY,2026-Q1,M1_M2_DISAGREE,UP,65.00,SELL PUTS,SMALL_POSITION,After Month 2 (recovery signal),2026-01,DOWN,77.3,NO,2026-02,UP,82.0,YES,2026-03,UP
JINDWORLD,2026-Q1,M1_M2_DISAGREE,UP,65.00,SELL PUTS,SMALL_POSITION,After Month 2 (recovery signal),2026-01,DOWN,56.3,NO,2026-02,UP,5.6,NO,2026-03,DOWN
JIOFIN,2026-Q1,M1_M2_DISAGREE,UP,65.00,SELL PUTS,SMALL_POSITION,After Month 2 (recovery signal),2026-01,DOWN,73.3,NO,2026-02,UP,3.5,YES,2026-03,DOWN
JISLDVREQS,2026-Q1,M1_M2_DISAGREE,UP,65.00,SELL PUTS,SMALL_POSITION,After Month 2 (recovery signal),2026-01,DOWN,75.7,NO,2026-02,UP,13.6,YES,2026-03,UP
JKCEMENT,2026-Q1,M1_M2_DISAGREE,UP,65.00,SELL PUTS,SMALL_POSITION,After Month 2 (recovery signal),2026-01,DOWN,0.7,NO,2026-02,UP,13.2,YES,2026-03,DOWN
JKPAPER,2026-Q1,M1_M2_DISAGREE,UP,65.00,SELL PUTS,SMALL_POSITION,After Month 2 (recovery signal),2026-01,DOWN,50.2,NO,2026-02,UP,43.1,YES,2026-03,DOWN
JMA,2026-Q1,M1_M2_DISAGREE,UP,65.00,SELL PUTS,SMALL_POSITION,After Month 2 (recovery signal),2026-01,DOWN,26.4,NO,2026-02,UP,56.4,YES,2026-03,DOWN
JMFINANCIL,2026-Q1,M1_M2_DISAGREE,UP,65.00,SELL PUTS,SMALL_POSITION,After Month 2 (recovery signal),2026-01,DOWN,84.3,NO,2026-02,UP,3.4,NO,2026-03,DOWN
JNKINDIA,2026-Q1,M1_M2_DISAGREE,UP,65.00,SELL PUTS,SMALL_POSITION,After Month 2 (recovery signal),2026-01,DOWN,47.6,NO,2026-02,UP,8.9,YES,2026-03,UP
JOCIL,2026-Q1,M1_M2_DISAGREE,UP,65.00,SELL PUTS,SMALL_POSITION,After Month 2 (recovery signal),2026-01,DOWN,50.1,NO,2026-02,UP,34.1,YES,2026-03,DOWN
JPOLYINVST,2026-Q1,M1_M2_DISAGREE,UP,65.00,SELL PUTS,SMALL_POSITION,After Month 2 (recovery signal),2026-01,DOWN,26.7,NO,2026-02,UP,45.2,YES,2026-03,UP
JSFB,2026-Q1,M1_M2_DISAGREE,UP,65.00,SELL PUTS,SMALL_POSITION,After Month 2 (recovery signal),2026-01,DOWN,74.7,NO,2026-02,UP,9.5,YES,2026-03,DOWN
JSWCEMENT,2026-Q1,M1_M2_DISAGREE,UP,65.00,SELL PUTS,SMALL_POSITION,After Month 2 (recovery signal),2026-01,DOWN,40.4,NO,2026-02,UP,60.7,YES,2026-03,DOWN
JSWENERGY,2026-Q1,M1_M2_DISAGREE,UP,65.00,SELL PUTS,SMALL_POSITION,After Month 2 (recovery signal),2026-01,DOWN,27.0,NO,2026-02,UP,33.9,YES,2026-03,UP
JSWINFRA,2026-Q1,M1_M2_DISAGREE,UP,65.00,SELL PUTS,SMALL_POSITION,After Month 2 (recovery signal),2026-01,DOWN,81.8,NO,2026-02,UP,14.7,NO,2026-03,UP
JTEKTINDIA,2026-Q1,M1_M2_DISAGREE,UP,65.00,SELL PUTS,SMALL_POSITION,After Month 2 (recovery signal),2026-01,DOWN,12.1,NO,2026-02,UP,14.9,YES,2026-03,DOWN
JTLIND,2025-Q4,M1_M2_DISAGREE,UP,65.00,SELL PUTS,SMALL_POSITION,After Month 2 (recovery signal),2025-10,DOWN,34.0,NO,2025-11,UP,2.3,YES,2025-12,DOWN
JUBLFOOD,2025-Q4,M1_M2_DISAGREE,UP,65.00,SELL PUTS,SMALL_POSITION,After Month 2 (recovery signal),2025-10,DOWN,32.5,NO,2025-11,UP,4.6,YES,2025-12,DOWN
JUBLFOOD,2026-Q1,M1_M2_DISAGREE,UP,65.00,SELL PUTS,SMALL_POSITION,After Month 2 (recovery signal),2026-01,DOWN,77.2,NO,2026-02,UP,20.9,YES,2026-03,DOWN
JUNIORBEES,2026-Q1,M1_M2_DISAGREE,UP,65.00,SELL PUTS,SMALL_POSITION,After Month 2 (recovery signal),2026-01,DOWN,31.2,NO,2026-02,UP,4.2,YES,2026-03,DOWN
JUSTDIAL,2025-Q4,M1_M2_DISAGREE,UP,65.00,SELL PUTS,SMALL_POSITION,After Month 2 (recovery signal),2025-10,DOWN,52.3,NO,2025-11,UP,55.8,NO,2025-12,UP
JYOTHYLAB,2026-Q1,M1_M2_DISAGREE,UP,65.00,SELL PUTS,SMALL_POSITION,After Month 2 (recovery signal),2026-01,DOWN,73.7,NO,2026-02,UP,22.4,YES,2026-03,DOWN
JYOTICNC,2026-Q1,M1_M2_DISAGREE,UP,65.00,SELL PUTS,SMALL_POSITION,After Month 2 (recovery signal),2026-01,DOWN,84.4,NO,2026-02,UP,3.1,YES,2026-03,DOWN
JYOTISTRUC,2025-Q4,M1_M2_DISAGREE,UP,65.00,SELL PUTS,SMALL_POSITION,After Month 2 (recovery signal),2025-10,DOWN,77.1,NO,2025-11,UP,58.8,NO,2025-12,DOWN
JYOTISTRUC,2026-Q1,M1_M2_DISAGREE,UP,65.00,SELL PUTS,SMALL_POSITION,After Month 2 (recovery signal),2026-01,DOWN,4.0,NO,2026-02,UP,60.3,YES,2026-03,DOWN
KABRAEXTRU,2026-Q1,M1_M2_DISAGREE,UP,65.00,SELL PUTS,SMALL_POSITION,After Month 2 (recovery signal),2026-01,DOWN,58.8,NO,2026-02,UP,65.5,YES,2026-03,DOWN
KAJARIACER,2026-Q1,M1_M2_DISAGREE,UP,65.00,SELL PUTS,SMALL_POSITION,After Month 2 (recovery signal),2026-01,DOWN,52.1,NO,2026-02,UP,38.5,YES,2026-03,DOWN
KALAMANDIR,2026-Q1,M1_M2_DISAGREE,UP,65.00,SELL PUTS,SMALL_POSITION,After Month 2 (recovery signal),2026-01,DOWN,88.6,NO,2026-02,UP,10.1,YES,2026-03,DOWN
KALPATARU,2026-Q1,M1_M2_DISAGREE,UP,65.00,SELL PUTS,SMALL_POSITION,After Month 2 (recovery signal),2026-01,DOWN,16.7,NO,2026-02,UP,5.3,NO,2026-03,UP
KALYANIFRG,2026-Q1,M1_M2_DISAGREE,UP,65.00,SELL PUTS,SMALL_POSITION,After Month 2 (recovery signal),2026-01,DOWN,27.9,NO,2026-02,UP,8.9,YES,2026-03,DOWN
KALYANKJIL,2026-Q1,M1_M2_DISAGREE,UP,65.00,SELL PUTS,SMALL_POSITION,After Month 2 (recovery signal),2026-01,DOWN,67.4,NO,2026-02,UP,47.7,YES,2026-03,DOWN
KANORICHEM,2026-Q1,M1_M2_DISAGREE,UP,65.00,SELL PUTS,SMALL_POSITION,After Month 2 (recovery signal),2026-01,DOWN,47.5,NO,2026-02,UP,3.3,YES,2026-03,DOWN
KANPRPLA,2026-Q1,M1_M2_DISAGREE,UP,65.00,SELL PUTS,SMALL_POSITION,After Month 2 (recovery signal),2026-01,DOWN,13.2,NO,2026-02,UP,19.7,NO,2026-03,DOWN
KARMAENG,2026-Q1,M1_M2_DISAGREE,UP,65.00,SELL PUTS,SMALL_POSITION,After Month 2 (recovery signal),2026-01,DOWN,89.8,NO,2026-02,UP,28.4,YES,2026-03,DOWN
KAUSHALYA,2026-Q1,M1_M2_DISAGREE,UP,65.00,SELL PUTS,SMALL_POSITION,After Month 2 (recovery signal),2026-01,DOWN,44.2,NO,2026-02,UP,61.0,YES,2026-03,DOWN
KAVDEFENCE,2025-Q4,M1_M2_DISAGREE,UP,65.00,SELL PUTS,SMALL_POSITION,After Month 2 (recovery signal),2025-10,DOWN,98.3,NO,2025-11,UP,25.9,NO,2025-12,DOWN
KAYNES,2026-Q1,M1_M2_DISAGREE,UP,65.00,SELL PUTS,SMALL_POSITION,After Month 2 (recovery signal),2026-01,DOWN,67.8,NO,2026-02,UP,42.7,YES,2026-03,DOWN
KCPSUGIND,2026-Q1,M1_M2_DISAGREE,UP,65.00,SELL PUTS,SMALL_POSITION,After Month 2 (recovery signal),2026-01,DOWN,73.7,NO,2026-02,UP,21.5,NO,2026-03,DOWN
KECL,2026-Q1,M1_M2_DISAGREE,UP,65.00,SELL PUTS,SMALL_POSITION,After Month 2 (recovery signal),2026-01,DOWN,69.8,NO,2026-02,UP,19.1,YES,2026-03,DOWN
KEI,2026-Q1,M1_M2_DISAGREE,UP,65.00,SELL PUTS,SMALL_POSITION,After Month 2 (recovery signal),2026-01,DOWN,58.2,NO,2026-02,UP,79.8,YES,2026-03,DOWN
KELLTONTEC,2026-Q1,M1_M2_DISAGREE,UP,65.00,SELL PUTS,SMALL_POSITION,After Month 2 (recovery signal),2026-01,DOWN,70.4,NO,2026-02,UP,50.2,YES,2026-03,DOWN
KESORAMIND,2025-Q4,M1_M2_DISAGREE,UP,65.00,SELL PUTS,SMALL_POSITION,After Month 2 (recovery signal),2025-10,DOWN,39.3,NO,2025-11,UP,5.4,YES,2025-12,UP
KESORAMIND,2026-Q1,M1_M2_DISAGREE,UP,65.00,SELL PUTS,SMALL_POSITION,After Month 2 (recovery signal),2026-01,DOWN,80.4,NO,2026-02,UP,21.5,NO,2026-03,DOWN
KEYFINSERV,2026-Q1,M1_M2_DISAGREE,UP,65.00,SELL PUTS,SMALL_POSITION,After Month 2 (recovery signal),2026-01,DOWN,80.2,NO,2026-02,UP,9.1,YES,2026-03,DOWN
KFINTECH,2026-Q1,M1_M2_DISAGREE,UP,65.00,SELL PUTS,SMALL_POSITION,After Month 2 (recovery signal),2026-01,DOWN,60.2,NO,2026-02,UP,51.0,NO,2026-03,UP
KICL,2026-Q1,M1_M2_DISAGREE,UP,65.00,SELL PUTS,SMALL_POSITION,After Month 2 (recovery signal),2026-01,DOWN,38.6,NO,2026-02,UP,35.9,YES,2026-03,DOWN
KIMS,2026-Q1,M1_M2_DISAGREE,UP,65.00,SELL PUTS,SMALL_POSITION,After Month 2 (recovery signal),2026-01,DOWN,10.4,NO,2026-02,UP,76.6,YES,2026-03,DOWN
KINGFA,2026-Q1,M1_M2_DISAGREE,UP,65.00,SELL PUTS,SMALL_POSITION,After Month 2 (recovery signal),2026-01,DOWN,27.8,NO,2026-02,UP,23.9,YES,2026-03,DOWN
KIRIINDUS,2025-Q4,M1_M2_DISAGREE,UP,65.00,SELL PUTS,SMALL_POSITION,After Month 2 (recovery signal),2025-10,DOWN,25.8,NO,2025-11,UP,69.4,YES,2025-12,UP
KIRIINDUS,2026-Q1,M1_M2_DISAGREE,UP,65.00,SELL PUTS,SMALL_POSITION,After Month 2 (recovery signal),2026-01,DOWN,89.0,NO,2026-02,UP,13.8,NO,2026-03,DOWN
KIRLOSBROS,2026-Q1,M1_M2_DISAGREE,UP,65.00,SELL PUTS,SMALL_POSITION,After Month 2 (recovery signal),2026-01,DOWN,23.3,NO,2026-02,UP,6.9,YES,2026-03,DOWN
KIRLOSENG,2026-Q1,M1_M2_DISAGREE,UP,65.00,SELL PUTS,SMALL_POSITION,After Month 2 (recovery signal),2026-01,DOWN,24.5,NO,2026-02,UP,57.5,YES,2026-03,UP
KIRLPNU,2025-Q4,M1_M2_DISAGREE,UP,65.00,SELL PUTS,SMALL_POSITION,After Month 2 (recovery signal),2025-10,DOWN,66.1,NO,2025-11,UP,31.3,NO,2025-12,DOWN
KKCL,2025-Q4,M1_M2_DISAGREE,UP,65.00,SELL PUTS,SMALL_POSITION,After Month 2 (recovery signal),2025-10,DOWN,24.8,NO,2025-11,UP,15.5,NO,2025-12,DOWN
KMSUGAR,2026-Q1,M1_M2_DISAGREE,UP,65.00,SELL PUTS,SMALL_POSITION,After Month 2 (recovery signal),2026-01,DOWN,81.1,NO,2026-02,UP,25.6,YES,2026-03,UP
KNAGRI,2026-Q1,M1_M2_DISAGREE,UP,65.00,SELL PUTS,SMALL_POSITION,After Month 2 (recovery signal),2026-01,DOWN,80.2,NO,2026-02,UP,18.7,YES,2026-03,DOWN
KOHINOOR,2026-Q1,M1_M2_DISAGREE,UP,65.00,SELL PUTS,SMALL_POSITION,After Month 2 (recovery signal),2026-01,DOWN,45.5,NO,2026-02,UP,20.5,YES,2026-03,DOWN
KOPRAN,2026-Q1,M1_M2_DISAGREE,UP,65.00,SELL PUTS,SMALL_POSITION,After Month 2 (recovery signal),2026-01,DOWN,69.4,NO,2026-02,UP,15.5,YES,2026-03,DOWN
KOTAKBANK,2026-Q1,M1_M2_DISAGREE,UP,65.00,SELL PUTS,SMALL_POSITION,After Month 2 (recovery signal),2026-01,DOWN,98.6,NO,2026-02,UP,23.9,YES,2026-03,DOWN
KOTARISUG,2026-Q1,M1_M2_DISAGREE,UP,65.00,SELL PUTS,SMALL_POSITION,After Month 2 (recovery signal),2026-01,DOWN,70.9,NO,2026-02,UP,0.9,YES,2026-03,UP
KOTHARIPRO,2026-Q1,M1_M2_DISAGREE,UP,65.00,SELL PUTS,SMALL_POSITION,After Month 2 (recovery signal),2026-01,DOWN,55.7,NO,2026-02,UP,5.2,NO,2026-03,DOWN
KPEL,2026-Q1,M1_M2_DISAGREE,UP,65.00,SELL PUTS,SMALL_POSITION,After Month 2 (recovery signal),2026-01,DOWN,85.6,NO,2026-02,UP,19.7,NO,2026-03,UP
KPIL,2026-Q1,M1_M2_DISAGREE,UP,65.00,SELL PUTS,SMALL_POSITION,After Month 2 (recovery signal),2026-01,DOWN,46.1,NO,2026-02,UP,57.9,YES,2026-03,DOWN
KRBL,2026-Q1,M1_M2_DISAGREE,UP,65.00,SELL PUTS,SMALL_POSITION,After Month 2 (recovery signal),2026-01,DOWN,66.1,NO,2026-02,UP,3.4,NO,2026-03,DOWN
KREBSBIO,2026-Q1,M1_M2_DISAGREE,UP,65.00,SELL PUTS,SMALL_POSITION,After Month 2 (recovery signal),2026-01,DOWN,70.8,NO,2026-02,UP,25.8,NO,2026-03,DOWN
KRIDHANINF,2025-Q4,M1_M2_DISAGREE,UP,65.00,SELL PUTS,SMALL_POSITION,After Month 2 (recovery signal),2025-10,DOWN,12.3,NO,2025-11,UP,17.4,YES,2025-12,DOWN
KRISHANA,2026-Q1,M1_M2_DISAGREE,UP,65.00,SELL PUTS,SMALL_POSITION,After Month 2 (recovery signal),2026-01,DOWN,67.3,NO,2026-02,UP,4.8,YES,2026-03,UP
KRITI,2026-Q1,M1_M2_DISAGREE,UP,65.00,SELL PUTS,SMALL_POSITION,After Month 2 (recovery signal),2026-01,DOWN,12.7,NO,2026-02,UP,3.3,YES,2026-03,UP
KRN,2025-Q4,M1_M2_DISAGREE,UP,65.00,SELL PUTS,SMALL_POSITION,After Month 2 (recovery signal),2025-10,DOWN,47.3,NO,2025-11,UP,29.3,YES,2025-12,DOWN
KRN,2026-Q1,M1_M2_DISAGREE,UP,65.00,SELL PUTS,SMALL_POSITION,After Month 2 (recovery signal),2026-01,DOWN,41.3,NO,2026-02,UP,87.2,YES,2026-03,DOWN
KROSS,2026-Q1,M1_M2_DISAGREE,UP,65.00,SELL PUTS,SMALL_POSITION,After Month 2 (recovery signal),2026-01,DOWN,18.6,YES,2026-02,UP,10.8,YES,2026-03,DOWN
KSB,2026-Q1,M1_M2_DISAGREE,UP,65.00,SELL PUTS,SMALL_POSITION,After Month 2 (recovery signal),2026-01,DOWN,43.7,NO,2026-02,UP,52.6,YES,2026-03,UP
KSHINTL,2026-Q1,M1_M2_DISAGREE,UP,65.00,SELL PUTS,SMALL_POSITION,After Month 2 (recovery signal),2026-01,DOWN,20.5,NO,2026-02,UP,49.0,YES,2026-03,UP
KSHITIJPOL,2026-Q1,M1_M2_DISAGREE,UP,65.00,SELL PUTS,SMALL_POSITION,After Month 2 (recovery signal),2026-01,DOWN,67.9,NO,2026-02,UP,51.6,YES,2026-03,DOWN
KSL,2026-Q1,M1_M2_DISAGREE,UP,65.00,SELL PUTS,SMALL_POSITION,After Month 2 (recovery signal),2026-01,DOWN,49.7,NO,2026-02,UP,27.8,YES,2026-03,DOWN
KSOLVES,2026-Q1,M1_M2_DISAGREE,UP,65.00,SELL PUTS,SMALL_POSITION,After Month 2 (recovery signal),2026-01,DOWN,44.6,NO,2026-02,UP,55.6,YES,2026-03,DOWN
KTKBANK,2026-Q1,M1_M2_DISAGREE,UP,65.00,SELL PUTS,SMALL_POSITION,After Month 2 (recovery signal),2026-01,DOWN,63.4,NO,2026-02,UP,60.2,YES,2026-03,UP
KUANTUM,2026-Q1,M1_M2_DISAGREE,UP,65.00,SELL PUTS,SMALL_POSITION,After Month 2 (recovery signal),2026-01,DOWN,47.8,NO,2026-02,UP,16.8,YES,2026-03,DOWN
LAGNAM,2025-Q4,M1_M2_DISAGREE,UP,65.00,SELL PUTS,SMALL_POSITION,After Month 2 (recovery signal),2025-10,DOWN,20.5,NO,2025-11,UP,14.4,NO,2025-12,UP
LAGNAM,2026-Q1,M1_M2_DISAGREE,UP,65.00,SELL PUTS,SMALL_POSITION,After Month 2 (recovery signal),2026-01,DOWN,83.0,NO,2026-02,UP,39.2,YES,2026-03,DOWN
LAL,2026-Q1,M1_M2_DISAGREE,UP,65.00,SELL PUTS,SMALL_POSITION,After Month 2 (recovery signal),2026-01,DOWN,33.0,NO,2026-02,UP,46.8,NO,2026-03,DOWN
LALPATHLAB,2025-Q4,M1_M2_DISAGREE,UP,65.00,SELL PUTS,SMALL_POSITION,After Month 2 (recovery signal),2025-10,DOWN,15.1,YES,2025-11,UP,36.0,NO,2025-12,DOWN
LALPATHLAB,2026-Q1,M1_M2_DISAGREE,UP,65.00,SELL PUTS,SMALL_POSITION,After Month 2 (recovery signal),2026-01,DOWN,48.3,NO,2026-02,UP,2.6,YES,2026-03,DOWN
LAMBODHARA,2025-Q4,M1_M2_DISAGREE,UP,65.00,SELL PUTS,SMALL_POSITION,After Month 2 (recovery signal),2025-10,DOWN,28.9,YES,2025-11,UP,14.0,NO,2025-12,DOWN
LAMBODHARA,2026-Q1,M1_M2_DISAGREE,UP,65.00,SELL PUTS,SMALL_POSITION,After Month 2 (recovery signal),2026-01,DOWN,42.4,NO,2026-02,UP,21.7,NO,2026-03,DOWN
LANDMARK,2026-Q1,M1_M2_DISAGREE,UP,65.00,SELL PUTS,SMALL_POSITION,After Month 2 (recovery signal),2026-01,DOWN,64.5,NO,2026-02,UP,25.6,YES,2026-03,DOWN
LAOPALA,2026-Q1,M1_M2_DISAGREE,UP,65.00,SELL PUTS,SMALL_POSITION,After Month 2 (recovery signal),2026-01,DOWN,62.5,NO,2026-02,UP,53.4,YES,2026-03,DOWN
LATTEYS,2026-Q1,M1_M2_DISAGREE,UP,65.00,SELL PUTS,SMALL_POSITION,After Month 2 (recovery signal),2026-01,DOWN,8.9,NO,2026-02,UP,2.8,YES,2026-03,UP
LAURUSLABS,2026-Q1,M1_M2_DISAGREE,UP,65.00,SELL PUTS,SMALL_POSITION,After Month 2 (recovery signal),2026-01,DOWN,75.0,NO,2026-02,UP,54.9,YES,2026-03,DOWN
LAXMICOT,2026-Q1,M1_M2_DISAGREE,UP,65.00,SELL PUTS,SMALL_POSITION,After Month 2 (recovery signal),2026-01,DOWN,81.3,NO,2026-02,UP,13.5,YES,2026-03,DOWN
LAXMIDENTL,2026-Q1,M1_M2_DISAGREE,UP,65.00,SELL PUTS,SMALL_POSITION,After Month 2 (recovery signal),2026-01,DOWN,84.0,NO,2026-02,UP,8.1,YES,2026-03,DOWN
LAXMIINDIA,2026-Q1,M1_M2_DISAGREE,UP,65.00,SELL PUTS,SMALL_POSITION,After Month 2 (recovery signal),2026-01,DOWN,77.3,NO,2026-02,UP,6.7,YES,2026-03,DOWN
LCCINFOTEC,2025-Q4,M1_M2_DISAGREE,UP,65.00,SELL PUTS,SMALL_POSITION,After Month 2 (recovery signal),2025-10,DOWN,63.3,NO,2025-11,UP,72.3,YES,2025-12,DOWN
LENSKART,2026-Q1,M1_M2_DISAGREE,UP,65.00,SELL PUTS,SMALL_POSITION,After Month 2 (recovery signal),2026-01,DOWN,10.4,YES,2026-02,UP,73.4,YES,2026-03,DOWN
LEXUS,2026-Q1,M1_M2_DISAGREE,UP,65.00,SELL PUTS,SMALL_POSITION,After Month 2 (recovery signal),2026-01,DOWN,55.7,NO,2026-02,UP,86.3,YES,2026-03,DOWN
LFIC,2026-Q1,M1_M2_DISAGREE,UP,65.00,SELL PUTS,SMALL_POSITION,After Month 2 (recovery signal),2026-01,DOWN,91.4,NO,2026-02,UP,29.9,YES,2026-03,DOWN
LGBBROSLTD,2025-Q4,M1_M2_DISAGREE,UP,65.00,SELL PUTS,SMALL_POSITION,After Month 2 (recovery signal),2025-10,DOWN,20.7,YES,2025-11,UP,89.6,YES,2025-12,DOWN
LGBBROSLTD,2026-Q1,M1_M2_DISAGREE,UP,65.00,SELL PUTS,SMALL_POSITION,After Month 2 (recovery signal),2026-01,DOWN,23.3,NO,2026-02,UP,62.9,YES,2026-03,DOWN
LGEINDIA,2025-Q4,M1_M2_DISAGREE,UP,65.00,SELL PUTS,SMALL_POSITION,After Month 2 (recovery signal),2025-10,DOWN,38.0,NO,2025-11,UP,0.2,NO,2025-12,DOWN
LGEINDIA,2026-Q1,M1_M2_DISAGREE,UP,65.00,SELL PUTS,SMALL_POSITION,After Month 2 (recovery signal),2026-01,DOWN,30.8,NO,2026-02,UP,62.6,YES,2026-03,UP
LGHL,2025-Q4,M1_M2_DISAGREE,UP,65.00,SELL PUTS,SMALL_POSITION,After Month 2 (recovery signal),2025-10,DOWN,94.8,NO,2025-11,UP,27.5,YES,2025-12,UP
LGHL,2026-Q1,M1_M2_DISAGREE,UP,65.00,SELL PUTS,SMALL_POSITION,After Month 2 (recovery signal),2026-01,DOWN,8.4,NO,2026-02,UP,13.9,YES,2026-03,DOWN
LIBAS,2026-Q1,M1_M2_DISAGREE,UP,65.00,SELL PUTS,SMALL_POSITION,After Month 2 (recovery signal),2026-01,DOWN,56.5,NO,2026-02,UP,0.4,YES,2026-03,DOWN
LIBERTSHOE,2026-Q1,M1_M2_DISAGREE,UP,65.00,SELL PUTS,SMALL_POSITION,After Month 2 (recovery signal),2026-01,DOWN,41.3,NO,2026-02,UP,18.0,NO,2026-03,UP
LICHSGFIN,2026-Q1,M1_M2_DISAGREE,UP,65.00,SELL PUTS,SMALL_POSITION,After Month 2 (recovery signal),2026-01,DOWN,26.4,NO,2026-02,UP,21.1,YES,2026-03,DOWN
LICI,2026-Q1,M1_M2_DISAGREE,UP,65.00,SELL PUTS,SMALL_POSITION,After Month 2 (recovery signal),2026-01,DOWN,43.9,NO,2026-02,UP,12.8,YES,2026-03,DOWN
LICMFGOLD,2025-Q4,M1_M2_DISAGREE,UP,65.00,SELL PUTS,SMALL_POSITION,After Month 2 (recovery signal),2025-10,DOWN,14.1,YES,2025-11,UP,67.8,YES,2025-12,UP
LICNETFN50,2026-Q1,M1_M2_DISAGREE,UP,65.00,SELL PUTS,SMALL_POSITION,After Month 2 (recovery signal),2026-01,DOWN,68.6,NO,2026-02,UP,36.0,NO,2026-03,DOWN
LICNETFSEN,2026-Q1,M1_M2_DISAGREE,UP,65.00,SELL PUTS,SMALL_POSITION,After Month 2 (recovery signal),2026-01,DOWN,46.8,NO,2026-02,UP,26.9,NO,2026-03,DOWN
LICNFNHGP,2026-Q1,M1_M2_DISAGREE,UP,65.00,SELL PUTS,SMALL_POSITION,After Month 2 (recovery signal),2026-01,DOWN,53.8,NO,2026-02,UP,1.8,NO,2026-03,DOWN
LICNMID100,2026-Q1,M1_M2_DISAGREE,UP,65.00,SELL PUTS,SMALL_POSITION,After Month 2 (recovery signal),2026-01,DOWN,36.9,NO,2026-02,UP,7.5,YES,2026-03,DOWN
LINC,2026-Q1,M1_M2_DISAGREE,UP,65.00,SELL PUTS,SMALL_POSITION,After Month 2 (recovery signal),2026-01,DOWN,1.8,NO,2026-02,UP,2.4,YES,2026-03,UP
LINCOLN,2026-Q1,M1_M2_DISAGREE,UP,65.00,SELL PUTS,SMALL_POSITION,After Month 2 (recovery signal),2026-01,DOWN,41.1,NO,2026-02,UP,74.0,YES,2026-03,DOWN
LINDEINDIA,2025-Q4,M1_M2_DISAGREE,UP,65.00,SELL PUTS,SMALL_POSITION,After Month 2 (recovery signal),2025-10,DOWN,68.0,NO,2025-11,UP,15.5,NO,2025-12,UP
LINDEINDIA,2026-Q1,M1_M2_DISAGREE,UP,65.00,SELL PUTS,SMALL_POSITION,After Month 2 (recovery signal),2026-01,DOWN,11.5,YES,2026-02,UP,65.2,YES,2026-03,UP
LIQGRWBEES,2026-Q1,M1_M2_DISAGREE,UP,65.00,SELL PUTS,SMALL_POSITION,After Month 2 (recovery signal),2026-01,DOWN,11.9,YES,2026-02,UP,50.6,YES,2026-03,UP
LIQUID1,2025-Q4,M1_M2_DISAGREE,UP,65.00,SELL PUTS,SMALL_POSITION,After Month 2 (recovery signal),2025-10,DOWN,42.0,YES,2025-11,UP,53.7,YES,2025-12,UP
LIQUIDBEES,2026-Q1,M1_M2_DISAGREE,UP,65.00,SELL PUTS,SMALL_POSITION,After Month 2 (recovery signal),2026-01,DOWN,0.0,YES,2026-02,UP,1.3,YES,2026-03,DOWN
LLOYDSENGG,2026-Q1,M1_M2_DISAGREE,UP,65.00,SELL PUTS,SMALL_POSITION,After Month 2 (recovery signal),2026-01,DOWN,70.4,NO,2026-02,UP,21.3,YES,2026-03,DOWN
LLOYDSME,2026-Q1,M1_M2_DISAGREE,UP,65.00,SELL PUTS,SMALL_POSITION,After Month 2 (recovery signal),2026-01,DOWN,76.0,NO,2026-02,UP,48.4,YES,2026-03,DOWN
LMW,2026-Q1,M1_M2_DISAGREE,UP,65.00,SELL PUTS,SMALL_POSITION,After Month 2 (recovery signal),2026-01,DOWN,2.1,YES,2026-02,UP,10.6,NO,2026-03,DOWN
LODHA,2026-Q1,M1_M2_DISAGREE,UP,65.00,SELL PUTS,SMALL_POSITION,After Month 2 (recovery signal),2026-01,DOWN,32.7,NO,2026-02,UP,6.4,YES,2026-03,DOWN
LOKESHMACH,2026-Q1,M1_M2_DISAGREE,UP,65.00,SELL PUTS,SMALL_POSITION,After Month 2 (recovery signal),2026-01,DOWN,17.2,YES,2026-02,UP,55.0,YES,2026-03,UP
LOVABLE,2026-Q1,M1_M2_DISAGREE,UP,65.00,SELL PUTS,SMALL_POSITION,After Month 2 (recovery signal),2026-01,DOWN,66.8,NO,2026-02,UP,3.3,NO,2026-03,DOWN
LOWVOL,2026-Q1,M1_M2_DISAGREE,UP,65.00,SELL PUTS,SMALL_POSITION,After Month 2 (recovery signal),2026-01,DOWN,58.4,NO,2026-02,UP,8.7,YES,2026-03,DOWN
LOWVOL1,2026-Q1,M1_M2_DISAGREE,UP,65.00,SELL PUTS,SMALL_POSITION,After Month 2 (recovery signal),2026-01,DOWN,28.5,NO,2026-02,UP,48.5,YES,2026-03,DOWN
LOWVOLIETF,2026-Q1,M1_M2_DISAGREE,UP,65.00,SELL PUTS,SMALL_POSITION,After Month 2 (recovery signal),2026-01,DOWN,26.8,NO,2026-02,UP,22.4,NO,2026-03,DOWN
LOYALTEX,2026-Q1,M1_M2_DISAGREE,UP,65.00,SELL PUTS,SMALL_POSITION,After Month 2 (recovery signal),2026-01,DOWN,42.8,NO,2026-02,UP,14.5,YES,2026-03,DOWN
LPDC,2025-Q4,M1_M2_DISAGREE,UP,65.00,SELL PUTS,SMALL_POSITION,After Month 2 (recovery signal),2025-10,DOWN,42.2,NO,2025-11,UP,13.4,NO,2025-12,DOWN
LT,2026-Q1,M1_M2_DISAGREE,UP,65.00,SELL PUTS,SMALL_POSITION,After Month 2 (recovery signal),2026-01,DOWN,32.6,NO,2026-02,UP,46.4,YES,2026-03,DOWN
LTF,2026-Q1,M1_M2_DISAGREE,UP,65.00,SELL PUTS,SMALL_POSITION,After Month 2 (recovery signal),2026-01,DOWN,56.8,NO,2026-02,UP,14.9,NO,2026-03,DOWN
LTFOODS,2026-Q1,M1_M2_DISAGREE,UP,65.00,SELL PUTS,SMALL_POSITION,After Month 2 (recovery signal),2026-01,DOWN,34.1,NO,2026-02,UP,31.6,YES,2026-03,UP
LTGILTBEES,2026-Q1,M1_M2_DISAGREE,UP,65.00,SELL PUTS,SMALL_POSITION,After Month 2 (recovery signal),2026-01,DOWN,52.1,NO,2026-02,UP,17.1,NO,2026-03,UP
LTTS,2025-Q4,M1_M2_DISAGREE,UP,65.00,SELL PUTS,SMALL_POSITION,After Month 2 (recovery signal),2025-10,DOWN,11.2,NO,2025-11,UP,70.1,YES,2025-12,UP
LUMAXIND,2025-Q4,M1_M2_DISAGREE,UP,65.00,SELL PUTS,SMALL_POSITION,After Month 2 (recovery signal),2025-10,DOWN,10.8,NO,2025-11,UP,48.9,YES,2025-12,DOWN
LUMAXIND,2026-Q1,M1_M2_DISAGREE,UP,65.00,SELL PUTS,SMALL_POSITION,After Month 2 (recovery signal),2026-01,DOWN,32.5,NO,2026-02,UP,47.2,YES,2026-03,DOWN
LUMAXTECH,2025-Q4,M1_M2_DISAGREE,UP,65.00,SELL PUTS,SMALL_POSITION,After Month 2 (recovery signal),2025-10,DOWN,56.0,NO,2025-11,UP,97.5,YES,2025-12,UP
LUMAXTECH,2026-Q1,M1_M2_DISAGREE,UP,65.00,SELL PUTS,SMALL_POSITION,After Month 2 (recovery signal),2026-01,DOWN,49.3,NO,2026-02,UP,67.5,YES,2026-03,DOWN
LUPIN,2025-Q4,M1_M2_DISAGREE,UP,65.00,SELL PUTS,SMALL_POSITION,After Month 2 (recovery signal),2025-10,DOWN,49.6,YES,2025-11,UP,77.1,YES,2025-12,UP
LUXIND,2026-Q1,M1_M2_DISAGREE,UP,65.00,SELL PUTS,SMALL_POSITION,After Month 2 (recovery signal),2026-01,DOWN,76.7,NO,2026-02,UP,19.2,NO,2026-03,DOWN
LYPSAGEMS,2026-Q1,M1_M2_DISAGREE,UP,65.00,SELL PUTS,SMALL_POSITION,After Month 2 (recovery signal),2026-01,DOWN,63.3,NO,2026-02,UP,38.5,YES,2026-03,DOWN
M&M,2026-Q1,M1_M2_DISAGREE,UP,65.00,SELL PUTS,SMALL_POSITION,After Month 2 (recovery signal),2026-01,DOWN,50.4,NO,2026-02,UP,9.4,NO,2026-03,DOWN
M&MFIN,2026-Q1,M1_M2_DISAGREE,UP,65.00,SELL PUTS,SMALL_POSITION,After Month 2 (recovery signal),2026-01,DOWN,46.6,NO,2026-02,UP,3.3,YES,2026-03,DOWN
MACPOWER,2026-Q1,M1_M2_DISAGREE,UP,65.00,SELL PUTS,SMALL_POSITION,After Month 2 (recovery signal),2026-01,DOWN,82.5,NO,2026-02,UP,69.5,YES,2026-03,DOWN
MADHAV,2026-Q1,M1_M2_DISAGREE,UP,65.00,SELL PUTS,SMALL_POSITION,After Month 2 (recovery signal),2026-01,DOWN,56.2,NO,2026-02,UP,21.5,YES,2026-03,DOWN
MAGADSUGAR,2026-Q1,M1_M2_DISAGREE,UP,65.00,SELL PUTS,SMALL_POSITION,After Month 2 (recovery signal),2026-01,DOWN,78.5,NO,2026-02,UP,45.3,YES,2026-03,DOWN
MAGNUM,2026-Q1,M1_M2_DISAGREE,UP,65.00,SELL PUTS,SMALL_POSITION,After Month 2 (recovery signal),2026-01,DOWN,28.8,NO,2026-02,UP,6.6,NO,2026-03,DOWN
MAHASTEEL,2026-Q1,M1_M2_DISAGREE,UP,65.00,SELL PUTS,SMALL_POSITION,After Month 2 (recovery signal),2026-01,DOWN,95.6,NO,2026-02,UP,1.7,NO,2026-03,UP
MAHEPC,2026-Q1,M1_M2_DISAGREE,UP,65.00,SELL PUTS,SMALL_POSITION,After Month 2 (recovery signal),2026-01,DOWN,39.0,NO,2026-02,UP,2.5,NO,2026-03,DOWN
MAHSEAMLES,2025-Q4,M1_M2_DISAGREE,UP,65.00,SELL PUTS,SMALL_POSITION,After Month 2 (recovery signal),2025-10,DOWN,70.6,NO,2025-11,UP,22.7,YES,2025-12,DOWN
MAHSEAMLES,2026-Q1,M1_M2_DISAGREE,UP,65.00,SELL PUTS,SMALL_POSITION,After Month 2 (recovery signal),2026-01,DOWN,65.1,NO,2026-02,UP,66.3,YES,2026-03,UP
MAKEINDIA,2026-Q1,M1_M2_DISAGREE,UP,65.00,SELL PUTS,SMALL_POSITION,After Month 2 (recovery signal),2026-01,DOWN,32.9,NO,2026-02,UP,42.4,YES,2026-03,DOWN
MALLCOM,2026-Q1,M1_M2_DISAGREE,UP,65.00,SELL PUTS,SMALL_POSITION,After Month 2 (recovery signal),2026-01,DOWN,43.9,NO,2026-02,UP,15.3,YES,2026-03,DOWN
MALUPAPER,2026-Q1,M1_M2_DISAGREE,UP,65.00,SELL PUTS,SMALL_POSITION,After Month 2 (recovery signal),2026-01,DOWN,65.8,NO,2026-02,UP,18.5,YES,2026-03,DOWN
MAMATA,2026-Q1,M1_M2_DISAGREE,UP,65.00,SELL PUTS,SMALL_POSITION,After Month 2 (recovery signal),2026-01,DOWN,53.5,NO,2026-02,UP,58.2,YES,2026-03,DOWN
MANAKSTEEL,2025-Q4,M1_M2_DISAGREE,UP,65.00,SELL PUTS,SMALL_POSITION,After Month 2 (recovery signal),2025-10,DOWN,24.3,NO,2025-11,UP,48.9,YES,2025-12,UP
MANAPPURAM,2025-Q4,M1_M2_DISAGREE,UP,65.00,SELL PUTS,SMALL_POSITION,After Month 2 (recovery signal),2025-10,DOWN,36.0,NO,2025-11,UP,60.5,YES,2025-12,UP
MANAPPURAM,2026-Q1,M1_M2_DISAGREE,UP,65.00,SELL PUTS,SMALL_POSITION,After Month 2 (recovery signal),2026-01,DOWN,49.5,NO,2026-02,UP,3.2,YES,2026-03,DOWN
MANINDS,2026-Q1,M1_M2_DISAGREE,UP,65.00,SELL PUTS,SMALL_POSITION,After Month 2 (recovery signal),2026-01,DOWN,65.4,NO,2026-02,UP,80.1,YES,2026-03,DOWN
MANINFRA,2026-Q1,M1_M2_DISAGREE,UP,65.00,SELL PUTS,SMALL_POSITION,After Month 2 (recovery signal),2026-01,DOWN,54.0,NO,2026-02,UP,15.5,NO,2026-03,DOWN
MANKIND,2026-Q1,M1_M2_DISAGREE,UP,65.00,SELL PUTS,SMALL_POSITION,After Month 2 (recovery signal),2026-01,DOWN,29.5,NO,2026-02,UP,49.9,YES,2026-03,DOWN
MANUFGBEES,2026-Q1,M1_M2_DISAGREE,UP,65.00,SELL PUTS,SMALL_POSITION,After Month 2 (recovery signal),2026-01,DOWN,27.0,NO,2026-02,UP,30.1,YES,2026-03,DOWN
MARALOVER,2026-Q1,M1_M2_DISAGREE,UP,65.00,SELL PUTS,SMALL_POSITION,After Month 2 (recovery signal),2026-01,DOWN,56.8,NO,2026-02,UP,63.1,YES,2026-03,DOWN
MARICO,2026-Q1,M1_M2_DISAGREE,UP,65.00,SELL PUTS,SMALL_POSITION,After Month 2 (recovery signal),2026-01,DOWN,41.0,NO,2026-02,UP,52.1,YES,2026-03,DOWN
MARINE,2026-Q1,M1_M2_DISAGREE,UP,65.00,SELL PUTS,SMALL_POSITION,After Month 2 (recovery signal),2026-01,DOWN,67.9,NO,2026-02,UP,45.9,YES,2026-03,DOWN
MARKOLINES,2026-Q1,M1_M2_DISAGREE,UP,65.00,SELL PUTS,SMALL_POSITION,After Month 2 (recovery signal),2026-01,DOWN,89.7,NO,2026-02,UP,73.5,YES,2026-03,DOWN
MARKSANS,2026-Q1,M1_M2_DISAGREE,UP,65.00,SELL PUTS,SMALL_POSITION,After Month 2 (recovery signal),2026-01,DOWN,58.9,NO,2026-02,UP,32.0,YES,2026-03,DOWN
MARUTI,2026-Q1,M1_M2_DISAGREE,UP,65.00,SELL PUTS,SMALL_POSITION,After Month 2 (recovery signal),2026-01,DOWN,69.1,NO,2026-02,UP,13.0,YES,2026-03,DOWN
MASFIN,2026-Q1,M1_M2_DISAGREE,UP,65.00,SELL PUTS,SMALL_POSITION,After Month 2 (recovery signal),2026-01,DOWN,1.9,YES,2026-02,UP,1.3,YES,2026-03,DOWN
MAXESTATES,2026-Q1,M1_M2_DISAGREE,UP,65.00,SELL PUTS,SMALL_POSITION,After Month 2 (recovery signal),2026-01,DOWN,59.1,NO,2026-02,UP,12.9,YES,2026-03,DOWN
MAXHEALTH,2026-Q1,M1_M2_DISAGREE,UP,65.00,SELL PUTS,SMALL_POSITION,After Month 2 (recovery signal),2026-01,DOWN,73.2,NO,2026-02,UP,74.3,YES,2026-03,DOWN
MAXIND,2026-Q1,M1_M2_DISAGREE,UP,65.00,SELL PUTS,SMALL_POSITION,After Month 2 (recovery signal),2026-01,DOWN,48.5,NO,2026-02,UP,17.9,NO,2026-03,DOWN
MAZDA,2026-Q1,M1_M2_DISAGREE,UP,65.00,SELL PUTS,SMALL_POSITION,After Month 2 (recovery signal),2026-01,DOWN,77.4,NO,2026-02,UP,13.3,NO,2026-03,DOWN
MAZDOCK,2025-Q4,M1_M2_DISAGREE,UP,65.00,SELL PUTS,SMALL_POSITION,After Month 2 (recovery signal),2025-10,DOWN,16.8,NO,2025-11,UP,15.9,NO,2025-12,DOWN
MBAPL,2026-Q1,M1_M2_DISAGREE,UP,65.00,SELL PUTS,SMALL_POSITION,After Month 2 (recovery signal),2026-01,DOWN,23.6,NO,2026-02,UP,69.5,YES,2026-03,DOWN
MBEL,2026-Q1,M1_M2_DISAGREE,UP,65.00,SELL PUTS,SMALL_POSITION,After Month 2 (recovery signal),2026-01,DOWN,68.4,NO,2026-02,UP,26.9,NO,2026-03,DOWN
MBLINFRA,2026-Q1,M1_M2_DISAGREE,UP,65.00,SELL PUTS,SMALL_POSITION,After Month 2 (recovery signal),2026-01,DOWN,62.0,NO,2026-02,UP,0.0,NO,2026-03,DOWN
MCLOUD,2026-Q1,M1_M2_DISAGREE,UP,65.00,SELL PUTS,SMALL_POSITION,After Month 2 (recovery signal),2026-01,DOWN,73.8,NO,2026-02,UP,31.1,YES,2026-03,DOWN
MCX,2026-Q1,M1_M2_DISAGREE,UP,65.00,SELL PUTS,SMALL_POSITION,After Month 2 (recovery signal),2026-01,DOWN,96.2,NO,2026-02,UP,30.1,YES,2026-03,UP
MEDANTA,2026-Q1,M1_M2_DISAGREE,UP,65.00,SELL PUTS,SMALL_POSITION,After Month 2 (recovery signal),2026-01,DOWN,54.8,NO,2026-02,UP,59.7,YES,2026-03,DOWN
MEDPLUS,2026-Q1,M1_M2_DISAGREE,UP,65.00,SELL PUTS,SMALL_POSITION,After Month 2 (recovery signal),2026-01,DOWN,5.3,NO,2026-02,UP,42.0,YES,2026-03,UP
MEGASOFT,2026-Q1,M1_M2_DISAGREE,UP,65.00,SELL PUTS,SMALL_POSITION,After Month 2 (recovery signal),2026-01,DOWN,30.7,NO,2026-02,UP,80.5,YES,NOT YET CLOSED,
METROBRAND,2025-Q4,M1_M2_DISAGREE,UP,65.00,SELL PUTS,SMALL_POSITION,After Month 2 (recovery signal),2025-10,DOWN,80.2,NO,2025-11,UP,34.2,YES,2025-12,UP
METROBRAND,2026-Q1,M1_M2_DISAGREE,UP,65.00,SELL PUTS,SMALL_POSITION,After Month 2 (recovery signal),2026-01,DOWN,68.7,NO,2026-02,UP,24.3,YES,2026-03,DOWN
METROPOLIS,2026-Q1,M1_M2_DISAGREE,UP,65.00,SELL PUTS,SMALL_POSITION,After Month 2 (recovery signal),2026-01,DOWN,38.9,NO,2026-02,UP,9.6,NO,2026-03,UP
MFSL,2025-Q4,M1_M2_DISAGREE,UP,65.00,SELL PUTS,SMALL_POSITION,After Month 2 (recovery signal),2025-10,DOWN,13.8,NO,2025-11,UP,77.6,YES,2025-12,DOWN
MFSL,2026-Q1,M1_M2_DISAGREE,UP,65.00,SELL PUTS,SMALL_POSITION,After Month 2 (recovery signal),2026-01,DOWN,35.7,NO,2026-02,UP,63.4,YES,2026-03,DOWN
MGEL,2025-Q4,M1_M2_DISAGREE,UP,65.00,SELL PUTS,SMALL_POSITION,After Month 2 (recovery signal),2025-10,DOWN,38.4,NO,2025-11,UP,31.9,YES,2025-12,DOWN
MGL,2026-Q1,M1_M2_DISAGREE,UP,65.00,SELL PUTS,SMALL_POSITION,After Month 2 (recovery signal),2026-01,DOWN,65.1,NO,2026-02,UP,81.3,YES,2026-03,DOWN
MHLXMIRU,2025-Q4,M1_M2_DISAGREE,UP,65.00,SELL PUTS,SMALL_POSITION,After Month 2 (recovery signal),2025-10,DOWN,48.7,NO,2025-11,UP,17.2,YES,2025-12,DOWN
MHRIL,2025-Q4,M1_M2_DISAGREE,UP,65.00,SELL PUTS,SMALL_POSITION,After Month 2 (recovery signal),2025-10,DOWN,90.2,NO,2025-11,UP,65.5,NO,2025-12,DOWN
MID150,2026-Q1,M1_M2_DISAGREE,UP,65.00,SELL PUTS,SMALL_POSITION,After Month 2 (recovery signal),2026-01,DOWN,29.9,NO,2026-02,UP,17.7,YES,2026-03,DOWN
MID150BEES,2026-Q1,M1_M2_DISAGREE,UP,65.00,SELL PUTS,SMALL_POSITION,After Month 2 (recovery signal),2026-01,DOWN,40.6,NO,2026-02,UP,18.8,YES,2026-03,DOWN
MIDCAPADD,2026-Q1,M1_M2_DISAGREE,UP,65.00,SELL PUTS,SMALL_POSITION,After Month 2 (recovery signal),2026-01,DOWN,75.3,NO,2026-02,UP,14.3,YES,2026-03,DOWN
MIDCAPBETA,2026-Q1,M1_M2_DISAGREE,UP,65.00,SELL PUTS,SMALL_POSITION,After Month 2 (recovery signal),2026-01,DOWN,38.3,NO,2026-02,UP,14.3,YES,2026-03,DOWN
MIDCAPETF,2026-Q1,M1_M2_DISAGREE,UP,65.00,SELL PUTS,SMALL_POSITION,After Month 2 (recovery signal),2026-01,DOWN,42.0,NO,2026-02,UP,13.0,NO,2026-03,DOWN
MIDQ50ADD,2026-Q1,M1_M2_DISAGREE,UP,65.00,SELL PUTS,SMALL_POSITION,After Month 2 (recovery signal),2026-01,DOWN,54.6,NO,2026-02,UP,16.5,YES,2026-03,DOWN
MIDSELIETF,2026-Q1,M1_M2_DISAGREE,UP,65.00,SELL PUTS,SMALL_POSITION,After Month 2 (recovery signal),2026-01,DOWN,61.2,NO,2026-02,UP,35.1,YES,2026-03,DOWN
MIDSMALL,2026-Q1,M1_M2_DISAGREE,UP,65.00,SELL PUTS,SMALL_POSITION,After Month 2 (recovery signal),2026-01,DOWN,23.6,NO,2026-02,UP,2.5,YES,2026-03,DOWN
MIDWESTLTD,2025-Q4,M1_M2_DISAGREE,UP,65.00,SELL PUTS,SMALL_POSITION,After Month 2 (recovery signal),2025-10,DOWN,10.6,NO,2025-11,UP,63.6,YES,2025-12,UP
MINDACORP,2025-Q4,M1_M2_DISAGREE,UP,65.00,SELL PUTS,SMALL_POSITION,After Month 2 (recovery signal),2025-10,DOWN,20.5,NO,2025-11,UP,29.2,YES,2025-12,UP
MINDACORP,2026-Q1,M1_M2_DISAGREE,UP,65.00,SELL PUTS,SMALL_POSITION,After Month 2 (recovery signal),2026-01,DOWN,10.8,NO,2026-02,UP,7.4,NO,2026-03,DOWN
MIRZAINT,2025-Q4,M1_M2_DISAGREE,UP,65.00,SELL PUTS,SMALL_POSITION,After Month 2 (recovery signal),2025-10,DOWN,20.0,NO,2025-11,UP,15.6,YES,2025-12,DOWN
MMP,2026-Q1,M1_M2_DISAGREE,UP,65.00,SELL PUTS,SMALL_POSITION,After Month 2 (recovery signal),2026-01,DOWN,11.3,NO,2026-02,UP,1.5,NO,2026-03,DOWN
MNC,2026-Q1,M1_M2_DISAGREE,UP,65.00,SELL PUTS,SMALL_POSITION,After Month 2 (recovery signal),2026-01,DOWN,7.1,NO,2026-02,UP,51.5,YES,2026-03,DOWN
MOALPHA50,2026-Q1,M1_M2_DISAGREE,UP,65.00,SELL PUTS,SMALL_POSITION,After Month 2 (recovery signal),2026-01,DOWN,36.2,NO,2026-02,UP,21.8,YES,2026-03,DOWN
MOBIKWIK,2026-Q1,M1_M2_DISAGREE,UP,65.00,SELL PUTS,SMALL_POSITION,After Month 2 (recovery signal),2026-01,DOWN,67.7,NO,2026-02,UP,8.2,NO,2026-03,UP
MOCAPITAL,2026-Q1,M1_M2_DISAGREE,UP,65.00,SELL PUTS,SMALL_POSITION,After Month 2 (recovery signal),2026-01,DOWN,7.9,YES,2026-02,UP,4.4,NO,2026-03,UP
MODIS,2025-Q4,M1_M2_DISAGREE,UP,65.00,SELL PUTS,SMALL_POSITION,After Month 2 (recovery signal),2025-11,DOWN,53.1,NO,2025-12,UP,44.0,NO,NOT YET CLOSED,
MODIS,2026-Q1,M1_M2_DISAGREE,UP,65.00,SELL PUTS,SMALL_POSITION,After Month 2 (recovery signal),2026-01,DOWN,21.5,NO,2026-02,UP,13.6,YES,2026-03,DOWN
MODISONLTD,2025-Q4,M1_M2_DISAGREE,UP,65.00,SELL PUTS,SMALL_POSITION,After Month 2 (recovery signal),2025-10,DOWN,72.3,NO,2025-11,UP,47.3,NO,2025-12,UP
MODTHREAD,2026-Q1,M1_M2_DISAGREE,UP,65.00,SELL PUTS,SMALL_POSITION,After Month 2 (recovery signal),2026-01,DOWN,23.6,NO,2026-02,UP,8.4,NO,2026-03,UP
MOHEALTH,2026-Q1,M1_M2_DISAGREE,UP,65.00,SELL PUTS,SMALL_POSITION,After Month 2 (recovery signal),2026-01,DOWN,49.9,NO,2026-02,UP,52.1,YES,2026-03,DOWN
MOHITIND,2026-Q1,M1_M2_DISAGREE,UP,65.00,SELL PUTS,SMALL_POSITION,After Month 2 (recovery signal),2026-01,DOWN,55.6,NO,2026-02,UP,23.8,YES,2026-03,DOWN
MOINFRA,2026-Q1,M1_M2_DISAGREE,UP,65.00,SELL PUTS,SMALL_POSITION,After Month 2 (recovery signal),2026-01,DOWN,1.4,NO,2026-02,UP,16.5,YES,2026-03,DOWN
MOIPO,2026-Q1,M1_M2_DISAGREE,UP,65.00,SELL PUTS,SMALL_POSITION,After Month 2 (recovery signal),2026-01,DOWN,67.5,NO,2026-02,UP,4.3,NO,2026-03,DOWN
MOLDTECH,2026-Q1,M1_M2_DISAGREE,UP,65.00,SELL PUTS,SMALL_POSITION,After Month 2 (recovery signal),2026-01,DOWN,83.5,NO,2026-02,UP,12.6,YES,2026-03,UP
MOLDTKPAC,2026-Q1,M1_M2_DISAGREE,UP,65.00,SELL PUTS,SMALL_POSITION,After Month 2 (recovery signal),2026-01,DOWN,80.2,NO,2026-02,UP,28.3,YES,2026-03,DOWN
MOLOWVOL,2026-Q1,M1_M2_DISAGREE,UP,65.00,SELL PUTS,SMALL_POSITION,After Month 2 (recovery signal),2026-01,DOWN,41.4,NO,2026-02,UP,5.9,YES,2026-03,DOWN
MOM100,2026-Q1,M1_M2_DISAGREE,UP,65.00,SELL PUTS,SMALL_POSITION,After Month 2 (recovery signal),2026-01,DOWN,27.0,NO,2026-02,UP,10.5,NO,2026-03,DOWN
MOM30IETF,2026-Q1,M1_M2_DISAGREE,UP,65.00,SELL PUTS,SMALL_POSITION,After Month 2 (recovery signal),2026-01,DOWN,33.2,NO,2026-02,UP,4.7,YES,2026-03,DOWN
MOM50,2026-Q1,M1_M2_DISAGREE,UP,65.00,SELL PUTS,SMALL_POSITION,After Month 2 (recovery signal),2026-01,DOWN,82.1,NO,2026-02,UP,3.9,NO,2026-03,DOWN
MOMENTUM,2026-Q1,M1_M2_DISAGREE,UP,65.00,SELL PUTS,SMALL_POSITION,After Month 2 (recovery signal),2026-01,DOWN,41.0,NO,2026-02,UP,50.6,YES,2026-03,DOWN
MOMENTUM30,2026-Q1,M1_M2_DISAGREE,UP,65.00,SELL PUTS,SMALL_POSITION,After Month 2 (recovery signal),2026-01,DOWN,34.4,NO,2026-02,UP,66.6,YES,2026-03,DOWN
MOMENTUM50,2026-Q1,M1_M2_DISAGREE,UP,65.00,SELL PUTS,SMALL_POSITION,After Month 2 (recovery signal),2026-01,DOWN,57.4,NO,2026-02,UP,45.4,YES,2026-03,DOWN
MOMGF,2026-Q1,M1_M2_DISAGREE,UP,65.00,SELL PUTS,SMALL_POSITION,After Month 2 (recovery signal),2026-01,DOWN,29.3,NO,2026-02,UP,36.4,YES,2026-03,DOWN
MOMIDMTM,2026-Q1,M1_M2_DISAGREE,UP,65.00,SELL PUTS,SMALL_POSITION,After Month 2 (recovery signal),2026-01,DOWN,5.3,NO,2026-02,UP,27.4,YES,2026-03,DOWN
MOMOMENTUM,2025-Q4,M1_M2_DISAGREE,UP,65.00,SELL PUTS,SMALL_POSITION,After Month 2 (recovery signal),2025-10,DOWN,51.7,YES,2025-11,UP,25.7,YES,2025-12,DOWN
MOMOMENTUM,2026-Q1,M1_M2_DISAGREE,UP,65.00,SELL PUTS,SMALL_POSITION,After Month 2 (recovery signal),2026-01,DOWN,67.9,NO,2026-02,UP,42.9,YES,2026-03,DOWN
MON50EQUAL,2026-Q1,M1_M2_DISAGREE,UP,65.00,SELL PUTS,SMALL_POSITION,After Month 2 (recovery signal),2026-01,DOWN,23.2,YES,2026-02,UP,24.6,YES,2026-03,DOWN
MONARCH,2026-Q1,M1_M2_DISAGREE,UP,65.00,SELL PUTS,SMALL_POSITION,After Month 2 (recovery signal),2026-01,DOWN,14.8,NO,2026-02,UP,60.1,NO,2026-03,DOWN
MONEYBOXX,2026-Q1,M1_M2_DISAGREE,UP,65.00,SELL PUTS,SMALL_POSITION,After Month 2 (recovery signal),2026-01,DOWN,53.4,NO,2026-02,UP,62.8,YES,2026-03,UP
MONIFTY100,2026-Q1,M1_M2_DISAGREE,UP,65.00,SELL PUTS,SMALL_POSITION,After Month 2 (recovery signal),2026-01,DOWN,39.2,NO,2026-02,UP,2.1,NO,2026-03,DOWN
MONIFTY500,2026-Q1,M1_M2_DISAGREE,UP,65.00,SELL PUTS,SMALL_POSITION,After Month 2 (recovery signal),2026-01,DOWN,49.7,NO,2026-02,UP,14.0,YES,2026-03,DOWN
MONQ50,2026-Q1,M1_M2_DISAGREE,UP,65.00,SELL PUTS,SMALL_POSITION,After Month 2 (recovery signal),2026-01,DOWN,34.2,NO,2026-02,UP,49.3,YES,2026-03,DOWN
MONTECARLO,2026-Q1,M1_M2_DISAGREE,UP,65.00,SELL PUTS,SMALL_POSITION,After Month 2 (recovery signal),2026-01,DOWN,63.5,NO,2026-02,UP,25.2,NO,2026-03,DOWN
MOREALTY,2026-Q1,M1_M2_DISAGREE,UP,65.00,SELL PUTS,SMALL_POSITION,After Month 2 (recovery signal),2026-01,DOWN,55.6,NO,2026-02,UP,3.7,NO,2026-03,DOWN
MOREPENLAB,2026-Q1,M1_M2_DISAGREE,UP,65.00,SELL PUTS,SMALL_POSITION,After Month 2 (recovery signal),2026-01,DOWN,51.1,NO,2026-02,UP,52.8,YES,2026-03,DOWN
MOSILVER,2025-Q4,M1_M2_DISAGREE,UP,65.00,SELL PUTS,SMALL_POSITION,After Month 2 (recovery signal),2025-10,DOWN,5.2,YES,2025-11,UP,54.8,YES,2025-12,UP
MOSMALL250,2026-Q1,M1_M2_DISAGREE,UP,65.00,SELL PUTS,SMALL_POSITION,After Month 2 (recovery signal),2026-01,DOWN,55.7,NO,2026-02,UP,4.4,YES,2026-03,DOWN
MOTHERSON,2026-Q1,M1_M2_DISAGREE,UP,65.00,SELL PUTS,SMALL_POSITION,After Month 2 (recovery signal),2026-01,DOWN,43.0,NO,2026-02,UP,75.8,YES,2026-03,DOWN
MOTISONS,2026-Q1,M1_M2_DISAGREE,UP,65.00,SELL PUTS,SMALL_POSITION,After Month 2 (recovery signal),2026-01,DOWN,64.1,NO,2026-02,UP,58.5,YES,2026-03,DOWN
MOTOUR,2026-Q1,M1_M2_DISAGREE,UP,65.00,SELL PUTS,SMALL_POSITION,After Month 2 (recovery signal),2026-01,DOWN,72.0,NO,2026-02,UP,8.5,YES,2026-03,DOWN
MRF,2026-Q1,M1_M2_DISAGREE,UP,65.00,SELL PUTS,SMALL_POSITION,After Month 2 (recovery signal),2026-01,DOWN,84.5,NO,2026-02,UP,37.6,YES,2026-03,DOWN
MSCIADD,2026-Q1,M1_M2_DISAGREE,UP,65.00,SELL PUTS,SMALL_POSITION,After Month 2 (recovery signal),2026-01,DOWN,54.6,NO,2026-02,UP,7.8,YES,2026-03,DOWN
MSCIINDIA,2026-Q1,M1_M2_DISAGREE,UP,65.00,SELL PUTS,SMALL_POSITION,After Month 2 (recovery signal),2026-01,DOWN,43.3,NO,2026-02,UP,21.5,YES,2026-03,DOWN
MSPL,2025-Q4,M1_M2_DISAGREE,UP,65.00,SELL PUTS,SMALL_POSITION,After Month 2 (recovery signal),2025-10,DOWN,48.9,NO,2025-11,UP,56.8,YES,2025-12,UP
MSPL,2026-Q1,M1_M2_DISAGREE,UP,65.00,SELL PUTS,SMALL_POSITION,After Month 2 (recovery signal),2026-01,DOWN,82.2,NO,2026-02,UP,42.7,YES,2026-03,DOWN
MSTCLTD,2026-Q1,M1_M2_DISAGREE,UP,65.00,SELL PUTS,SMALL_POSITION,After Month 2 (recovery signal),2026-01,DOWN,65.1,NO,2026-02,UP,4.6,NO,2026-03,DOWN
MSUMI,2026-Q1,M1_M2_DISAGREE,UP,65.00,SELL PUTS,SMALL_POSITION,After Month 2 (recovery signal),2026-01,DOWN,44.3,NO,2026-02,UP,2.7,YES,2026-03,DOWN
MTEDUCARE,2026-Q1,M1_M2_DISAGREE,UP,65.00,SELL PUTS,SMALL_POSITION,After Month 2 (recovery signal),2026-01,DOWN,62.2,NO,2026-02,UP,44.0,NO,2026-03,UP
MUFIN,2026-Q1,M1_M2_DISAGREE,UP,65.00,SELL PUTS,SMALL_POSITION,After Month 2 (recovery signal),2026-01,DOWN,8.0,NO,2026-02,UP,1.3,NO,2026-03,DOWN
MUKANDLTD,2026-Q1,M1_M2_DISAGREE,UP,65.00,SELL PUTS,SMALL_POSITION,After Month 2 (recovery signal),2026-01,DOWN,29.4,NO,2026-02,UP,14.5,YES,2026-03,DOWN
MUKKA,2025-Q4,M1_M2_DISAGREE,UP,65.00,SELL PUTS,SMALL_POSITION,After Month 2 (recovery signal),2025-10,DOWN,25.6,NO,2025-11,UP,10.8,YES,2025-12,DOWN
MULTICAP,2026-Q1,M1_M2_DISAGREE,UP,65.00,SELL PUTS,SMALL_POSITION,After Month 2 (recovery signal),2026-01,DOWN,48.0,NO,2026-02,UP,3.2,YES,2026-03,DOWN
MUNJALAU,2026-Q1,M1_M2_DISAGREE,UP,65.00,SELL PUTS,SMALL_POSITION,After Month 2 (recovery signal),2026-01,DOWN,40.0,NO,2026-02,UP,39.6,YES,2026-03,UP
MUNJALSHOW,2026-Q1,M1_M2_DISAGREE,UP,65.00,SELL PUTS,SMALL_POSITION,After Month 2 (recovery signal),2026-01,DOWN,44.7,NO,2026-02,UP,54.2,YES,2026-03,DOWN
MUTHOOTMF,2025-Q4,M1_M2_DISAGREE,UP,65.00,SELL PUTS,SMALL_POSITION,After Month 2 (recovery signal),2025-10,DOWN,6.6,YES,2025-11,UP,70.2,YES,2025-12,DOWN
MWL,2025-Q4,M1_M2_DISAGREE,UP,65.00,SELL PUTS,SMALL_POSITION,After Month 2 (recovery signal),2025-10,DOWN,19.4,NO,2025-11,UP,40.2,YES,2025-12,UP
NACLIND,2026-Q1,M1_M2_DISAGREE,UP,65.00,SELL PUTS,SMALL_POSITION,After Month 2 (recovery signal),2026-01,DOWN,40.2,NO,2026-02,UP,16.0,NO,2026-03,DOWN
NAGREEKCAP,2026-Q1,M1_M2_DISAGREE,UP,65.00,SELL PUTS,SMALL_POSITION,After Month 2 (recovery signal),2026-01,DOWN,28.5,NO,2026-02,UP,5.6,NO,2026-03,UP
NAGREEKEXP,2026-Q1,M1_M2_DISAGREE,UP,65.00,SELL PUTS,SMALL_POSITION,After Month 2 (recovery signal),2026-01,DOWN,6.0,YES,2026-02,UP,4.1,NO,2026-03,DOWN
NAHARCAP,2026-Q1,M1_M2_DISAGREE,UP,65.00,SELL PUTS,SMALL_POSITION,After Month 2 (recovery signal),2026-01,DOWN,41.4,NO,2026-02,UP,0.6,YES,2026-03,DOWN
NAHARINDUS,2025-Q4,M1_M2_DISAGREE,UP,65.00,SELL PUTS,SMALL_POSITION,After Month 2 (recovery signal),2025-10,DOWN,2.8,YES,2025-11,UP,1.2,YES,2025-12,DOWN
NAHARINDUS,2026-Q1,M1_M2_DISAGREE,UP,65.00,SELL PUTS,SMALL_POSITION,After Month 2 (recovery signal),2026-01,DOWN,49.5,NO,2026-02,UP,5.7,NO,2026-03,DOWN
NAHARPOLY,2026-Q1,M1_M2_DISAGREE,UP,65.00,SELL PUTS,SMALL_POSITION,After Month 2 (recovery signal),2026-01,DOWN,9.1,YES,2026-02,UP,7.8,YES,2026-03,UP
NAHARSPING,2026-Q1,M1_M2_DISAGREE,UP,65.00,SELL PUTS,SMALL_POSITION,After Month 2 (recovery signal),2026-01,DOWN,63.9,NO,2026-02,UP,68.3,YES,2026-03,UP
NAM-INDIA,2025-Q4,M1_M2_DISAGREE,UP,65.00,SELL PUTS,SMALL_POSITION,After Month 2 (recovery signal),2025-10,DOWN,7.2,YES,2025-11,UP,0.9,YES,2025-12,UP
NARMADA,2025-Q4,M1_M2_DISAGREE,UP,65.00,SELL PUTS,SMALL_POSITION,After Month 2 (recovery signal),2025-10,DOWN,24.6,NO,2025-11,UP,2.3,NO,2025-12,DOWN
NATCOPHARM,2026-Q1,M1_M2_DISAGREE,UP,65.00,SELL PUTS,SMALL_POSITION,After Month 2 (recovery signal),2026-01,DOWN,43.1,NO,2026-02,UP,80.2,YES,2026-03,UP
NATHBIOGEN,2026-Q1,M1_M2_DISAGREE,UP,65.00,SELL PUTS,SMALL_POSITION,After Month 2 (recovery signal),2026-01,DOWN,36.2,NO,2026-02,UP,21.0,YES,2026-03,UP
NAVA,2026-Q1,M1_M2_DISAGREE,UP,65.00,SELL PUTS,SMALL_POSITION,After Month 2 (recovery signal),2026-01,DOWN,6.9,NO,2026-02,UP,41.1,YES,2026-03,DOWN
NAVINFLUOR,2026-Q1,M1_M2_DISAGREE,UP,65.00,SELL PUTS,SMALL_POSITION,After Month 2 (recovery signal),2026-01,DOWN,12.0,YES,2026-02,UP,12.0,YES,2026-03,UP
NAVKARURB,2026-Q1,M1_M2_DISAGREE,UP,65.00,SELL PUTS,SMALL_POSITION,After Month 2 (recovery signal),2026-01,DOWN,39.4,NO,2026-02,UP,53.3,NO,2026-03,DOWN
NAVNETEDUL,2026-Q1,M1_M2_DISAGREE,UP,65.00,SELL PUTS,SMALL_POSITION,After Month 2 (recovery signal),2026-01,DOWN,4.3,YES,2026-02,UP,6.8,YES,2026-03,DOWN
NCLIND,2025-Q4,M1_M2_DISAGREE,UP,65.00,SELL PUTS,SMALL_POSITION,After Month 2 (recovery signal),2025-10,DOWN,4.0,YES,2025-11,UP,11.8,YES,2025-12,FLAT
NCLIND,2026-Q1,M1_M2_DISAGREE,UP,65.00,SELL PUTS,SMALL_POSITION,After Month 2 (recovery signal),2026-01,DOWN,47.4,NO,2026-02,UP,43.8,YES,2026-03,DOWN
NDLVENTURE,2025-Q4,M1_M2_DISAGREE,UP,65.00,SELL PUTS,SMALL_POSITION,After Month 2 (recovery signal),2025-10,DOWN,84.8,YES,2025-11,UP,60.9,YES,2025-12,DOWN
NDLVENTURE,2026-Q1,M1_M2_DISAGREE,UP,65.00,SELL PUTS,SMALL_POSITION,After Month 2 (recovery signal),2026-01,DOWN,28.0,YES,2026-02,UP,59.3,YES,2026-03,UP
NDRAUTO,2026-Q1,M1_M2_DISAGREE,UP,65.00,SELL PUTS,SMALL_POSITION,After Month 2 (recovery signal),2026-01,DOWN,73.3,NO,2026-02,UP,35.0,YES,2026-03,DOWN
NDTV,2026-Q1,M1_M2_DISAGREE,UP,65.00,SELL PUTS,SMALL_POSITION,After Month 2 (recovery signal),2026-01,DOWN,62.2,NO,2026-02,UP,8.6,NO,2026-03,DOWN
NECCLTD,2026-Q1,M1_M2_DISAGREE,UP,65.00,SELL PUTS,SMALL_POSITION,After Month 2 (recovery signal),2026-01,DOWN,77.2,NO,2026-02,UP,25.1,NO,2026-03,UP
NELCAST,2026-Q1,M1_M2_DISAGREE,UP,65.00,SELL PUTS,SMALL_POSITION,After Month 2 (recovery signal),2026-01,DOWN,77.5,NO,2026-02,UP,43.9,YES,2026-03,UP
NEOGEN,2026-Q1,M1_M2_DISAGREE,UP,65.00,SELL PUTS,SMALL_POSITION,After Month 2 (recovery signal),2026-01,DOWN,12.9,YES,2026-02,UP,79.6,YES,2026-03,DOWN
NESCO,2026-Q1,M1_M2_DISAGREE,UP,65.00,SELL PUTS,SMALL_POSITION,After Month 2 (recovery signal),2026-01,DOWN,45.8,NO,2026-02,UP,9.4,NO,2026-03,DOWN
NETF,2026-Q1,M1_M2_DISAGREE,UP,65.00,SELL PUTS,SMALL_POSITION,After Month 2 (recovery signal),2026-01,DOWN,51.1,NO,2026-02,UP,19.0,NO,2026-03,DOWN
NETWEB,2026-Q1,M1_M2_DISAGREE,UP,65.00,SELL PUTS,SMALL_POSITION,After Month 2 (recovery signal),2026-01,DOWN,3.4,YES,2026-02,UP,71.9,YES,2026-03,DOWN
NEWGEN,2026-Q1,M1_M2_DISAGREE,UP,65.00,SELL PUTS,SMALL_POSITION,After Month 2 (recovery signal),2026-01,DOWN,95.1,NO,2026-02,UP,40.6,NO,2026-03,DOWN
NEXT30ADD,2026-Q1,M1_M2_DISAGREE,UP,65.00,SELL PUTS,SMALL_POSITION,After Month 2 (recovery signal),2026-01,DOWN,8.6,NO,2026-02,UP,32.0,YES,2026-03,DOWN
NEXT50,2026-Q1,M1_M2_DISAGREE,UP,65.00,SELL PUTS,SMALL_POSITION,After Month 2 (recovery signal),2026-01,DOWN,29.4,NO,2026-02,UP,40.5,YES,2026-03,DOWN
NEXT50BETA,2026-Q1,M1_M2_DISAGREE,UP,65.00,SELL PUTS,SMALL_POSITION,After Month 2 (recovery signal),2026-01,DOWN,14.7,NO,2026-02,UP,36.6,YES,2026-03,DOWN
NEXT50ETF,2026-Q1,M1_M2_DISAGREE,UP,65.00,SELL PUTS,SMALL_POSITION,After Month 2 (recovery signal),2026-01,DOWN,44.2,NO,2026-02,UP,38.6,YES,2026-03,DOWN
NEXT50IETF,2026-Q1,M1_M2_DISAGREE,UP,65.00,SELL PUTS,SMALL_POSITION,After Month 2 (recovery signal),2026-01,DOWN,30.7,NO,2026-02,UP,21.0,YES,2026-03,DOWN
NEXTMEDIA,2026-Q1,M1_M2_DISAGREE,UP,65.00,SELL PUTS,SMALL_POSITION,After Month 2 (recovery signal),2026-01,DOWN,56.8,NO,2026-02,UP,40.0,YES,2026-03,FLAT
NH,2026-Q1,M1_M2_DISAGREE,UP,65.00,SELL PUTS,SMALL_POSITION,After Month 2 (recovery signal),2026-01,DOWN,46.0,NO,2026-02,UP,44.4,YES,2026-03,DOWN
NIACL,2026-Q1,M1_M2_DISAGREE,UP,65.00,SELL PUTS,SMALL_POSITION,After Month 2 (recovery signal),2026-01,DOWN,47.3,NO,2026-02,UP,19.2,NO,2026-03,DOWN
NIBE,2026-Q1,M1_M2_DISAGREE,UP,65.00,SELL PUTS,SMALL_POSITION,After Month 2 (recovery signal),2026-01,DOWN,29.9,NO,2026-02,UP,25.1,NO,2026-03,UP
NIBL,2026-Q1,M1_M2_DISAGREE,UP,65.00,SELL PUTS,SMALL_POSITION,After Month 2 (recovery signal),2026-01,DOWN,76.7,NO,2026-02,UP,28.2,YES,2026-03,DOWN
NIF100BEES,2026-Q1,M1_M2_DISAGREE,UP,65.00,SELL PUTS,SMALL_POSITION,After Month 2 (recovery signal),2026-01,DOWN,43.0,NO,2026-02,UP,5.6,YES,2026-03,DOWN
NIF100IETF,2026-Q1,M1_M2_DISAGREE,UP,65.00,SELL PUTS,SMALL_POSITION,After Month 2 (recovery signal),2026-01,DOWN,76.4,NO,2026-02,UP,3.9,YES,2026-03,DOWN
NIFTY1,2026-Q1,M1_M2_DISAGREE,UP,65.00,SELL PUTS,SMALL_POSITION,After Month 2 (recovery signal),2026-01,DOWN,50.8,NO,2026-02,UP,0.8,NO,2026-03,DOWN
NIFTY100EW,2026-Q1,M1_M2_DISAGREE,UP,65.00,SELL PUTS,SMALL_POSITION,After Month 2 (recovery signal),2026-01,DOWN,31.9,NO,2026-02,UP,12.8,YES,2026-03,DOWN
NIFTYADD,2026-Q1,M1_M2_DISAGREE,UP,65.00,SELL PUTS,SMALL_POSITION,After Month 2 (recovery signal),2026-01,DOWN,40.1,NO,2026-02,UP,0.9,NO,2026-03,DOWN
NIFTYBEES,2026-Q1,M1_M2_DISAGREE,UP,65.00,SELL PUTS,SMALL_POSITION,After Month 2 (recovery signal),2026-01,DOWN,60.5,NO,2026-02,UP,5.8,NO,2026-03,DOWN
NIFTYBETA,2026-Q1,M1_M2_DISAGREE,UP,65.00,SELL PUTS,SMALL_POSITION,After Month 2 (recovery signal),2026-01,DOWN,48.5,NO,2026-02,UP,33.4,YES,2026-03,DOWN
NIFTYBETF,2026-Q1,M1_M2_DISAGREE,UP,65.00,SELL PUTS,SMALL_POSITION,After Month 2 (recovery signal),2026-01,DOWN,49.4,NO,2026-02,UP,11.9,NO,2026-03,DOWN
NIFTYCASE,2026-Q1,M1_M2_DISAGREE,UP,65.00,SELL PUTS,SMALL_POSITION,After Month 2 (recovery signal),2026-01,DOWN,36.0,NO,2026-02,UP,35.9,NO,2026-03,DOWN
NIFTYETF,2026-Q1,M1_M2_DISAGREE,UP,65.00,SELL PUTS,SMALL_POSITION,After Month 2 (recovery signal),2026-01,DOWN,42.4,NO,2026-02,UP,6.2,NO,2026-03,DOWN
NIFTYIETF,2026-Q1,M1_M2_DISAGREE,UP,65.00,SELL PUTS,SMALL_POSITION,After Month 2 (recovery signal),2026-01,DOWN,41.1,NO,2026-02,UP,11.3,NO,2026-03,DOWN
NIITMTS,2025-Q4,M1_M2_DISAGREE,UP,65.00,SELL PUTS,SMALL_POSITION,After Month 2 (recovery signal),2025-10,DOWN,21.1,NO,2025-11,UP,71.4,YES,2025-12,UP
NILAINFRA,2025-Q4,M1_M2_DISAGREE,UP,65.00,SELL PUTS,SMALL_POSITION,After Month 2 (recovery signal),2025-10,DOWN,1.8,YES,2025-11,UP,4.5,NO,2025-12,DOWN
NILAINFRA,2026-Q1,M1_M2_DISAGREE,UP,65.00,SELL PUTS,SMALL_POSITION,After Month 2 (recovery signal),2026-01,DOWN,68.6,NO,2026-02,UP,32.4,NO,2026-03,DOWN
NILKAMAL,2026-Q1,M1_M2_DISAGREE,UP,65.00,SELL PUTS,SMALL_POSITION,After Month 2 (recovery signal),2026-01,DOWN,12.8,YES,2026-02,UP,2.4,NO,2026-03,DOWN
NIPPOBATRY,2026-Q1,M1_M2_DISAGREE,UP,65.00,SELL PUTS,SMALL_POSITION,After Month 2 (recovery signal),2026-01,DOWN,81.2,NO,2026-02,UP,82.5,NO,2026-03,DOWN
NIRAJ,2025-Q4,M1_M2_DISAGREE,UP,65.00,SELL PUTS,SMALL_POSITION,After Month 2 (recovery signal),2025-10,DOWN,64.6,NO,2025-11,UP,41.9,YES,2025-12,UP
NIRAJISPAT,2026-Q1,M1_M2_DISAGREE,UP,65.00,SELL PUTS,SMALL_POSITION,After Month 2 (recovery signal),2026-01,DOWN,77.8,NO,2026-02,UP,46.7,YES,2026-03,DOWN
NIVABUPA,2025-Q4,M1_M2_DISAGREE,UP,65.00,SELL PUTS,SMALL_POSITION,After Month 2 (recovery signal),2025-10,DOWN,63.5,NO,2025-11,UP,8.8,NO,2025-12,UP
NKIND,2026-Q1,M1_M2_DISAGREE,UP,65.00,SELL PUTS,SMALL_POSITION,After Month 2 (recovery signal),2026-01,DOWN,28.7,NO,2026-02,UP,5.9,YES,2026-03,FLAT
NLCINDIA,2026-Q1,M1_M2_DISAGREE,UP,65.00,SELL PUTS,SMALL_POSITION,After Month 2 (recovery signal),2026-01,DOWN,18.1,YES,2026-02,UP,3.0,NO,2026-03,UP
NOCIL,2026-Q1,M1_M2_DISAGREE,UP,65.00,SELL PUTS,SMALL_POSITION,After Month 2 (recovery signal),2026-01,DOWN,76.9,NO,2026-02,UP,46.2,YES,2026-03,DOWN
NOIDATOLL,2026-Q1,M1_M2_DISAGREE,UP,65.00,SELL PUTS,SMALL_POSITION,After Month 2 (recovery signal),2026-01,DOWN,60.7,NO,2026-02,UP,2.7,YES,2026-03,DOWN
NORBTEAEXP,2026-Q1,M1_M2_DISAGREE,UP,65.00,SELL PUTS,SMALL_POSITION,After Month 2 (recovery signal),2026-01,DOWN,55.4,NO,2026-02,UP,40.8,YES,2026-03,DOWN
NPBET,2026-Q1,M1_M2_DISAGREE,UP,65.00,SELL PUTS,SMALL_POSITION,After Month 2 (recovery signal),2026-01,DOWN,2.5,NO,2026-02,UP,1.0,NO,2026-03,DOWN
NRBBEARING,2025-Q4,M1_M2_DISAGREE,UP,65.00,SELL PUTS,SMALL_POSITION,After Month 2 (recovery signal),2025-10,DOWN,20.7,NO,2025-11,UP,47.9,YES,2025-12,DOWN
NRBBEARING,2026-Q1,M1_M2_DISAGREE,UP,65.00,SELL PUTS,SMALL_POSITION,After Month 2 (recovery signal),2026-01,DOWN,25.1,NO,2026-02,UP,31.5,YES,2026-03,UP
NSIL,2025-Q4,M1_M2_DISAGREE,UP,65.00,SELL PUTS,SMALL_POSITION,After Month 2 (recovery signal),2025-10,DOWN,36.3,NO,2025-11,UP,49.6,NO,2025-12,DOWN
NSIL,2026-Q1,M1_M2_DISAGREE,UP,65.00,SELL PUTS,SMALL_POSITION,After Month 2 (recovery signal),2026-01,DOWN,65.3,NO,2026-02,UP,19.8,YES,2026-03,DOWN
NTPCGREEN,2026-Q1,M1_M2_DISAGREE,UP,65.00,SELL PUTS,SMALL_POSITION,After Month 2 (recovery signal),2026-01,DOWN,77.2,NO,2026-02,UP,37.0,YES,2026-03,UP
NURECA,2026-Q1,M1_M2_DISAGREE,UP,65.00,SELL PUTS,SMALL_POSITION,After Month 2 (recovery signal),2026-01,DOWN,60.5,NO,2026-02,UP,43.0,YES,2026-03,DOWN
NUVAMA,2026-Q1,M1_M2_DISAGREE,UP,65.00,SELL PUTS,SMALL_POSITION,After Month 2 (recovery signal),2026-01,DOWN,51.6,NO,2026-02,UP,52.8,NO,2026-03,DOWN
NV20BEES,2026-Q1,M1_M2_DISAGREE,UP,65.00,SELL PUTS,SMALL_POSITION,After Month 2 (recovery signal),2026-01,DOWN,5.9,NO,2026-02,UP,66.0,NO,2026-03,DOWN
NYKAA,2026-Q1,M1_M2_DISAGREE,UP,65.00,SELL PUTS,SMALL_POSITION,After Month 2 (recovery signal),2026-01,DOWN,69.0,NO,2026-02,UP,57.6,YES,2026-03,DOWN
OBCL,2026-Q1,M1_M2_DISAGREE,UP,65.00,SELL PUTS,SMALL_POSITION,After Month 2 (recovery signal),2026-01,DOWN,48.8,NO,2026-02,UP,51.8,YES,2026-03,DOWN
OBEROIRLTY,2026-Q1,M1_M2_DISAGREE,UP,65.00,SELL PUTS,SMALL_POSITION,After Month 2 (recovery signal),2026-01,DOWN,56.4,NO,2026-02,UP,22.1,YES,2026-03,DOWN
OILCOUNTUB,2026-Q1,M1_M2_DISAGREE,UP,65.00,SELL PUTS,SMALL_POSITION,After Month 2 (recovery signal),2026-01,DOWN,73.0,NO,2026-02,UP,9.6,NO,2026-03,DOWN
OILIETF,2026-Q1,M1_M2_DISAGREE,UP,65.00,SELL PUTS,SMALL_POSITION,After Month 2 (recovery signal),2026-01,DOWN,43.7,NO,2026-02,UP,31.0,YES,2026-03,DOWN
OMAXE,2026-Q1,M1_M2_DISAGREE,UP,65.00,SELL PUTS,SMALL_POSITION,After Month 2 (recovery signal),2026-01,DOWN,46.4,NO,2026-02,UP,35.6,YES,2026-03,UP
OMINFRAL,2026-Q1,M1_M2_DISAGREE,UP,65.00,SELL PUTS,SMALL_POSITION,After Month 2 (recovery signal),2026-01,DOWN,75.3,NO,2026-02,UP,20.6,YES,2026-03,UP
ONELIFECAP,2026-Q1,M1_M2_DISAGREE,UP,65.00,SELL PUTS,SMALL_POSITION,After Month 2 (recovery signal),2026-01,DOWN,43.4,NO,2026-02,UP,11.7,YES,2026-03,UP
ONEPOINT,2025-Q4,M1_M2_DISAGREE,UP,65.00,SELL PUTS,SMALL_POSITION,After Month 2 (recovery signal),2025-10,DOWN,28.2,YES,2025-11,UP,61.9,YES,2025-12,UP
ONESOURCE,2026-Q1,M1_M2_DISAGREE,UP,65.00,SELL PUTS,SMALL_POSITION,After Month 2 (recovery signal),2026-01,DOWN,78.2,NO,2026-02,UP,44.7,YES,2026-03,UP
ONMOBILE,2026-Q1,M1_M2_DISAGREE,UP,65.00,SELL PUTS,SMALL_POSITION,After Month 2 (recovery signal),2026-01,DOWN,70.7,NO,2026-02,UP,43.1,YES,2026-03,UP
OPTIEMUS,2026-Q1,M1_M2_DISAGREE,UP,65.00,SELL PUTS,SMALL_POSITION,After Month 2 (recovery signal),2026-01,DOWN,68.9,NO,2026-02,UP,15.0,YES,2026-03,DOWN
ORBTEXP,2026-Q1,M1_M2_DISAGREE,UP,65.00,SELL PUTS,SMALL_POSITION,After Month 2 (recovery signal),2026-01,DOWN,38.5,NO,2026-02,UP,30.2,NO,2026-03,DOWN
ORCHASP,2026-Q1,M1_M2_DISAGREE,UP,65.00,SELL PUTS,SMALL_POSITION,After Month 2 (recovery signal),2026-01,DOWN,22.7,NO,2026-02,UP,11.6,NO,2026-03,DOWN
ORCHPHARMA,2025-Q4,M1_M2_DISAGREE,UP,65.00,SELL PUTS,SMALL_POSITION,After Month 2 (recovery signal),2025-10,DOWN,40.7,YES,2025-11,UP,65.2,YES,2025-12,DOWN
ORICONENT,2025-Q4,M1_M2_DISAGREE,UP,65.00,SELL PUTS,SMALL_POSITION,After Month 2 (recovery signal),2025-10,DOWN,10.0,NO,2025-11,UP,56.4,YES,2025-12,UP
ORIENTBELL,2026-Q1,M1_M2_DISAGREE,UP,65.00,SELL PUTS,SMALL_POSITION,After Month 2 (recovery signal),2026-01,DOWN,73.7,NO,2026-02,UP,52.8,YES,2026-03,DOWN
ORIENTCEM,2026-Q1,M1_M2_DISAGREE,UP,65.00,SELL PUTS,SMALL_POSITION,After Month 2 (recovery signal),2026-01,DOWN,70.5,NO,2026-02,UP,24.4,NO,2026-03,DOWN
ORIENTELEC,2026-Q1,M1_M2_DISAGREE,UP,65.00,SELL PUTS,SMALL_POSITION,After Month 2 (recovery signal),2026-01,DOWN,18.2,YES,2026-02,UP,12.3,YES,2026-03,DOWN
ORKLAINDIA,2026-Q1,M1_M2_DISAGREE,UP,65.00,SELL PUTS,SMALL_POSITION,After Month 2 (recovery signal),2026-01,DOWN,62.2,NO,2026-02,UP,9.0,YES,2026-03,DOWN
ORTEL,2026-Q1,M1_M2_DISAGREE,UP,65.00,SELL PUTS,SMALL_POSITION,After Month 2 (recovery signal),2026-01,DOWN,100.0,NO,2026-02,UP,40.0,YES,2026-03,UP
ORTINGLOBE,2025-Q4,M1_M2_DISAGREE,UP,65.00,SELL PUTS,SMALL_POSITION,After Month 2 (recovery signal),2025-10,DOWN,13.0,NO,2025-11,UP,35.9,YES,2025-12,UP
ORTINGLOBE,2026-Q1,M1_M2_DISAGREE,UP,65.00,SELL PUTS,SMALL_POSITION,After Month 2 (recovery signal),2026-01,DOWN,42.9,NO,2026-02,UP,63.5,YES,2026-03,UP
PACEDIGITK,2025-Q4,M1_M2_DISAGREE,UP,65.00,SELL PUTS,SMALL_POSITION,After Month 2 (recovery signal),2025-10,DOWN,32.3,NO,2025-11,UP,12.7,NO,2025-12,DOWN
PACEDIGITK,2026-Q1,M1_M2_DISAGREE,UP,65.00,SELL PUTS,SMALL_POSITION,After Month 2 (recovery signal),2026-01,DOWN,54.5,NO,2026-02,UP,0.5,NO,2026-03,DOWN
PAKKA,2026-Q1,M1_M2_DISAGREE,UP,65.00,SELL PUTS,SMALL_POSITION,After Month 2 (recovery signal),2026-01,DOWN,47.1,NO,2026-02,UP,32.5,NO,2026-03,DOWN
PANACHE,2026-Q1,M1_M2_DISAGREE,UP,65.00,SELL PUTS,SMALL_POSITION,After Month 2 (recovery signal),2026-01,DOWN,40.7,NO,2026-02,UP,64.8,YES,2026-03,DOWN
PANAMAPET,2025-Q4,M1_M2_DISAGREE,UP,65.00,SELL PUTS,SMALL_POSITION,After Month 2 (recovery signal),2025-10,DOWN,69.2,NO,2025-11,UP,58.2,YES,2025-12,DOWN
PANSARI,2025-Q4,M1_M2_DISAGREE,UP,65.00,SELL PUTS,SMALL_POSITION,After Month 2 (recovery signal),2025-10,DOWN,45.6,NO,2025-11,UP,32.3,YES,2025-12,DOWN
PANSARI,2026-Q1,M1_M2_DISAGREE,UP,65.00,SELL PUTS,SMALL_POSITION,After Month 2 (recovery signal),2026-01,DOWN,22.3,NO,2026-02,UP,28.1,YES,2026-03,DOWN
PAR,2026-Q1,M1_M2_DISAGREE,UP,65.00,SELL PUTS,SMALL_POSITION,After Month 2 (recovery signal),2026-01,DOWN,56.1,NO,2026-02,UP,23.7,YES,2026-03,DOWN
PARACABLES,2026-Q1,M1_M2_DISAGREE,UP,65.00,SELL PUTS,SMALL_POSITION,After Month 2 (recovery signal),2026-01,DOWN,70.4,NO,2026-02,UP,9.2,YES,2026-03,DOWN
PARKHOTELS,2026-Q1,M1_M2_DISAGREE,UP,65.00,SELL PUTS,SMALL_POSITION,After Month 2 (recovery signal),2026-01,DOWN,55.5,NO,2026-02,UP,24.1,YES,2026-03,DOWN
PASHUPATI,2026-Q1,M1_M2_DISAGREE,UP,65.00,SELL PUTS,SMALL_POSITION,After Month 2 (recovery signal),2026-01,DOWN,17.9,NO,2026-02,UP,74.2,YES,2026-03,UP
PASUPTAC,2026-Q1,M1_M2_DISAGREE,UP,65.00,SELL PUTS,SMALL_POSITION,After Month 2 (recovery signal),2026-01,DOWN,62.6,NO,2026-02,UP,60.1,YES,2026-03,DOWN
PATANJALI,2026-Q1,M1_M2_DISAGREE,UP,65.00,SELL PUTS,SMALL_POSITION,After Month 2 (recovery signal),2026-01,DOWN,54.7,NO,2026-02,UP,7.6,YES,2026-03,DOWN
PATELENG,2025-Q4,M1_M2_DISAGREE,UP,65.00,SELL PUTS,SMALL_POSITION,After Month 2 (recovery signal),2025-10,DOWN,14.1,YES,2025-11,UP,14.6,NO,2025-12,DOWN
PATELRMART,2025-Q4,M1_M2_DISAGREE,UP,65.00,SELL PUTS,SMALL_POSITION,After Month 2 (recovery signal),2025-10,DOWN,74.2,NO,2025-11,UP,66.8,YES,2025-12,DOWN
PAVNAIND,2026-Q1,M1_M2_DISAGREE,UP,65.00,SELL PUTS,SMALL_POSITION,After Month 2 (recovery signal),2026-01,DOWN,70.2,NO,2026-02,UP,21.1,YES,2026-03,UP
PAYTM,2026-Q1,M1_M2_DISAGREE,UP,65.00,SELL PUTS,SMALL_POSITION,After Month 2 (recovery signal),2026-01,DOWN,68.9,NO,2026-02,UP,17.2,NO,2026-03,DOWN
PCBL,2026-Q1,M1_M2_DISAGREE,UP,65.00,SELL PUTS,SMALL_POSITION,After Month 2 (recovery signal),2026-01,DOWN,79.1,NO,2026-02,UP,61.2,YES,2026-03,DOWN
PDMJEPAPER,2026-Q1,M1_M2_DISAGREE,UP,65.00,SELL PUTS,SMALL_POSITION,After Month 2 (recovery signal),2026-01,DOWN,56.9,NO,2026-02,UP,30.8,NO,2026-03,DOWN
PEARLPOLY,2026-Q1,M1_M2_DISAGREE,UP,65.00,SELL PUTS,SMALL_POSITION,After Month 2 (recovery signal),2026-01,DOWN,68.4,NO,2026-02,UP,3.3,YES,2026-03,DOWN
PETRONET,2026-Q1,M1_M2_DISAGREE,UP,65.00,SELL PUTS,SMALL_POSITION,After Month 2 (recovery signal),2026-01,DOWN,15.1,YES,2026-02,UP,71.0,YES,2026-03,DOWN
PFIZER,2026-Q1,M1_M2_DISAGREE,UP,65.00,SELL PUTS,SMALL_POSITION,After Month 2 (recovery signal),2026-01,DOWN,84.6,NO,2026-02,UP,61.7,YES,2026-03,DOWN
PFOCUS,2026-Q1,M1_M2_DISAGREE,UP,65.00,SELL PUTS,SMALL_POSITION,After Month 2 (recovery signal),2026-01,DOWN,19.2,NO,2026-02,UP,37.7,YES,2026-03,UP
PGEL,2026-Q1,M1_M2_DISAGREE,UP,65.00,SELL PUTS,SMALL_POSITION,After Month 2 (recovery signal),2026-01,DOWN,20.9,NO,2026-02,UP,73.6,YES,2026-03,DOWN
PHOENIXLTD,2026-Q1,M1_M2_DISAGREE,UP,65.00,SELL PUTS,SMALL_POSITION,After Month 2 (recovery signal),2026-01,DOWN,55.9,NO,2026-02,UP,5.3,NO,2026-03,DOWN
PIDILITIND,2025-Q4,M1_M2_DISAGREE,UP,65.00,SELL PUTS,SMALL_POSITION,After Month 2 (recovery signal),2025-10,DOWN,18.8,NO,2025-11,UP,24.2,YES,2025-12,DOWN
PIDILITIND,2026-Q1,M1_M2_DISAGREE,UP,65.00,SELL PUTS,SMALL_POSITION,After Month 2 (recovery signal),2026-01,DOWN,54.7,NO,2026-02,UP,45.7,YES,2026-03,DOWN
PIGL,2025-Q4,M1_M2_DISAGREE,UP,65.00,SELL PUTS,SMALL_POSITION,After Month 2 (recovery signal),2025-10,DOWN,60.9,NO,2025-11,UP,12.8,NO,2025-12,DOWN
PIGL,2026-Q1,M1_M2_DISAGREE,UP,65.00,SELL PUTS,SMALL_POSITION,After Month 2 (recovery signal),2026-01,DOWN,56.0,NO,2026-02,UP,15.9,NO,2026-03,DOWN
PILANIINVS,2025-Q4,M1_M2_DISAGREE,UP,65.00,SELL PUTS,SMALL_POSITION,After Month 2 (recovery signal),2025-10,DOWN,1.5,NO,2025-11,UP,35.9,NO,2025-12,UP
PIONEEREMB,2026-Q1,M1_M2_DISAGREE,UP,65.00,SELL PUTS,SMALL_POSITION,After Month 2 (recovery signal),2026-01,DOWN,58.7,NO,2026-02,UP,17.6,YES,2026-03,DOWN
PITTIENG,2026-Q1,M1_M2_DISAGREE,UP,65.00,SELL PUTS,SMALL_POSITION,After Month 2 (recovery signal),2026-01,DOWN,27.2,NO,2026-02,UP,53.6,YES,2026-03,DOWN
PIXTRANS,2026-Q1,M1_M2_DISAGREE,UP,65.00,SELL PUTS,SMALL_POSITION,After Month 2 (recovery signal),2026-01,DOWN,62.0,NO,2026-02,UP,43.8,YES,2026-03,DOWN
PKTEA,2025-Q4,M1_M2_DISAGREE,UP,65.00,SELL PUTS,SMALL_POSITION,After Month 2 (recovery signal),2025-10,DOWN,51.5,NO,2025-11,UP,25.5,YES,2025-12,UP
PKTEA,2026-Q1,M1_M2_DISAGREE,UP,65.00,SELL PUTS,SMALL_POSITION,After Month 2 (recovery signal),2026-01,DOWN,83.1,NO,2026-02,UP,83.3,YES,2026-03,UP
PLATIND,2025-Q4,M1_M2_DISAGREE,UP,65.00,SELL PUTS,SMALL_POSITION,After Month 2 (recovery signal),2025-10,DOWN,52.4,NO,2025-11,UP,15.1,NO,2025-12,DOWN
PLATIND,2026-Q1,M1_M2_DISAGREE,UP,65.00,SELL PUTS,SMALL_POSITION,After Month 2 (recovery signal),2026-01,DOWN,40.4,NO,2026-02,UP,64.1,NO,2026-03,UP
PNB,2026-Q1,M1_M2_DISAGREE,UP,65.00,SELL PUTS,SMALL_POSITION,After Month 2 (recovery signal),2026-01,DOWN,9.0,YES,2026-02,UP,27.7,YES,2026-03,DOWN
PNBHOUSING,2026-Q1,M1_M2_DISAGREE,UP,65.00,SELL PUTS,SMALL_POSITION,After Month 2 (recovery signal),2026-01,DOWN,60.6,NO,2026-02,UP,0.2,NO,2026-03,DOWN
PNC,2026-Q1,M1_M2_DISAGREE,UP,65.00,SELL PUTS,SMALL_POSITION,After Month 2 (recovery signal),2026-01,DOWN,62.9,NO,2026-02,UP,6.3,NO,2026-03,DOWN
PNGJL,2026-Q1,M1_M2_DISAGREE,UP,65.00,SELL PUTS,SMALL_POSITION,After Month 2 (recovery signal),2026-01,DOWN,46.1,NO,2026-02,UP,0.7,NO,2026-03,UP
POKARNA,2026-Q1,M1_M2_DISAGREE,UP,65.00,SELL PUTS,SMALL_POSITION,After Month 2 (recovery signal),2026-01,DOWN,63.5,NO,2026-02,UP,36.4,YES,2026-03,DOWN
POLYCAB,2026-Q1,M1_M2_DISAGREE,UP,65.00,SELL PUTS,SMALL_POSITION,After Month 2 (recovery signal),2026-01,DOWN,47.4,NO,2026-02,UP,78.3,YES,2026-03,DOWN
POLYPLEX,2026-Q1,M1_M2_DISAGREE,UP,65.00,SELL PUTS,SMALL_POSITION,After Month 2 (recovery signal),2026-01,DOWN,14.9,YES,2026-02,UP,0.2,YES,2026-03,UP
POONAWALLA,2026-Q1,M1_M2_DISAGREE,UP,65.00,SELL PUTS,SMALL_POSITION,After Month 2 (recovery signal),2026-01,DOWN,83.9,NO,2026-02,UP,41.0,YES,2026-03,DOWN
POWERGRID,2026-Q1,M1_M2_DISAGREE,UP,65.00,SELL PUTS,SMALL_POSITION,After Month 2 (recovery signal),2026-01,DOWN,38.4,NO,2026-02,UP,66.4,YES,2026-03,UP
POWERINDIA,2025-Q4,M1_M2_DISAGREE,UP,65.00,SELL PUTS,SMALL_POSITION,After Month 2 (recovery signal),2025-10,DOWN,14.9,NO,2025-11,UP,84.0,YES,2025-12,DOWN
POWERINDIA,2026-Q1,M1_M2_DISAGREE,UP,65.00,SELL PUTS,SMALL_POSITION,After Month 2 (recovery signal),2026-01,DOWN,15.0,YES,2026-02,UP,82.0,YES,2026-03,DOWN
POWERMECH,2026-Q1,M1_M2_DISAGREE,UP,65.00,SELL PUTS,SMALL_POSITION,After Month 2 (recovery signal),2026-01,DOWN,47.4,NO,2026-02,UP,3.8,YES,2026-03,DOWN
PPAP,2026-Q1,M1_M2_DISAGREE,UP,65.00,SELL PUTS,SMALL_POSITION,After Month 2 (recovery signal),2026-01,DOWN,27.6,NO,2026-02,UP,20.7,YES,2026-03,DOWN
PPLPHARMA,2026-Q1,M1_M2_DISAGREE,UP,65.00,SELL PUTS,SMALL_POSITION,After Month 2 (recovery signal),2026-01,DOWN,49.2,NO,2026-02,UP,12.8,YES,2026-03,DOWN
PRABHA,2026-Q1,M1_M2_DISAGREE,UP,65.00,SELL PUTS,SMALL_POSITION,After Month 2 (recovery signal),2026-01,DOWN,91.7,NO,2026-02,UP,43.1,YES,2026-03,DOWN
PRAJIND,2026-Q1,M1_M2_DISAGREE,UP,65.00,SELL PUTS,SMALL_POSITION,After Month 2 (recovery signal),2026-01,DOWN,55.0,NO,2026-02,UP,35.3,YES,2026-03,DOWN
PRAKASH,2026-Q1,M1_M2_DISAGREE,UP,65.00,SELL PUTS,SMALL_POSITION,After Month 2 (recovery signal),2026-01,DOWN,64.1,NO,2026-02,UP,35.3,YES,2026-03,DOWN
PRAXIS,2026-Q1,M1_M2_DISAGREE,UP,65.00,SELL PUTS,SMALL_POSITION,After Month 2 (recovery signal),2026-01,DOWN,68.1,NO,2026-02,UP,10.0,YES,2026-03,DOWN
PRECOT,2026-Q1,M1_M2_DISAGREE,UP,65.00,SELL PUTS,SMALL_POSITION,After Month 2 (recovery signal),2026-01,DOWN,52.5,NO,2026-02,UP,55.0,YES,2026-03,UP
PRECWIRE,2026-Q1,M1_M2_DISAGREE,UP,65.00,SELL PUTS,SMALL_POSITION,After Month 2 (recovery signal),2026-01,DOWN,9.4,YES,2026-02,UP,70.5,YES,2026-03,DOWN
PREMEXPLN,2026-Q1,M1_M2_DISAGREE,UP,65.00,SELL PUTS,SMALL_POSITION,After Month 2 (recovery signal),2026-01,DOWN,14.8,NO,2026-02,UP,23.5,YES,2026-03,DOWN
PREMIERENE,2026-Q1,M1_M2_DISAGREE,UP,65.00,SELL PUTS,SMALL_POSITION,After Month 2 (recovery signal),2026-01,DOWN,69.9,NO,2026-02,UP,0.5,YES,2026-03,UP
PREMIERPOL,2025-Q4,M1_M2_DISAGREE,UP,65.00,SELL PUTS,SMALL_POSITION,After Month 2 (recovery signal),2025-10,DOWN,36.3,NO,2025-11,UP,8.6,YES,2025-12,DOWN
PRESTIGE,2026-Q1,M1_M2_DISAGREE,UP,65.00,SELL PUTS,SMALL_POSITION,After Month 2 (recovery signal),2026-01,DOWN,43.0,NO,2026-02,UP,29.4,NO,2026-03,DOWN
PRICOLLTD,2026-Q1,M1_M2_DISAGREE,UP,65.00,SELL PUTS,SMALL_POSITION,After Month 2 (recovery signal),2026-01,DOWN,64.5,NO,2026-02,UP,53.0,YES,2026-03,DOWN
PRIMESECU,2026-Q1,M1_M2_DISAGREE,UP,65.00,SELL PUTS,SMALL_POSITION,After Month 2 (recovery signal),2026-01,DOWN,0.5,YES,2026-02,UP,12.5,YES,2026-03,DOWN
PRINCEPIPE,2026-Q1,M1_M2_DISAGREE,UP,65.00,SELL PUTS,SMALL_POSITION,After Month 2 (recovery signal),2026-01,DOWN,55.0,NO,2026-02,UP,24.6,YES,2026-03,UP
PRITIKAUTO,2026-Q1,M1_M2_DISAGREE,UP,65.00,SELL PUTS,SMALL_POSITION,After Month 2 (recovery signal),2026-01,DOWN,19.9,NO,2026-02,UP,2.4,YES,2026-03,UP
PROSTARM,2025-Q4,M1_M2_DISAGREE,UP,65.00,SELL PUTS,SMALL_POSITION,After Month 2 (recovery signal),2025-10,DOWN,53.8,NO,2025-11,UP,3.1,YES,2025-12,UP
PROSTARM,2026-Q1,M1_M2_DISAGREE,UP,65.00,SELL PUTS,SMALL_POSITION,After Month 2 (recovery signal),2026-01,DOWN,63.4,NO,2026-02,UP,11.9,NO,2026-03,DOWN
PROZONER,2026-Q1,M1_M2_DISAGREE,UP,65.00,SELL PUTS,SMALL_POSITION,After Month 2 (recovery signal),2026-01,DOWN,42.0,NO,2026-02,UP,2.0,NO,2026-03,DOWN
PRUDENT,2026-Q1,M1_M2_DISAGREE,UP,65.00,SELL PUTS,SMALL_POSITION,After Month 2 (recovery signal),2026-01,DOWN,29.8,NO,2026-02,UP,10.9,NO,2026-03,DOWN
PSPPROJECT,2026-Q1,M1_M2_DISAGREE,UP,65.00,SELL PUTS,SMALL_POSITION,After Month 2 (recovery signal),2026-01,DOWN,52.2,NO,2026-02,UP,24.4,NO,2026-03,DOWN
PVRINOX,2026-Q1,M1_M2_DISAGREE,UP,65.00,SELL PUTS,SMALL_POSITION,After Month 2 (recovery signal),2026-01,DOWN,25.7,NO,2026-02,UP,26.4,YES,2026-03,DOWN
PVTBANIETF,2026-Q1,M1_M2_DISAGREE,UP,65.00,SELL PUTS,SMALL_POSITION,After Month 2 (recovery signal),2026-01,DOWN,17.7,NO,2026-02,UP,6.7,NO,2026-03,DOWN
PVTBANKADD,2026-Q1,M1_M2_DISAGREE,UP,65.00,SELL PUTS,SMALL_POSITION,After Month 2 (recovery signal),2026-01,DOWN,33.9,NO,2026-02,UP,16.5,YES,2026-03,DOWN
PWL,2025-Q4,M1_M2_DISAGREE,UP,65.00,SELL PUTS,SMALL_POSITION,After Month 2 (recovery signal),2025-11,DOWN,46.1,NO,2025-12,UP,29.1,YES,NOT YET CLOSED,
PYRAMID,2025-Q4,M1_M2_DISAGREE,UP,65.00,SELL PUTS,SMALL_POSITION,After Month 2 (recovery signal),2025-10,DOWN,21.9,YES,2025-11,UP,9.6,YES,2025-12,UP
PYRAMID,2026-Q1,M1_M2_DISAGREE,UP,65.00,SELL PUTS,SMALL_POSITION,After Month 2 (recovery signal),2026-01,DOWN,40.0,NO,2026-02,UP,26.6,NO,2026-03,UP
QPOWER,2026-Q1,M1_M2_DISAGREE,UP,65.00,SELL PUTS,SMALL_POSITION,After Month 2 (recovery signal),2026-01,DOWN,23.1,NO,2026-02,UP,62.7,YES,2026-03,DOWN
QUADFUTURE,2025-Q4,M1_M2_DISAGREE,UP,65.00,SELL PUTS,SMALL_POSITION,After Month 2 (recovery signal),2025-10,DOWN,85.1,NO,2025-11,UP,10.4,NO,2025-12,UP
QUAL30IETF,2026-Q1,M1_M2_DISAGREE,UP,65.00,SELL PUTS,SMALL_POSITION,After Month 2 (recovery signal),2026-01,DOWN,30.4,NO,2026-02,UP,18.8,NO,2026-03,DOWN
RACE,2026-Q1,M1_M2_DISAGREE,UP,65.00,SELL PUTS,SMALL_POSITION,After Month 2 (recovery signal),2026-01,DOWN,89.6,NO,2026-02,UP,34.2,YES,2026-03,DOWN
RACLGEAR,2025-Q4,M1_M2_DISAGREE,UP,65.00,SELL PUTS,SMALL_POSITION,After Month 2 (recovery signal),2025-10,DOWN,27.2,YES,2025-11,UP,34.5,NO,2025-12,UP
RACLGEAR,2026-Q1,M1_M2_DISAGREE,UP,65.00,SELL PUTS,SMALL_POSITION,After Month 2 (recovery signal),2026-01,DOWN,41.0,NO,2026-02,UP,56.6,YES,2026-03,DOWN
RADAAN,2025-Q4,M1_M2_DISAGREE,UP,65.00,SELL PUTS,SMALL_POSITION,After Month 2 (recovery signal),2025-10,DOWN,18.2,NO,2025-11,UP,29.8,NO,2025-12,UP
RADAAN,2026-Q1,M1_M2_DISAGREE,UP,65.00,SELL PUTS,SMALL_POSITION,After Month 2 (recovery signal),2026-01,DOWN,34.7,NO,2026-02,UP,28.8,YES,2026-03,DOWN
RADIANTCMS,2025-Q4,M1_M2_DISAGREE,UP,65.00,SELL PUTS,SMALL_POSITION,After Month 2 (recovery signal),2025-10,DOWN,1.1,NO,2025-11,UP,8.6,YES,2025-12,DOWN
RADIOCITY,2026-Q1,M1_M2_DISAGREE,UP,65.00,SELL PUTS,SMALL_POSITION,After Month 2 (recovery signal),2026-01,DOWN,73.8,NO,2026-02,UP,1.6,NO,2026-03,DOWN
RAINBOW,2026-Q1,M1_M2_DISAGREE,UP,65.00,SELL PUTS,SMALL_POSITION,After Month 2 (recovery signal),2026-01,DOWN,87.1,NO,2026-02,UP,27.2,YES,2026-03,DOWN
RAJOOENG,2026-Q1,M1_M2_DISAGREE,UP,65.00,SELL PUTS,SMALL_POSITION,After Month 2 (recovery signal),2026-01,DOWN,2.5,NO,2026-02,UP,7.5,NO,2026-03,DOWN
RAJRATAN,2026-Q1,M1_M2_DISAGREE,UP,65.00,SELL PUTS,SMALL_POSITION,After Month 2 (recovery signal),2026-01,DOWN,40.4,NO,2026-02,UP,7.3,YES,2026-03,DOWN
RAJRILTD,2026-Q1,M1_M2_DISAGREE,UP,65.00,SELL PUTS,SMALL_POSITION,After Month 2 (recovery signal),2026-01,DOWN,62.6,NO,2026-02,UP,43.2,YES,2026-03,DOWN
RAJTV,2025-Q4,M1_M2_DISAGREE,UP,65.00,SELL PUTS,SMALL_POSITION,After Month 2 (recovery signal),2025-10,DOWN,40.7,NO,2025-11,UP,37.9,YES,2025-12,UP
RALLIS,2026-Q1,M1_M2_DISAGREE,UP,65.00,SELL PUTS,SMALL_POSITION,After Month 2 (recovery signal),2026-01,DOWN,10.0,NO,2026-02,UP,2.9,NO,2026-03,DOWN
RAMANEWS,2025-Q4,M1_M2_DISAGREE,UP,65.00,SELL PUTS,SMALL_POSITION,After Month 2 (recovery signal),2025-10,DOWN,22.6,NO,2025-11,UP,20.2,YES,2025-12,UP
RAMKY,2026-Q1,M1_M2_DISAGREE,UP,65.00,SELL PUTS,SMALL_POSITION,After Month 2 (recovery signal),2026-01,DOWN,96.3,NO,2026-02,UP,17.7,NO,2026-03,UP
RAMRAT,2026-Q1,M1_M2_DISAGREE,UP,65.00,SELL PUTS,SMALL_POSITION,After Month 2 (recovery signal),2026-01,DOWN,32.1,NO,2026-02,UP,47.2,YES,2026-03,DOWN
RANASUG,2026-Q1,M1_M2_DISAGREE,UP,65.00,SELL PUTS,SMALL_POSITION,After Month 2 (recovery signal),2026-01,DOWN,59.7,NO,2026-02,UP,8.1,NO,2026-03,UP
RATNAVEER,2026-Q1,M1_M2_DISAGREE,UP,65.00,SELL PUTS,SMALL_POSITION,After Month 2 (recovery signal),2026-01,DOWN,3.2,NO,2026-02,UP,31.6,NO,2026-03,DOWN
RAYMOND,2026-Q1,M1_M2_DISAGREE,UP,65.00,SELL PUTS,SMALL_POSITION,After Month 2 (recovery signal),2026-01,DOWN,56.2,NO,2026-02,UP,33.8,YES,2026-03,DOWN
RBA,2026-Q1,M1_M2_DISAGREE,UP,65.00,SELL PUTS,SMALL_POSITION,After Month 2 (recovery signal),2026-01,DOWN,2.4,YES,2026-02,UP,4.0,YES,2026-03,DOWN
RBLBANK,2026-Q1,M1_M2_DISAGREE,UP,65.00,SELL PUTS,SMALL_POSITION,After Month 2 (recovery signal),2026-01,DOWN,40.4,NO,2026-02,UP,41.3,YES,2026-03,DOWN
RCOM,2025-Q4,M1_M2_DISAGREE,UP,65.00,SELL PUTS,SMALL_POSITION,After Month 2 (recovery signal),2025-10,DOWN,11.1,NO,2025-11,UP,29.2,NO,2025-12,DOWN
REDINGTON,2025-Q4,M1_M2_DISAGREE,UP,65.00,SELL PUTS,SMALL_POSITION,After Month 2 (recovery signal),2025-10,DOWN,74.9,NO,2025-11,UP,44.9,YES,2025-12,DOWN
REDINGTON,2026-Q1,M1_M2_DISAGREE,UP,65.00,SELL PUTS,SMALL_POSITION,After Month 2 (recovery signal),2026-01,DOWN,0.8,YES,2026-02,UP,15.2,YES,2026-03,DOWN
REFEX,2026-Q1,M1_M2_DISAGREE,UP,65.00,SELL PUTS,SMALL_POSITION,After Month 2 (recovery signal),2026-01,DOWN,63.1,NO,2026-02,UP,9.1,NO,2026-03,DOWN
REGAAL,2026-Q1,M1_M2_DISAGREE,UP,65.00,SELL PUTS,SMALL_POSITION,After Month 2 (recovery signal),2026-01,DOWN,60.3,NO,2026-02,UP,68.8,YES,2026-03,UP
RELCHEMQ,2026-Q1,M1_M2_DISAGREE,UP,65.00,SELL PUTS,SMALL_POSITION,After Month 2 (recovery signal),2026-01,DOWN,52.5,NO,2026-02,UP,22.5,YES,2026-03,DOWN
RELIANCE,2026-Q1,M1_M2_DISAGREE,UP,65.00,SELL PUTS,SMALL_POSITION,After Month 2 (recovery signal),2026-01,DOWN,72.5,NO,2026-02,UP,0.7,NO,2026-03,UP
REMSONSIND,2026-Q1,M1_M2_DISAGREE,UP,65.00,SELL PUTS,SMALL_POSITION,After Month 2 (recovery signal),2026-01,DOWN,48.3,NO,2026-02,UP,11.2,YES,2026-03,DOWN
REPRO,2026-Q1,M1_M2_DISAGREE,UP,65.00,SELL PUTS,SMALL_POSITION,After Month 2 (recovery signal),2026-01,DOWN,62.3,NO,2026-02,UP,8.3,NO,2026-03,DOWN
RESPONIND,2026-Q1,M1_M2_DISAGREE,UP,65.00,SELL PUTS,SMALL_POSITION,After Month 2 (recovery signal),2026-01,DOWN,68.9,NO,2026-02,UP,18.5,YES,2026-03,DOWN
RGL,2026-Q1,M1_M2_DISAGREE,UP,65.00,SELL PUTS,SMALL_POSITION,After Month 2 (recovery signal),2026-01,DOWN,71.4,NO,2026-02,UP,10.5,YES,2026-03,DOWN
RHIM,2026-Q1,M1_M2_DISAGREE,UP,65.00,SELL PUTS,SMALL_POSITION,After Month 2 (recovery signal),2026-01,DOWN,20.3,NO,2026-02,UP,7.9,NO,2026-03,DOWN
RHL,2026-Q1,M1_M2_DISAGREE,UP,65.00,SELL PUTS,SMALL_POSITION,After Month 2 (recovery signal),2026-01,DOWN,4.5,NO,2026-02,UP,48.2,YES,2026-03,DOWN
RICOAUTO,2025-Q4,M1_M2_DISAGREE,UP,65.00,SELL PUTS,SMALL_POSITION,After Month 2 (recovery signal),2025-10,DOWN,75.2,NO,2025-11,UP,80.7,YES,2025-12,UP
RICOAUTO,2026-Q1,M1_M2_DISAGREE,UP,65.00,SELL PUTS,SMALL_POSITION,After Month 2 (recovery signal),2026-01,DOWN,70.9,NO,2026-02,UP,55.9,YES,2026-03,DOWN
RIIL,2026-Q1,M1_M2_DISAGREE,UP,65.00,SELL PUTS,SMALL_POSITION,After Month 2 (recovery signal),2026-01,DOWN,65.5,NO,2026-02,UP,6.1,NO,2026-03,DOWN
RISHABH,2025-Q4,M1_M2_DISAGREE,UP,65.00,SELL PUTS,SMALL_POSITION,After Month 2 (recovery signal),2025-10,DOWN,7.5,YES,2025-11,UP,22.2,YES,2025-12,DOWN
RISHABH,2026-Q1,M1_M2_DISAGREE,UP,65.00,SELL PUTS,SMALL_POSITION,After Month 2 (recovery signal),2026-01,DOWN,29.3,NO,2026-02,UP,36.8,YES,2026-03,DOWN
RITCO,2025-Q4,M1_M2_DISAGREE,UP,65.00,SELL PUTS,SMALL_POSITION,After Month 2 (recovery signal),2025-10,DOWN,15.3,NO,2025-11,UP,43.0,YES,2025-12,DOWN
RKEC,2026-Q1,M1_M2_DISAGREE,UP,65.00,SELL PUTS,SMALL_POSITION,After Month 2 (recovery signal),2026-01,DOWN,64.4,NO,2026-02,UP,19.9,NO,2026-03,DOWN
RKFORGE,2026-Q1,M1_M2_DISAGREE,UP,65.00,SELL PUTS,SMALL_POSITION,After Month 2 (recovery signal),2026-01,DOWN,24.9,NO,2026-02,UP,42.0,YES,2026-03,UP
RML,2026-Q1,M1_M2_DISAGREE,UP,65.00,SELL PUTS,SMALL_POSITION,After Month 2 (recovery signal),2026-01,DOWN,41.8,NO,2026-02,UP,53.4,YES,2026-03,DOWN
ROHLTD,2026-Q1,M1_M2_DISAGREE,UP,65.00,SELL PUTS,SMALL_POSITION,After Month 2 (recovery signal),2026-01,DOWN,75.0,NO,2026-02,UP,10.1,YES,2026-03,DOWN
ROLEXRINGS,2026-Q1,M1_M2_DISAGREE,UP,65.00,SELL PUTS,SMALL_POSITION,After Month 2 (recovery signal),2026-01,DOWN,34.7,NO,2026-02,UP,25.4,YES,2026-03,DOWN
ROML,2025-Q4,M1_M2_DISAGREE,UP,65.00,SELL PUTS,SMALL_POSITION,After Month 2 (recovery signal),2025-10,DOWN,23.7,YES,2025-11,UP,23.3,NO,2025-12,UP
ROSSELLIND,2026-Q1,M1_M2_DISAGREE,UP,65.00,SELL PUTS,SMALL_POSITION,After Month 2 (recovery signal),2026-01,DOWN,65.9,NO,2026-02,UP,28.7,YES,2026-03,UP
ROSSTECH,2025-Q4,M1_M2_DISAGREE,UP,65.00,SELL PUTS,SMALL_POSITION,After Month 2 (recovery signal),2025-10,DOWN,40.8,NO,2025-11,UP,44.8,YES,2025-12,DOWN
ROTO,2026-Q1,M1_M2_DISAGREE,UP,65.00,SELL PUTS,SMALL_POSITION,After Month 2 (recovery signal),2026-01,DOWN,79.8,NO,2026-02,UP,7.4,YES,2026-03,UP
RPPL,2026-Q1,M1_M2_DISAGREE,UP,65.00,SELL PUTS,SMALL_POSITION,After Month 2 (recovery signal),2026-01,DOWN,90.4,NO,2026-02,UP,23.8,YES,2026-03,DOWN
RRKABEL,2026-Q1,M1_M2_DISAGREE,UP,65.00,SELL PUTS,SMALL_POSITION,After Month 2 (recovery signal),2026-01,DOWN,29.7,NO,2026-02,UP,68.7,YES,2026-03,DOWN
RSWM,2026-Q1,M1_M2_DISAGREE,UP,65.00,SELL PUTS,SMALL_POSITION,After Month 2 (recovery signal),2026-01,DOWN,40.8,NO,2026-02,UP,32.2,YES,2026-03,DOWN
RUBICON,2026-Q1,M1_M2_DISAGREE,UP,65.00,SELL PUTS,SMALL_POSITION,After Month 2 (recovery signal),2026-01,DOWN,16.2,YES,2026-02,UP,63.8,YES,2026-03,UP
RUBYMILLS,2025-Q4,M1_M2_DISAGREE,UP,65.00,SELL PUTS,SMALL_POSITION,After Month 2 (recovery signal),2025-10,DOWN,51.1,YES,2025-11,UP,15.2,NO,2025-12,UP
RUDRA,2026-Q1,M1_M2_DISAGREE,UP,65.00,SELL PUTS,SMALL_POSITION,After Month 2 (recovery signal),2026-01,DOWN,68.9,NO,2026-02,UP,18.2,YES,2026-03,DOWN
RVNL,2025-Q4,M1_M2_DISAGREE,UP,65.00,SELL PUTS,SMALL_POSITION,After Month 2 (recovery signal),2025-10,DOWN,33.0,NO,2025-11,UP,15.6,NO,2025-12,UP
S&SPOWER,2026-Q1,M1_M2_DISAGREE,UP,65.00,SELL PUTS,SMALL_POSITION,After Month 2 (recovery signal),2026-01,DOWN,47.1,NO,2026-02,UP,22.4,YES,2026-03,UP
SABEVENTS,2025-Q4,M1_M2_DISAGREE,UP,65.00,SELL PUTS,SMALL_POSITION,After Month 2 (recovery signal),2025-10,DOWN,46.6,NO,2025-11,UP,59.0,YES,2025-12,UP
SABTNL,2025-Q4,M1_M2_DISAGREE,UP,65.00,SELL PUTS,SMALL_POSITION,After Month 2 (recovery signal),2025-10,DOWN,48.6,NO,2025-11,UP,81.9,YES,2025-12,UP
SADBHAV,2025-Q4,M1_M2_DISAGREE,UP,65.00,SELL PUTS,SMALL_POSITION,After Month 2 (recovery signal),2025-10,DOWN,4.9,NO,2025-11,UP,10.9,NO,2025-12,UP
SADBHAV,2026-Q1,M1_M2_DISAGREE,UP,65.00,SELL PUTS,SMALL_POSITION,After Month 2 (recovery signal),2026-01,DOWN,77.7,NO,2026-02,UP,78.4,YES,2026-03,DOWN
SAFARI,2025-Q4,M1_M2_DISAGREE,UP,65.00,SELL PUTS,SMALL_POSITION,After Month 2 (recovery signal),2025-10,DOWN,27.3,NO,2025-11,UP,63.3,YES,2025-12,DOWN
SAGCEM,2026-Q1,M1_M2_DISAGREE,UP,65.00,SELL PUTS,SMALL_POSITION,After Month 2 (recovery signal),2026-01,DOWN,50.8,NO,2026-02,UP,14.1,NO,2026-03,DOWN
SAHYADRI,2026-Q1,M1_M2_DISAGREE,UP,65.00,SELL PUTS,SMALL_POSITION,After Month 2 (recovery signal),2026-01,DOWN,15.0,NO,2026-02,UP,8.2,YES,2026-03,DOWN
SAILIFE,2026-Q1,M1_M2_DISAGREE,UP,65.00,SELL PUTS,SMALL_POSITION,After Month 2 (recovery signal),2026-01,DOWN,35.9,NO,2026-02,UP,76.5,YES,2026-03,DOWN
SAKSOFT,2025-Q4,M1_M2_DISAGREE,UP,65.00,SELL PUTS,SMALL_POSITION,After Month 2 (recovery signal),2025-10,DOWN,15.8,NO,2025-11,UP,17.0,YES,2025-12,UP
SAKUMA,2026-Q1,M1_M2_DISAGREE,UP,65.00,SELL PUTS,SMALL_POSITION,After Month 2 (recovery signal),2026-01,DOWN,38.3,NO,2026-02,UP,21.6,NO,2026-03,DOWN
SALASAR,2026-Q1,M1_M2_DISAGREE,UP,65.00,SELL PUTS,SMALL_POSITION,After Month 2 (recovery signal),2026-01,DOWN,45.6,NO,2026-02,UP,10.3,NO,2026-03,DOWN
SALONA,2026-Q1,M1_M2_DISAGREE,UP,65.00,SELL PUTS,SMALL_POSITION,After Month 2 (recovery signal),2026-01,DOWN,13.9,NO,2026-02,UP,59.0,YES,2026-03,UP
SALSTEEL,2026-Q1,M1_M2_DISAGREE,UP,65.00,SELL PUTS,SMALL_POSITION,After Month 2 (recovery signal),2026-01,DOWN,44.7,NO,2026-02,UP,58.1,YES,2026-03,DOWN
SALZERELEC,2026-Q1,M1_M2_DISAGREE,UP,65.00,SELL PUTS,SMALL_POSITION,After Month 2 (recovery signal),2026-01,DOWN,79.5,NO,2026-02,UP,51.4,YES,2026-03,DOWN
SAMBHV,2026-Q1,M1_M2_DISAGREE,UP,65.00,SELL PUTS,SMALL_POSITION,After Month 2 (recovery signal),2026-01,DOWN,30.1,NO,2026-02,UP,63.3,YES,2026-03,DOWN
SAMMAANCAP,2026-Q1,M1_M2_DISAGREE,UP,65.00,SELL PUTS,SMALL_POSITION,After Month 2 (recovery signal),2026-01,DOWN,25.8,YES,2026-02,UP,1.2,YES,2026-03,DOWN
SANCO,2025-Q4,M1_M2_DISAGREE,UP,65.00,SELL PUTS,SMALL_POSITION,After Month 2 (recovery signal),2025-10,DOWN,100.0,NO,2025-11,UP,63.8,YES,2025-12,UP
SANDESH,2026-Q1,M1_M2_DISAGREE,UP,65.00,SELL PUTS,SMALL_POSITION,After Month 2 (recovery signal),2026-01,DOWN,75.9,NO,2026-02,UP,9.2,NO,2026-03,DOWN
SANGAMIND,2026-Q1,M1_M2_DISAGREE,UP,65.00,SELL PUTS,SMALL_POSITION,After Month 2 (recovery signal),2026-01,DOWN,41.8,NO,2026-02,UP,27.5,YES,2026-03,DOWN
SANGHIIND,2026-Q1,M1_M2_DISAGREE,UP,65.00,SELL PUTS,SMALL_POSITION,After Month 2 (recovery signal),2026-01,DOWN,38.8,NO,2026-02,UP,6.8,NO,2026-03,DOWN
SANOFICONR,2026-Q1,M1_M2_DISAGREE,UP,65.00,SELL PUTS,SMALL_POSITION,After Month 2 (recovery signal),2026-01,DOWN,45.4,NO,2026-02,UP,26.5,YES,2026-03,DOWN
SANSERA,2026-Q1,M1_M2_DISAGREE,UP,65.00,SELL PUTS,SMALL_POSITION,After Month 2 (recovery signal),2026-01,DOWN,17.0,YES,2026-02,UP,88.9,YES,2026-03,DOWN
SAPPHIRE,2026-Q1,M1_M2_DISAGREE,UP,65.00,SELL PUTS,SMALL_POSITION,After Month 2 (recovery signal),2026-01,DOWN,82.0,NO,2026-02,UP,40.8,YES,2026-03,DOWN
SARDAEN,2026-Q1,M1_M2_DISAGREE,UP,65.00,SELL PUTS,SMALL_POSITION,After Month 2 (recovery signal),2026-01,DOWN,39.8,NO,2026-02,UP,62.9,YES,2026-03,DOWN
SAREGAMA,2026-Q1,M1_M2_DISAGREE,UP,65.00,SELL PUTS,SMALL_POSITION,After Month 2 (recovery signal),2026-01,DOWN,23.1,NO,2026-02,UP,8.2,NO,2026-03,UP
SASTASUNDR,2025-Q4,M1_M2_DISAGREE,UP,65.00,SELL PUTS,SMALL_POSITION,After Month 2 (recovery signal),2025-10,DOWN,38.2,NO,2025-11,UP,53.9,YES,2025-12,DOWN
SATIA,2026-Q1,M1_M2_DISAGREE,UP,65.00,SELL PUTS,SMALL_POSITION,After Month 2 (recovery signal),2026-01,DOWN,61.2,NO,2026-02,UP,51.9,YES,2026-03,DOWN
SBCL,2026-Q1,M1_M2_DISAGREE,UP,65.00,SELL PUTS,SMALL_POSITION,After Month 2 (recovery signal),2026-01,DOWN,14.0,NO,2026-02,UP,16.4,YES,2026-03,DOWN
SBFC,2026-Q1,M1_M2_DISAGREE,UP,65.00,SELL PUTS,SMALL_POSITION,After Month 2 (recovery signal),2026-01,DOWN,73.6,NO,2026-02,UP,53.8,YES,2026-03,DOWN
SBICARD,2026-Q1,M1_M2_DISAGREE,UP,65.00,SELL PUTS,SMALL_POSITION,After Month 2 (recovery signal),2026-01,DOWN,67.9,NO,2026-02,UP,35.6,YES,2026-03,DOWN
SBIETFCON,2026-Q1,M1_M2_DISAGREE,UP,65.00,SELL PUTS,SMALL_POSITION,After Month 2 (recovery signal),2026-01,DOWN,64.2,NO,2026-02,UP,27.3,YES,2026-03,DOWN
SBIETFPB,2026-Q1,M1_M2_DISAGREE,UP,65.00,SELL PUTS,SMALL_POSITION,After Month 2 (recovery signal),2026-01,DOWN,26.8,NO,2026-02,UP,4.7,NO,2026-03,DOWN
SBILIFE,2026-Q1,M1_M2_DISAGREE,UP,65.00,SELL PUTS,SMALL_POSITION,After Month 2 (recovery signal),2026-01,DOWN,15.8,NO,2026-02,UP,20.2,YES,2026-03,DOWN
SBINEQWETF,2026-Q1,M1_M2_DISAGREE,UP,65.00,SELL PUTS,SMALL_POSITION,After Month 2 (recovery signal),2026-01,DOWN,27.5,NO,2026-02,UP,24.4,YES,2026-03,DOWN
SBISILVER,2025-Q4,M1_M2_DISAGREE,UP,65.00,SELL PUTS,SMALL_POSITION,After Month 2 (recovery signal),2025-10,DOWN,2.6,YES,2025-11,UP,54.6,YES,2025-12,UP
SCHAEFFLER,2026-Q1,M1_M2_DISAGREE,UP,65.00,SELL PUTS,SMALL_POSITION,After Month 2 (recovery signal),2026-01,DOWN,67.8,NO,2026-02,UP,79.8,YES,2026-03,DOWN
SCHNEIDER,2026-Q1,M1_M2_DISAGREE,UP,65.00,SELL PUTS,SMALL_POSITION,After Month 2 (recovery signal),2026-01,DOWN,20.1,NO,2026-02,UP,82.1,YES,2026-03,UP
SCI,2026-Q1,M1_M2_DISAGREE,UP,65.00,SELL PUTS,SMALL_POSITION,After Month 2 (recovery signal),2026-01,DOWN,17.3,NO,2026-02,UP,49.1,YES,2026-03,DOWN
SCILAL,2026-Q1,M1_M2_DISAGREE,UP,65.00,SELL PUTS,SMALL_POSITION,After Month 2 (recovery signal),2026-01,DOWN,28.3,NO,2026-02,UP,2.9,YES,2026-03,DOWN
SCODATUBES,2026-Q1,M1_M2_DISAGREE,UP,65.00,SELL PUTS,SMALL_POSITION,After Month 2 (recovery signal),2026-01,DOWN,85.2,NO,2026-02,UP,9.9,YES,2026-03,DOWN
SCPL,2026-Q1,M1_M2_DISAGREE,UP,65.00,SELL PUTS,SMALL_POSITION,After Month 2 (recovery signal),2026-01,DOWN,22.8,NO,2026-02,UP,13.4,YES,2026-03,UP
SECMARK,2026-Q1,M1_M2_DISAGREE,UP,65.00,SELL PUTS,SMALL_POSITION,After Month 2 (recovery signal),2026-01,DOWN,45.6,NO,2026-02,UP,44.0,YES,2026-03,DOWN
SECURKLOUD,2025-Q4,M1_M2_DISAGREE,UP,65.00,SELL PUTS,SMALL_POSITION,After Month 2 (recovery signal),2025-10,DOWN,39.1,NO,2025-11,UP,15.8,YES,2025-12,DOWN
SELECTIPO,2026-Q1,M1_M2_DISAGREE,UP,65.00,SELL PUTS,SMALL_POSITION,After Month 2 (recovery signal),2026-01,DOWN,51.1,NO,2026-02,UP,3.4,NO,2026-03,DOWN
SELMC,2026-Q1,M1_M2_DISAGREE,UP,65.00,SELL PUTS,SMALL_POSITION,After Month 2 (recovery signal),2026-01,DOWN,43.9,NO,2026-02,UP,20.8,YES,2026-03,UP
SEMAC,2026-Q1,M1_M2_DISAGREE,UP,65.00,SELL PUTS,SMALL_POSITION,After Month 2 (recovery signal),2026-01,DOWN,77.2,NO,2026-02,UP,18.2,NO,2026-03,DOWN
SENCO,2026-Q1,M1_M2_DISAGREE,UP,65.00,SELL PUTS,SMALL_POSITION,After Month 2 (recovery signal),2026-01,DOWN,9.8,NO,2026-02,UP,12.7,YES,2026-03,DOWN
SENSEXADD,2026-Q1,M1_M2_DISAGREE,UP,65.00,SELL PUTS,SMALL_POSITION,After Month 2 (recovery signal),2026-01,DOWN,53.6,NO,2026-02,UP,13.4,NO,2026-03,DOWN
SENSEXBETA,2026-Q1,M1_M2_DISAGREE,UP,65.00,SELL PUTS,SMALL_POSITION,After Month 2 (recovery signal),2026-01,DOWN,56.6,NO,2026-02,UP,6.4,NO,2026-03,DOWN
SENSEXETF,2026-Q1,M1_M2_DISAGREE,UP,65.00,SELL PUTS,SMALL_POSITION,After Month 2 (recovery signal),2026-01,DOWN,58.9,NO,2026-02,UP,18.2,NO,2026-03,DOWN
SENSEXIETF,2026-Q1,M1_M2_DISAGREE,UP,65.00,SELL PUTS,SMALL_POSITION,After Month 2 (recovery signal),2026-01,DOWN,61.0,NO,2026-02,UP,20.3,NO,2026-03,DOWN
SERVOTECH,2026-Q1,M1_M2_DISAGREE,UP,65.00,SELL PUTS,SMALL_POSITION,After Month 2 (recovery signal),2026-01,DOWN,80.3,NO,2026-02,UP,43.3,YES,2026-03,UP
SESHAPAPER,2026-Q1,M1_M2_DISAGREE,UP,65.00,SELL PUTS,SMALL_POSITION,After Month 2 (recovery signal),2026-01,DOWN,32.0,NO,2026-02,UP,60.1,YES,2026-03,DOWN
SETCO,2026-Q1,M1_M2_DISAGREE,UP,65.00,SELL PUTS,SMALL_POSITION,After Month 2 (recovery signal),2026-01,DOWN,54.0,NO,2026-02,UP,93.5,YES,2026-03,DOWN
SETFGOLD,2025-Q4,M1_M2_DISAGREE,UP,65.00,SELL PUTS,SMALL_POSITION,After Month 2 (recovery signal),2025-10,DOWN,27.5,YES,2025-11,UP,53.4,YES,2025-12,UP
SETFNIF50,2026-Q1,M1_M2_DISAGREE,UP,65.00,SELL PUTS,SMALL_POSITION,After Month 2 (recovery signal),2026-01,DOWN,43.7,NO,2026-02,UP,18.1,NO,2026-03,DOWN
SETFNIFBK,2026-Q1,M1_M2_DISAGREE,UP,65.00,SELL PUTS,SMALL_POSITION,After Month 2 (recovery signal),2026-01,DOWN,5.4,YES,2026-02,UP,15.0,YES,2026-03,DOWN
SETL,2026-Q1,M1_M2_DISAGREE,UP,65.00,SELL PUTS,SMALL_POSITION,After Month 2 (recovery signal),2026-01,DOWN,79.0,NO,2026-02,UP,24.1,YES,2026-03,DOWN
SFL,2026-Q1,M1_M2_DISAGREE,UP,65.00,SELL PUTS,SMALL_POSITION,After Month 2 (recovery signal),2026-01,DOWN,64.0,NO,2026-02,UP,23.8,YES,2026-03,DOWN
SGFIN,2026-Q1,M1_M2_DISAGREE,UP,65.00,SELL PUTS,SMALL_POSITION,After Month 2 (recovery signal),2026-01,DOWN,65.5,NO,2026-02,UP,48.6,YES,2026-03,UP
SGIL,2025-Q4,M1_M2_DISAGREE,UP,65.00,SELL PUTS,SMALL_POSITION,After Month 2 (recovery signal),2025-10,DOWN,1.1,YES,2025-11,UP,62.5,YES,2025-12,DOWN
SGL,2025-Q4,M1_M2_DISAGREE,UP,65.00,SELL PUTS,SMALL_POSITION,After Month 2 (recovery signal),2025-10,DOWN,52.5,NO,2025-11,UP,27.8,NO,2025-12,UP
SGL,2026-Q1,M1_M2_DISAGREE,UP,65.00,SELL PUTS,SMALL_POSITION,After Month 2 (recovery signal),2026-01,DOWN,67.6,NO,2026-02,UP,48.6,YES,2026-03,DOWN
SGMART,2025-Q4,M1_M2_DISAGREE,UP,65.00,SELL PUTS,SMALL_POSITION,After Month 2 (recovery signal),2025-10,DOWN,23.9,NO,2025-11,UP,20.7,YES,2025-12,UP
SGMART,2026-Q1,M1_M2_DISAGREE,UP,65.00,SELL PUTS,SMALL_POSITION,After Month 2 (recovery signal),2026-01,DOWN,13.7,NO,2026-02,UP,72.4,YES,2026-03,DOWN
SHADOWFAX,2026-Q1,M1_M2_DISAGREE,UP,65.00,SELL PUTS,SMALL_POSITION,After Month 2 (recovery signal),2026-01,DOWN,29.1,NO,2026-02,UP,59.5,YES,2026-03,DOWN
SHAILY,2026-Q1,M1_M2_DISAGREE,UP,65.00,SELL PUTS,SMALL_POSITION,After Month 2 (recovery signal),2026-01,DOWN,73.5,NO,2026-02,UP,12.1,YES,2026-03,DOWN
SHANKARA,2026-Q1,M1_M2_DISAGREE,UP,65.00,SELL PUTS,SMALL_POSITION,After Month 2 (recovery signal),2026-01,DOWN,6.3,NO,2026-02,UP,23.7,YES,2026-03,DOWN
SHANTIGOLD,2026-Q1,M1_M2_DISAGREE,UP,65.00,SELL PUTS,SMALL_POSITION,After Month 2 (recovery signal),2026-01,DOWN,35.2,YES,2026-02,UP,8.8,YES,2026-03,DOWN
SHARDAMOTR,2026-Q1,M1_M2_DISAGREE,UP,65.00,SELL PUTS,SMALL_POSITION,After Month 2 (recovery signal),2026-01,DOWN,52.3,NO,2026-02,UP,40.7,YES,2026-03,DOWN
SHEMAROO,2026-Q1,M1_M2_DISAGREE,UP,65.00,SELL PUTS,SMALL_POSITION,After Month 2 (recovery signal),2026-01,DOWN,60.0,NO,2026-02,UP,1.5,NO,2026-03,UP
SHILCTECH,2026-Q1,M1_M2_DISAGREE,UP,65.00,SELL PUTS,SMALL_POSITION,After Month 2 (recovery signal),2026-01,DOWN,42.9,NO,2026-02,UP,71.7,YES,2026-03,DOWN
SHILPAMED,2026-Q1,M1_M2_DISAGREE,UP,65.00,SELL PUTS,SMALL_POSITION,After Month 2 (recovery signal),2026-01,DOWN,43.7,NO,2026-02,UP,51.7,YES,2026-03,DOWN
SHIVALIK,2026-Q1,M1_M2_DISAGREE,UP,65.00,SELL PUTS,SMALL_POSITION,After Month 2 (recovery signal),2026-01,DOWN,71.8,NO,2026-02,UP,22.0,NO,2026-03,DOWN
SHIVAMILLS,2026-Q1,M1_M2_DISAGREE,UP,65.00,SELL PUTS,SMALL_POSITION,After Month 2 (recovery signal),2026-01,DOWN,73.0,NO,2026-02,UP,29.8,YES,2026-03,DOWN
SHIVATEX,2025-Q4,M1_M2_DISAGREE,UP,65.00,SELL PUTS,SMALL_POSITION,After Month 2 (recovery signal),2025-10,DOWN,42.0,NO,2025-11,UP,24.3,YES,2025-12,DOWN
SHIVAUM,2025-Q4,M1_M2_DISAGREE,UP,65.00,SELL PUTS,SMALL_POSITION,After Month 2 (recovery signal),2025-11,DOWN,46.9,NO,2025-12,UP,1.6,NO,NOT YET CLOSED,
SHIVAUM,2026-Q1,M1_M2_DISAGREE,UP,65.00,SELL PUTS,SMALL_POSITION,After Month 2 (recovery signal),2026-01,DOWN,32.5,YES,2026-02,UP,89.5,NO,2026-03,FLAT
SHK,2026-Q1,M1_M2_DISAGREE,UP,65.00,SELL PUTS,SMALL_POSITION,After Month 2 (recovery signal),2026-01,DOWN,65.3,NO,2026-02,UP,11.8,YES,2026-03,DOWN
SHRADHA,2025-Q4,M1_M2_DISAGREE,UP,65.00,SELL PUTS,SMALL_POSITION,After Month 2 (recovery signal),2025-10,DOWN,6.7,NO,2025-11,UP,33.3,NO,2025-12,DOWN
SHREEJISPG,2026-Q1,M1_M2_DISAGREE,UP,65.00,SELL PUTS,SMALL_POSITION,After Month 2 (recovery signal),2026-01,DOWN,58.8,NO,2026-02,UP,77.3,YES,2026-03,DOWN
SHREEPUSHK,2025-Q4,M1_M2_DISAGREE,UP,65.00,SELL PUTS,SMALL_POSITION,After Month 2 (recovery signal),2025-10,DOWN,55.1,NO,2025-11,UP,2.9,NO,2025-12,DOWN
SHRENIK,2026-Q1,M1_M2_DISAGREE,UP,65.00,SELL PUTS,SMALL_POSITION,After Month 2 (recovery signal),2026-01,DOWN,63.6,NO,2026-02,UP,40.0,YES,2026-03,DOWN
SHRINGARMS,2026-Q1,M1_M2_DISAGREE,UP,65.00,SELL PUTS,SMALL_POSITION,After Month 2 (recovery signal),2026-01,DOWN,36.3,NO,2026-02,UP,27.9,YES,2026-03,DOWN
SHRIPISTON,2025-Q4,M1_M2_DISAGREE,UP,65.00,SELL PUTS,SMALL_POSITION,After Month 2 (recovery signal),2025-10,DOWN,48.7,NO,2025-11,UP,9.4,NO,2025-12,UP
SHRIPISTON,2026-Q1,M1_M2_DISAGREE,UP,65.00,SELL PUTS,SMALL_POSITION,After Month 2 (recovery signal),2026-01,DOWN,60.6,NO,2026-02,UP,56.0,YES,2026-03,DOWN
SHRIRAMPPS,2026-Q1,M1_M2_DISAGREE,UP,65.00,SELL PUTS,SMALL_POSITION,After Month 2 (recovery signal),2026-01,DOWN,74.1,NO,2026-02,UP,29.2,YES,2026-03,DOWN
SHYAMTEL,2026-Q1,M1_M2_DISAGREE,UP,65.00,SELL PUTS,SMALL_POSITION,After Month 2 (recovery signal),2026-01,DOWN,35.0,NO,2026-02,UP,28.8,NO,2026-03,DOWN
SIEMENS,2025-Q4,M1_M2_DISAGREE,UP,65.00,SELL PUTS,SMALL_POSITION,After Month 2 (recovery signal),2025-10,DOWN,11.8,NO,2025-11,UP,60.7,YES,2025-12,DOWN
SIEMENS,2026-Q1,M1_M2_DISAGREE,UP,65.00,SELL PUTS,SMALL_POSITION,After Month 2 (recovery signal),2026-01,DOWN,4.9,YES,2026-02,UP,55.4,YES,2026-03,DOWN
SIGACHI,2025-Q4,M1_M2_DISAGREE,UP,65.00,SELL PUTS,SMALL_POSITION,After Month 2 (recovery signal),2025-10,DOWN,54.2,NO,2025-11,UP,21.7,YES,2025-12,DOWN
SIGACHI,2026-Q1,M1_M2_DISAGREE,UP,65.00,SELL PUTS,SMALL_POSITION,After Month 2 (recovery signal),2026-01,DOWN,89.3,NO,2026-02,UP,8.7,YES,2026-03,DOWN
SIGNATURE,2026-Q1,M1_M2_DISAGREE,UP,65.00,SELL PUTS,SMALL_POSITION,After Month 2 (recovery signal),2026-01,DOWN,62.0,NO,2026-02,UP,35.5,YES,2026-03,DOWN
SIGNPOST,2026-Q1,M1_M2_DISAGREE,UP,65.00,SELL PUTS,SMALL_POSITION,After Month 2 (recovery signal),2026-01,DOWN,41.9,NO,2026-02,UP,69.7,YES,2026-03,DOWN
SIKKO,2026-Q1,M1_M2_DISAGREE,UP,65.00,SELL PUTS,SMALL_POSITION,After Month 2 (recovery signal),2026-01,DOWN,76.0,NO,2026-02,UP,15.7,YES,2026-03,UP
SIL,2026-Q1,M1_M2_DISAGREE,UP,65.00,SELL PUTS,SMALL_POSITION,After Month 2 (recovery signal),2026-01,DOWN,60.1,NO,2026-02,UP,6.0,YES,2026-03,DOWN
SILVER,2025-Q4,M1_M2_DISAGREE,UP,65.00,SELL PUTS,SMALL_POSITION,After Month 2 (recovery signal),2025-10,DOWN,3.0,YES,2025-11,UP,50.5,YES,2025-12,UP
SILVER1,2025-Q4,M1_M2_DISAGREE,UP,65.00,SELL PUTS,SMALL_POSITION,After Month 2 (recovery signal),2025-10,DOWN,11.9,YES,2025-11,UP,74.5,YES,2025-12,UP
SILVER360,2025-Q4,M1_M2_DISAGREE,UP,65.00,SELL PUTS,SMALL_POSITION,After Month 2 (recovery signal),2025-10,DOWN,5.6,YES,2025-11,UP,82.8,YES,2025-12,UP
SILVERADD,2025-Q4,M1_M2_DISAGREE,UP,65.00,SELL PUTS,SMALL_POSITION,After Month 2 (recovery signal),2025-10,DOWN,10.1,YES,2025-11,UP,75.5,YES,2025-12,UP
SILVERAG,2025-Q4,M1_M2_DISAGREE,UP,65.00,SELL PUTS,SMALL_POSITION,After Month 2 (recovery signal),2025-10,DOWN,4.1,YES,2025-11,UP,64.9,YES,2025-12,UP
SILVERBEES,2025-Q4,M1_M2_DISAGREE,UP,65.00,SELL PUTS,SMALL_POSITION,After Month 2 (recovery signal),2025-10,DOWN,6.8,YES,2025-11,UP,67.8,YES,2025-12,UP
SILVERCASE,2025-Q4,M1_M2_DISAGREE,UP,65.00,SELL PUTS,SMALL_POSITION,After Month 2 (recovery signal),2025-10,DOWN,2.5,YES,2025-11,UP,40.9,YES,2025-12,UP
SILVERETF,2025-Q4,M1_M2_DISAGREE,UP,65.00,SELL PUTS,SMALL_POSITION,After Month 2 (recovery signal),2025-10,DOWN,4.6,YES,2025-11,UP,74.1,YES,2025-12,UP
SILVERIETF,2025-Q4,M1_M2_DISAGREE,UP,65.00,SELL PUTS,SMALL_POSITION,After Month 2 (recovery signal),2025-10,DOWN,6.4,YES,2025-11,UP,62.7,YES,2025-12,UP
SIMPLEXINF,2025-Q4,M1_M2_DISAGREE,UP,65.00,SELL PUTS,SMALL_POSITION,After Month 2 (recovery signal),2025-10,DOWN,21.3,NO,2025-11,UP,14.3,YES,2025-12,DOWN
SIRCA,2026-Q1,M1_M2_DISAGREE,UP,65.00,SELL PUTS,SMALL_POSITION,After Month 2 (recovery signal),2026-01,DOWN,42.3,NO,2026-02,UP,17.9,NO,2026-03,DOWN
SIS,2025-Q4,M1_M2_DISAGREE,UP,65.00,SELL PUTS,SMALL_POSITION,After Month 2 (recovery signal),2025-10,DOWN,50.3,NO,2025-11,UP,2.9,NO,2025-12,UP
SITINET,2026-Q1,M1_M2_DISAGREE,UP,65.00,SELL PUTS,SMALL_POSITION,After Month 2 (recovery signal),2026-01,DOWN,25.0,NO,2026-02,UP,37.5,YES,2026-03,DOWN
SIYSIL,2026-Q1,M1_M2_DISAGREE,UP,65.00,SELL PUTS,SMALL_POSITION,After Month 2 (recovery signal),2026-01,DOWN,80.5,NO,2026-02,UP,1.0,YES,2026-03,DOWN
SJS,2026-Q1,M1_M2_DISAGREE,UP,65.00,SELL PUTS,SMALL_POSITION,After Month 2 (recovery signal),2026-01,DOWN,26.2,NO,2026-02,UP,23.5,YES,2026-03,DOWN
SJVN,2026-Q1,M1_M2_DISAGREE,UP,65.00,SELL PUTS,SMALL_POSITION,After Month 2 (recovery signal),2026-01,DOWN,12.3,NO,2026-02,UP,1.2,NO,2026-03,UP
SKFINDIA,2026-Q1,M1_M2_DISAGREE,UP,65.00,SELL PUTS,SMALL_POSITION,After Month 2 (recovery signal),2026-01,DOWN,76.3,NO,2026-02,UP,24.3,YES,2026-03,DOWN
SKIL,2025-Q4,M1_M2_DISAGREE,UP,65.00,SELL PUTS,SMALL_POSITION,After Month 2 (recovery signal),2025-10,DOWN,75.9,NO,2025-11,UP,47.8,YES,2025-12,UP
SKIPPER,2026-Q1,M1_M2_DISAGREE,UP,65.00,SELL PUTS,SMALL_POSITION,After Month 2 (recovery signal),2026-01,DOWN,56.3,NO,2026-02,UP,0.1,YES,2026-03,UP
SKYGOLD,2026-Q1,M1_M2_DISAGREE,UP,65.00,SELL PUTS,SMALL_POSITION,After Month 2 (recovery signal),2026-01,DOWN,48.0,NO,2026-02,UP,58.4,YES,2026-03,DOWN
SMALL250,2025-Q4,M1_M2_DISAGREE,UP,65.00,SELL PUTS,SMALL_POSITION,After Month 2 (recovery signal),2025-11,DOWN,21.7,NO,2025-12,UP,7.3,NO,NOT YET CLOSED,
SMALL250,2026-Q1,M1_M2_DISAGREE,UP,65.00,SELL PUTS,SMALL_POSITION,After Month 2 (recovery signal),2026-01,DOWN,27.9,NO,2026-02,UP,7.8,YES,2026-03,DOWN
SMALLADD,2026-Q1,M1_M2_DISAGREE,UP,65.00,SELL PUTS,SMALL_POSITION,After Month 2 (recovery signal),2026-01,DOWN,49.2,NO,2026-02,UP,22.4,NO,2026-03,DOWN
SMALLCAP,2026-Q1,M1_M2_DISAGREE,UP,65.00,SELL PUTS,SMALL_POSITION,After Month 2 (recovery signal),2026-01,DOWN,49.5,NO,2026-02,UP,6.1,NO,2026-03,DOWN
SMCGLOBAL,2026-Q1,M1_M2_DISAGREE,UP,65.00,SELL PUTS,SMALL_POSITION,After Month 2 (recovery signal),2026-01,DOWN,59.7,NO,2026-02,UP,2.9,NO,2026-03,DOWN
SML100CASE,2026-Q1,M1_M2_DISAGREE,UP,65.00,SELL PUTS,SMALL_POSITION,After Month 2 (recovery signal),2026-01,DOWN,40.9,NO,2026-02,UP,15.9,NO,2026-03,DOWN
SMLMAH,2025-Q4,M1_M2_DISAGREE,UP,65.00,SELL PUTS,SMALL_POSITION,After Month 2 (recovery signal),2025-11,DOWN,27.2,NO,2025-12,UP,92.6,YES,NOT YET CLOSED,
SMLMAH,2026-Q1,M1_M2_DISAGREE,UP,65.00,SELL PUTS,SMALL_POSITION,After Month 2 (recovery signal),2026-01,DOWN,50.4,NO,2026-02,UP,63.2,YES,2026-03,DOWN
SMLT,2026-Q1,M1_M2_DISAGREE,UP,65.00,SELL PUTS,SMALL_POSITION,After Month 2 (recovery signal),2026-01,DOWN,83.2,NO,2026-02,UP,0.2,NO,2026-03,UP
SMSLIFE,2025-Q4,M1_M2_DISAGREE,UP,65.00,SELL PUTS,SMALL_POSITION,After Month 2 (recovery signal),2025-10,DOWN,58.6,YES,2025-11,UP,51.0,YES,NOT YET CLOSED,
SMSPHARMA,2026-Q1,M1_M2_DISAGREE,UP,65.00,SELL PUTS,SMALL_POSITION,After Month 2 (recovery signal),2026-01,DOWN,19.6,YES,2026-02,UP,63.7,YES,2026-03,DOWN
SNOWMAN,2026-Q1,M1_M2_DISAGREE,UP,65.00,SELL PUTS,SMALL_POSITION,After Month 2 (recovery signal),2026-01,DOWN,18.8,NO,2026-02,UP,5.1,NO,2026-03,DOWN
SNXT30BEES,2026-Q1,M1_M2_DISAGREE,UP,65.00,SELL PUTS,SMALL_POSITION,After Month 2 (recovery signal),2026-01,DOWN,11.7,NO,2026-02,UP,34.4,YES,2026-03,DOWN
SNXT50BETA,2026-Q1,M1_M2_DISAGREE,UP,65.00,SELL PUTS,SMALL_POSITION,After Month 2 (recovery signal),2026-01,DOWN,13.4,NO,2026-02,UP,12.9,YES,2026-03,DOWN
SOBHA,2026-Q1,M1_M2_DISAGREE,UP,65.00,SELL PUTS,SMALL_POSITION,After Month 2 (recovery signal),2026-01,DOWN,8.9,NO,2026-02,UP,29.1,NO,2026-03,DOWN
SOFTTECH,2026-Q1,M1_M2_DISAGREE,UP,65.00,SELL PUTS,SMALL_POSITION,After Month 2 (recovery signal),2026-01,DOWN,62.5,NO,2026-02,UP,2.2,NO,2026-03,DOWN
SOLEX,2025-Q4,M1_M2_DISAGREE,UP,65.00,SELL PUTS,SMALL_POSITION,After Month 2 (recovery signal),2025-10,DOWN,26.9,NO,2025-11,UP,19.6,YES,2025-12,DOWN
SOMATEX,2026-Q1,M1_M2_DISAGREE,UP,65.00,SELL PUTS,SMALL_POSITION,After Month 2 (recovery signal),2026-01,DOWN,90.1,NO,2026-02,UP,6.2,NO,2026-03,DOWN
SOMICONVEY,2026-Q1,M1_M2_DISAGREE,UP,65.00,SELL PUTS,SMALL_POSITION,After Month 2 (recovery signal),2026-01,DOWN,66.6,NO,2026-02,UP,25.2,YES,2026-03,DOWN
SONAMLTD,2025-Q4,M1_M2_DISAGREE,UP,65.00,SELL PUTS,SMALL_POSITION,After Month 2 (recovery signal),2025-10,DOWN,39.0,NO,2025-11,UP,79.4,YES,2025-12,DOWN
SONAMLTD,2026-Q1,M1_M2_DISAGREE,UP,65.00,SELL PUTS,SMALL_POSITION,After Month 2 (recovery signal),2026-01,DOWN,20.5,NO,2026-02,UP,84.6,YES,2026-03,UP
SOTL,2026-Q1,M1_M2_DISAGREE,UP,65.00,SELL PUTS,SMALL_POSITION,After Month 2 (recovery signal),2026-01,DOWN,52.3,NO,2026-02,UP,54.3,YES,2026-03,DOWN
SOUTHBANK,2026-Q1,M1_M2_DISAGREE,UP,65.00,SELL PUTS,SMALL_POSITION,After Month 2 (recovery signal),2026-01,DOWN,6.2,NO,2026-02,UP,56.5,YES,2026-03,DOWN
SPAL,2026-Q1,M1_M2_DISAGREE,UP,65.00,SELL PUTS,SMALL_POSITION,After Month 2 (recovery signal),2026-01,DOWN,20.6,NO,2026-02,UP,21.1,YES,2026-03,DOWN
SPANDANA,2025-Q4,M1_M2_DISAGREE,UP,65.00,SELL PUTS,SMALL_POSITION,After Month 2 (recovery signal),2025-10,DOWN,13.2,YES,2025-11,UP,24.4,YES,2025-12,UP
SPANDANA,2026-Q1,M1_M2_DISAGREE,UP,65.00,SELL PUTS,SMALL_POSITION,After Month 2 (recovery signal),2026-01,DOWN,49.8,NO,2026-02,UP,2.2,NO,2026-03,DOWN
SPIC,2026-Q1,M1_M2_DISAGREE,UP,65.00,SELL PUTS,SMALL_POSITION,After Month 2 (recovery signal),2026-01,DOWN,84.5,NO,2026-02,UP,48.6,NO,2026-03,DOWN
SPLIL,2026-Q1,M1_M2_DISAGREE,UP,65.00,SELL PUTS,SMALL_POSITION,After Month 2 (recovery signal),2026-01,DOWN,55.0,NO,2026-02,UP,34.5,YES,2026-03,DOWN
SPLPETRO,2026-Q1,M1_M2_DISAGREE,UP,65.00,SELL PUTS,SMALL_POSITION,After Month 2 (recovery signal),2026-01,DOWN,43.9,NO,2026-02,UP,83.3,YES,2026-03,DOWN
SRHHYPOLTD,2025-Q4,M1_M2_DISAGREE,UP,65.00,SELL PUTS,SMALL_POSITION,After Month 2 (recovery signal),2025-10,DOWN,47.1,NO,2025-11,UP,40.0,NO,2025-12,UP
SRHHYPOLTD,2026-Q1,M1_M2_DISAGREE,UP,65.00,SELL PUTS,SMALL_POSITION,After Month 2 (recovery signal),2026-01,DOWN,85.4,NO,2026-02,UP,19.6,YES,2026-03,UP
SSWL,2026-Q1,M1_M2_DISAGREE,UP,65.00,SELL PUTS,SMALL_POSITION,After Month 2 (recovery signal),2026-01,DOWN,29.0,YES,2026-02,UP,24.4,YES,2026-03,DOWN
STAR,2026-Q1,M1_M2_DISAGREE,UP,65.00,SELL PUTS,SMALL_POSITION,After Month 2 (recovery signal),2026-01,DOWN,12.5,NO,2026-02,UP,27.4,NO,2026-03,UP
STARCEMENT,2026-Q1,M1_M2_DISAGREE,UP,65.00,SELL PUTS,SMALL_POSITION,After Month 2 (recovery signal),2026-01,DOWN,42.1,NO,2026-02,UP,17.8,NO,2026-03,DOWN
STARPAPER,2025-Q4,M1_M2_DISAGREE,UP,65.00,SELL PUTS,SMALL_POSITION,After Month 2 (recovery signal),2025-10,DOWN,7.9,NO,2025-11,UP,21.5,NO,2025-12,UP
STARPAPER,2026-Q1,M1_M2_DISAGREE,UP,65.00,SELL PUTS,SMALL_POSITION,After Month 2 (recovery signal),2026-01,DOWN,75.5,NO,2026-02,UP,32.6,NO,2026-03,DOWN
STEELCAS,2026-Q1,M1_M2_DISAGREE,UP,65.00,SELL PUTS,SMALL_POSITION,After Month 2 (recovery signal),2026-01,DOWN,52.7,NO,2026-02,UP,63.2,YES,2026-03,UP
STEELCITY,2026-Q1,M1_M2_DISAGREE,UP,65.00,SELL PUTS,SMALL_POSITION,After Month 2 (recovery signal),2026-01,DOWN,81.5,NO,2026-02,UP,26.4,YES,2026-03,DOWN
STEELXIND,2026-Q1,M1_M2_DISAGREE,UP,65.00,SELL PUTS,SMALL_POSITION,After Month 2 (recovery signal),2026-01,DOWN,70.6,NO,2026-02,UP,12.6,YES,2026-03,UP
STEL,2025-Q4,M1_M2_DISAGREE,UP,65.00,SELL PUTS,SMALL_POSITION,After Month 2 (recovery signal),2025-10,DOWN,31.4,NO,2025-11,UP,36.6,YES,2025-12,DOWN
STEL,2026-Q1,M1_M2_DISAGREE,UP,65.00,SELL PUTS,SMALL_POSITION,After Month 2 (recovery signal),2026-01,DOWN,39.1,NO,2026-02,UP,41.0,YES,2026-03,UP
STLNETWORK,2026-Q1,M1_M2_DISAGREE,UP,65.00,SELL PUTS,SMALL_POSITION,After Month 2 (recovery signal),2026-01,DOWN,41.8,NO,2026-02,UP,1.6,YES,2026-03,DOWN
STLTECH,2026-Q1,M1_M2_DISAGREE,UP,65.00,SELL PUTS,SMALL_POSITION,After Month 2 (recovery signal),2026-01,DOWN,9.6,YES,2026-02,UP,78.5,YES,2026-03,UP
STOVEKRAFT,2026-Q1,M1_M2_DISAGREE,UP,65.00,SELL PUTS,SMALL_POSITION,After Month 2 (recovery signal),2026-01,DOWN,68.8,NO,2026-02,UP,28.3,YES,2026-03,UP
STUDDS,2026-Q1,M1_M2_DISAGREE,UP,65.00,SELL PUTS,SMALL_POSITION,After Month 2 (recovery signal),2026-01,DOWN,54.8,NO,2026-02,UP,37.0,YES,2026-03,UP
STYLAMIND,2026-Q1,M1_M2_DISAGREE,UP,65.00,SELL PUTS,SMALL_POSITION,After Month 2 (recovery signal),2026-01,DOWN,1.1,NO,2026-02,UP,11.3,YES,2026-03,DOWN
STYRENIX,2026-Q1,M1_M2_DISAGREE,UP,65.00,SELL PUTS,SMALL_POSITION,After Month 2 (recovery signal),2026-01,DOWN,14.7,NO,2026-02,UP,4.1,NO,2026-03,UP
SUBROS,2026-Q1,M1_M2_DISAGREE,UP,65.00,SELL PUTS,SMALL_POSITION,After Month 2 (recovery signal),2026-01,DOWN,28.9,NO,2026-02,UP,14.0,YES,2026-03,DOWN
SUDEEPPHRM,2026-Q1,M1_M2_DISAGREE,UP,65.00,SELL PUTS,SMALL_POSITION,After Month 2 (recovery signal),2026-01,DOWN,3.2,YES,2026-02,UP,28.8,YES,2026-03,UP
SUKHJITS,2026-Q1,M1_M2_DISAGREE,UP,65.00,SELL PUTS,SMALL_POSITION,After Month 2 (recovery signal),2026-01,DOWN,8.4,NO,2026-02,UP,49.8,YES,2026-03,DOWN
SUNCLAY,2026-Q1,M1_M2_DISAGREE,UP,65.00,SELL PUTS,SMALL_POSITION,After Month 2 (recovery signal),2026-01,DOWN,0.3,NO,2026-02,UP,62.8,YES,2026-03,DOWN
SUNDARMFIN,2026-Q1,M1_M2_DISAGREE,UP,65.00,SELL PUTS,SMALL_POSITION,After Month 2 (recovery signal),2026-01,DOWN,18.6,NO,2026-02,UP,30.8,YES,2026-03,DOWN
SUNDRMBRAK,2026-Q1,M1_M2_DISAGREE,UP,65.00,SELL PUTS,SMALL_POSITION,After Month 2 (recovery signal),2026-01,DOWN,71.2,NO,2026-02,UP,16.0,YES,2026-03,DOWN
SUNDRMFAST,2025-Q4,M1_M2_DISAGREE,UP,65.00,SELL PUTS,SMALL_POSITION,After Month 2 (recovery signal),2025-10,DOWN,65.7,NO,2025-11,UP,13.6,NO,2025-12,DOWN
SUNDROP,2026-Q1,M1_M2_DISAGREE,UP,65.00,SELL PUTS,SMALL_POSITION,After Month 2 (recovery signal),2026-01,DOWN,48.9,NO,2026-02,UP,10.5,YES,2026-03,DOWN
SUNFLAG,2026-Q1,M1_M2_DISAGREE,UP,65.00,SELL PUTS,SMALL_POSITION,After Month 2 (recovery signal),2026-01,DOWN,70.2,NO,2026-02,UP,7.6,YES,2026-03,DOWN
SUNPHARMA,2026-Q1,M1_M2_DISAGREE,UP,65.00,SELL PUTS,SMALL_POSITION,After Month 2 (recovery signal),2026-01,DOWN,56.1,NO,2026-02,UP,50.9,YES,2026-03,UP
SUNTV,2026-Q1,M1_M2_DISAGREE,UP,65.00,SELL PUTS,SMALL_POSITION,After Month 2 (recovery signal),2026-01,DOWN,30.1,NO,2026-02,UP,70.8,YES,2026-03,DOWN
SUPERHOUSE,2025-Q4,M1_M2_DISAGREE,UP,65.00,SELL PUTS,SMALL_POSITION,After Month 2 (recovery signal),2025-10,DOWN,9.6,NO,2025-11,UP,38.2,NO,2025-12,DOWN
SUPRAJIT,2025-Q4,M1_M2_DISAGREE,UP,65.00,SELL PUTS,SMALL_POSITION,After Month 2 (recovery signal),2025-10,DOWN,32.6,NO,2025-11,UP,53.5,YES,2025-12,UP
SUPREMEENG,2025-Q4,M1_M2_DISAGREE,UP,65.00,SELL PUTS,SMALL_POSITION,After Month 2 (recovery signal),2025-10,DOWN,31.3,NO,2025-11,UP,48.8,YES,2025-12,UP
SUPREMEIND,2026-Q1,M1_M2_DISAGREE,UP,65.00,SELL PUTS,SMALL_POSITION,After Month 2 (recovery signal),2026-01,DOWN,33.3,YES,2026-02,UP,70.8,YES,2026-03,DOWN
SUPREMEINF,2025-Q4,M1_M2_DISAGREE,UP,65.00,SELL PUTS,SMALL_POSITION,After Month 2 (recovery signal),2025-10,DOWN,54.8,NO,2025-11,UP,18.3,YES,2025-12,DOWN
SUPRIYA,2026-Q1,M1_M2_DISAGREE,UP,65.00,SELL PUTS,SMALL_POSITION,After Month 2 (recovery signal),2026-01,DOWN,65.8,NO,2026-02,UP,25.8,NO,2026-03,DOWN
SURAJLTD,2026-Q1,M1_M2_DISAGREE,UP,65.00,SELL PUTS,SMALL_POSITION,After Month 2 (recovery signal),2026-01,DOWN,34.0,NO,2026-02,UP,8.1,NO,2026-03,UP
SURAKSHA,2026-Q1,M1_M2_DISAGREE,UP,65.00,SELL PUTS,SMALL_POSITION,After Month 2 (recovery signal),2026-01,DOWN,11.8,NO,2026-02,UP,12.8,YES,2026-03,UP
SURANAT&P,2026-Q1,M1_M2_DISAGREE,UP,65.00,SELL PUTS,SMALL_POSITION,After Month 2 (recovery signal),2026-01,DOWN,65.6,NO,2026-02,UP,13.5,NO,2026-03,DOWN
SUTLEJTEX,2026-Q1,M1_M2_DISAGREE,UP,65.00,SELL PUTS,SMALL_POSITION,After Month 2 (recovery signal),2026-01,DOWN,62.2,NO,2026-02,UP,53.0,YES,2026-03,UP
SUVEN,2026-Q1,M1_M2_DISAGREE,UP,65.00,SELL PUTS,SMALL_POSITION,After Month 2 (recovery signal),2026-01,DOWN,64.0,NO,2026-02,UP,25.1,YES,2026-03,UP
SUVIDHAA,2026-Q1,M1_M2_DISAGREE,UP,65.00,SELL PUTS,SMALL_POSITION,After Month 2 (recovery signal),2026-01,DOWN,32.0,NO,2026-02,UP,46.2,NO,2026-03,DOWN
SUYOG,2026-Q1,M1_M2_DISAGREE,UP,65.00,SELL PUTS,SMALL_POSITION,After Month 2 (recovery signal),2026-01,DOWN,66.8,NO,2026-02,UP,85.9,YES,2026-03,DOWN
SVPGLOB,2025-Q4,M1_M2_DISAGREE,UP,65.00,SELL PUTS,SMALL_POSITION,After Month 2 (recovery signal),2025-10,DOWN,23.1,YES,2025-11,UP,95.4,YES,2025-12,DOWN
SWARAJENG,2026-Q1,M1_M2_DISAGREE,UP,65.00,SELL PUTS,SMALL_POSITION,After Month 2 (recovery signal),2026-01,DOWN,27.4,NO,2026-02,UP,13.3,YES,2026-03,DOWN
SWELECTES,2026-Q1,M1_M2_DISAGREE,UP,65.00,SELL PUTS,SMALL_POSITION,After Month 2 (recovery signal),2026-01,DOWN,83.0,NO,2026-02,UP,9.4,YES,2026-03,UP
SWIGGY,2026-Q1,M1_M2_DISAGREE,UP,65.00,SELL PUTS,SMALL_POSITION,After Month 2 (recovery signal),2026-01,DOWN,80.7,NO,2026-02,UP,21.2,NO,2026-03,DOWN
SWSOLAR,2026-Q1,M1_M2_DISAGREE,UP,65.00,SELL PUTS,SMALL_POSITION,After Month 2 (recovery signal),2026-01,DOWN,59.9,NO,2026-02,UP,26.3,YES,2026-03,DOWN
SYRMA,2025-Q4,M1_M2_DISAGREE,UP,65.00,SELL PUTS,SMALL_POSITION,After Month 2 (recovery signal),2025-10,DOWN,34.1,YES,2025-11,UP,5.3,YES,2025-12,DOWN
TAINWALCHM,2026-Q1,M1_M2_DISAGREE,UP,65.00,SELL PUTS,SMALL_POSITION,After Month 2 (recovery signal),2026-01,DOWN,32.2,NO,2026-02,UP,79.1,YES,2026-03,FLAT
TAKE,2026-Q1,M1_M2_DISAGREE,UP,65.00,SELL PUTS,SMALL_POSITION,After Month 2 (recovery signal),2026-01,DOWN,7.6,YES,2026-02,UP,2.3,YES,2026-03,UP
TALBROAUTO,2026-Q1,M1_M2_DISAGREE,UP,65.00,SELL PUTS,SMALL_POSITION,After Month 2 (recovery signal),2026-01,DOWN,22.7,NO,2026-02,UP,7.8,YES,2026-03,DOWN
TARC,2026-Q1,M1_M2_DISAGREE,UP,65.00,SELL PUTS,SMALL_POSITION,After Month 2 (recovery signal),2026-01,DOWN,47.9,NO,2026-02,UP,29.0,NO,2026-03,DOWN
TARIL,2026-Q1,M1_M2_DISAGREE,UP,65.00,SELL PUTS,SMALL_POSITION,After Month 2 (recovery signal),2026-01,DOWN,42.7,NO,2026-02,UP,67.0,YES,2026-03,DOWN
TASTYBITE,2026-Q1,M1_M2_DISAGREE,UP,65.00,SELL PUTS,SMALL_POSITION,After Month 2 (recovery signal),2026-01,DOWN,73.3,NO,2026-02,UP,13.5,YES,2026-03,DOWN
TATACAP,2026-Q1,M1_M2_DISAGREE,UP,65.00,SELL PUTS,SMALL_POSITION,After Month 2 (recovery signal),2026-01,DOWN,7.2,NO,2026-02,UP,18.7,NO,2026-03,DOWN
TATACOMM,2026-Q1,M1_M2_DISAGREE,UP,65.00,SELL PUTS,SMALL_POSITION,After Month 2 (recovery signal),2026-01,DOWN,78.9,NO,2026-02,UP,16.1,YES,2026-03,DOWN
TATACONSUM,2026-Q1,M1_M2_DISAGREE,UP,65.00,SELL PUTS,SMALL_POSITION,After Month 2 (recovery signal),2026-01,DOWN,49.7,NO,2026-02,UP,10.2,YES,2026-03,DOWN
TATAINVEST,2026-Q1,M1_M2_DISAGREE,UP,65.00,SELL PUTS,SMALL_POSITION,After Month 2 (recovery signal),2026-01,DOWN,68.9,NO,2026-02,UP,21.7,YES,2026-03,DOWN
TATAPOWER,2026-Q1,M1_M2_DISAGREE,UP,65.00,SELL PUTS,SMALL_POSITION,After Month 2 (recovery signal),2026-01,DOWN,26.4,NO,2026-02,UP,24.1,YES,2026-03,UP
TATSILV,2025-Q4,M1_M2_DISAGREE,UP,65.00,SELL PUTS,SMALL_POSITION,After Month 2 (recovery signal),2025-10,DOWN,7.0,YES,2025-11,UP,69.1,YES,2025-12,UP
TATVA,2026-Q1,M1_M2_DISAGREE,UP,65.00,SELL PUTS,SMALL_POSITION,After Month 2 (recovery signal),2026-01,DOWN,44.5,NO,2026-02,UP,35.4,YES,2026-03,DOWN
TBOTEK,2025-Q4,M1_M2_DISAGREE,UP,65.00,SELL PUTS,SMALL_POSITION,After Month 2 (recovery signal),2025-10,DOWN,32.9,NO,2025-11,UP,66.3,YES,2025-12,UP
TCIEXP,2026-Q1,M1_M2_DISAGREE,UP,65.00,SELL PUTS,SMALL_POSITION,After Month 2 (recovery signal),2026-01,DOWN,27.6,NO,2026-02,UP,14.3,YES,2026-03,DOWN
TCPLPACK,2026-Q1,M1_M2_DISAGREE,UP,65.00,SELL PUTS,SMALL_POSITION,After Month 2 (recovery signal),2026-01,DOWN,84.7,NO,2026-02,UP,11.9,YES,2026-03,DOWN
TEAMGTY,2026-Q1,M1_M2_DISAGREE,UP,65.00,SELL PUTS,SMALL_POSITION,After Month 2 (recovery signal),2026-01,DOWN,57.8,NO,2026-02,UP,24.1,YES,2026-03,UP
TECHNOE,2026-Q1,M1_M2_DISAGREE,UP,65.00,SELL PUTS,SMALL_POSITION,After Month 2 (recovery signal),2026-01,DOWN,38.4,NO,2026-02,UP,75.9,YES,2026-03,DOWN
TEJASNET,2026-Q1,M1_M2_DISAGREE,UP,65.00,SELL PUTS,SMALL_POSITION,After Month 2 (recovery signal),2026-01,DOWN,66.7,NO,2026-02,UP,70.6,YES,2026-03,UP
TENNIND,2025-Q4,M1_M2_DISAGREE,UP,65.00,SELL PUTS,SMALL_POSITION,After Month 2 (recovery signal),2025-11,DOWN,42.4,NO,2025-12,UP,29.0,YES,NOT YET CLOSED,
TENNIND,2026-Q1,M1_M2_DISAGREE,UP,65.00,SELL PUTS,SMALL_POSITION,After Month 2 (recovery signal),2026-01,DOWN,18.0,YES,2026-02,UP,62.6,YES,2026-03,DOWN
TEXMOPIPES,2026-Q1,M1_M2_DISAGREE,UP,65.00,SELL PUTS,SMALL_POSITION,After Month 2 (recovery signal),2026-01,DOWN,83.4,NO,2026-02,UP,0.9,NO,2026-03,UP
TFCILTD,2025-Q4,M1_M2_DISAGREE,UP,65.00,SELL PUTS,SMALL_POSITION,After Month 2 (recovery signal),2025-10,DOWN,43.6,NO,2025-11,UP,28.0,YES,2025-12,DOWN
TFL,2025-Q4,M1_M2_DISAGREE,UP,65.00,SELL PUTS,SMALL_POSITION,After Month 2 (recovery signal),2025-10,DOWN,38.0,NO,2025-11,UP,58.2,YES,2025-12,UP
TGBHOTELS,2026-Q1,M1_M2_DISAGREE,UP,65.00,SELL PUTS,SMALL_POSITION,After Month 2 (recovery signal),2026-01,DOWN,13.8,NO,2026-02,UP,16.7,NO,2026-03,UP
THELEELA,2026-Q1,M1_M2_DISAGREE,UP,65.00,SELL PUTS,SMALL_POSITION,After Month 2 (recovery signal),2026-01,DOWN,19.2,NO,2026-02,UP,81.2,YES,2026-03,DOWN
THEMISMED,2026-Q1,M1_M2_DISAGREE,UP,65.00,SELL PUTS,SMALL_POSITION,After Month 2 (recovery signal),2026-01,DOWN,68.2,NO,2026-02,UP,14.4,YES,2026-03,UP
THERMAX,2026-Q1,M1_M2_DISAGREE,UP,65.00,SELL PUTS,SMALL_POSITION,After Month 2 (recovery signal),2026-01,DOWN,36.6,NO,2026-02,UP,48.9,YES,2026-03,UP
THYROCARE,2026-Q1,M1_M2_DISAGREE,UP,65.00,SELL PUTS,SMALL_POSITION,After Month 2 (recovery signal),2026-01,DOWN,22.6,NO,2026-02,UP,45.1,NO,2026-03,DOWN
TI,2026-Q1,M1_M2_DISAGREE,UP,65.00,SELL PUTS,SMALL_POSITION,After Month 2 (recovery signal),2026-01,DOWN,31.9,NO,2026-02,UP,40.6,YES,2026-03,UP
TICL,2026-Q1,M1_M2_DISAGREE,UP,65.00,SELL PUTS,SMALL_POSITION,After Month 2 (recovery signal),2026-01,DOWN,11.9,NO,2026-02,UP,65.4,YES,2026-03,DOWN
TIGERLOGS,2026-Q1,M1_M2_DISAGREE,UP,65.00,SELL PUTS,SMALL_POSITION,After Month 2 (recovery signal),2026-01,DOWN,64.7,NO,2026-02,UP,2.6,YES,2026-03,DOWN
TIIL,2026-Q1,M1_M2_DISAGREE,UP,65.00,SELL PUTS,SMALL_POSITION,After Month 2 (recovery signal),2026-01,DOWN,51.1,NO,2026-02,UP,34.1,YES,2026-03,DOWN
TIINDIA,2026-Q1,M1_M2_DISAGREE,UP,65.00,SELL PUTS,SMALL_POSITION,After Month 2 (recovery signal),2026-01,DOWN,59.1,NO,2026-02,UP,85.0,YES,2026-03,DOWN
TIJARIA,2026-Q1,M1_M2_DISAGREE,UP,65.00,SELL PUTS,SMALL_POSITION,After Month 2 (recovery signal),2026-01,DOWN,51.3,NO,2026-02,UP,13.6,YES,2026-03,UP
TIMETECHNO,2026-Q1,M1_M2_DISAGREE,UP,65.00,SELL PUTS,SMALL_POSITION,After Month 2 (recovery signal),2026-01,DOWN,26.8,NO,2026-02,UP,14.4,YES,2026-03,DOWN
TIMKEN,2026-Q1,M1_M2_DISAGREE,UP,65.00,SELL PUTS,SMALL_POSITION,After Month 2 (recovery signal),2026-01,DOWN,4.2,NO,2026-02,UP,98.1,YES,2026-03,UP
TINNARUBR,2026-Q1,M1_M2_DISAGREE,UP,65.00,SELL PUTS,SMALL_POSITION,After Month 2 (recovery signal),2026-01,DOWN,92.8,NO,2026-02,UP,32.4,YES,2026-03,DOWN
TIPSFILMS,2026-Q1,M1_M2_DISAGREE,UP,65.00,SELL PUTS,SMALL_POSITION,After Month 2 (recovery signal),2026-01,DOWN,72.4,NO,2026-02,UP,15.8,YES,2026-03,DOWN
TIPSMUSIC,2025-Q4,M1_M2_DISAGREE,UP,65.00,SELL PUTS,SMALL_POSITION,After Month 2 (recovery signal),2025-10,DOWN,65.4,NO,2025-11,UP,60.3,YES,2025-12,DOWN
TIRUMALCHM,2026-Q1,M1_M2_DISAGREE,UP,65.00,SELL PUTS,SMALL_POSITION,After Month 2 (recovery signal),2026-01,DOWN,75.8,NO,2026-02,UP,0.3,NO,2026-03,DOWN
TIRUPATIFL,2026-Q1,M1_M2_DISAGREE,UP,65.00,SELL PUTS,SMALL_POSITION,After Month 2 (recovery signal),2026-01,DOWN,0.1,NO,2026-02,UP,26.9,YES,2026-03,UP
TITAN,2026-Q1,M1_M2_DISAGREE,UP,65.00,SELL PUTS,SMALL_POSITION,After Month 2 (recovery signal),2026-01,DOWN,17.4,NO,2026-02,UP,67.9,YES,2026-03,DOWN
TMPV,2026-Q1,M1_M2_DISAGREE,UP,65.00,SELL PUTS,SMALL_POSITION,After Month 2 (recovery signal),2026-01,DOWN,49.8,NO,2026-02,UP,62.7,YES,2026-03,DOWN
TNPL,2026-Q1,M1_M2_DISAGREE,UP,65.00,SELL PUTS,SMALL_POSITION,After Month 2 (recovery signal),2026-01,DOWN,54.1,NO,2026-02,UP,14.7,YES,2026-03,UP
TOP100CASE,2026-Q1,M1_M2_DISAGREE,UP,65.00,SELL PUTS,SMALL_POSITION,After Month 2 (recovery signal),2026-01,DOWN,53.2,NO,2026-02,UP,12.9,NO,2026-03,DOWN
TOP15IETF,2026-Q1,M1_M2_DISAGREE,UP,65.00,SELL PUTS,SMALL_POSITION,After Month 2 (recovery signal),2026-01,DOWN,71.7,NO,2026-02,UP,13.0,NO,2026-03,DOWN
TORNTPHARM,2026-Q1,M1_M2_DISAGREE,UP,65.00,SELL PUTS,SMALL_POSITION,After Month 2 (recovery signal),2026-01,DOWN,22.4,YES,2026-02,UP,62.7,YES,2026-03,UP
TORNTPOWER,2026-Q1,M1_M2_DISAGREE,UP,65.00,SELL PUTS,SMALL_POSITION,After Month 2 (recovery signal),2026-01,DOWN,59.8,YES,2026-02,UP,52.3,YES,2026-03,DOWN
TPLPLASTEH,2025-Q4,M1_M2_DISAGREE,UP,65.00,SELL PUTS,SMALL_POSITION,After Month 2 (recovery signal),2025-10,DOWN,11.9,NO,2025-11,UP,41.5,NO,2025-12,UP
TPLPLASTEH,2026-Q1,M1_M2_DISAGREE,UP,65.00,SELL PUTS,SMALL_POSITION,After Month 2 (recovery signal),2026-01,DOWN,65.8,NO,2026-02,UP,31.1,YES,2026-03,DOWN
TRACXN,2026-Q1,M1_M2_DISAGREE,UP,65.00,SELL PUTS,SMALL_POSITION,After Month 2 (recovery signal),2026-01,DOWN,53.8,NO,2026-02,UP,10.6,NO,2026-03,UP
TRANSRAILL,2026-Q1,M1_M2_DISAGREE,UP,65.00,SELL PUTS,SMALL_POSITION,After Month 2 (recovery signal),2026-01,DOWN,49.6,NO,2026-02,UP,51.2,YES,2026-03,DOWN
TRAVELFOOD,2025-Q4,M1_M2_DISAGREE,UP,65.00,SELL PUTS,SMALL_POSITION,After Month 2 (recovery signal),2025-10,DOWN,8.1,NO,2025-11,UP,17.3,YES,2025-12,DOWN
TRAVELFOOD,2026-Q1,M1_M2_DISAGREE,UP,65.00,SELL PUTS,SMALL_POSITION,After Month 2 (recovery signal),2026-01,DOWN,59.5,NO,2026-02,UP,64.5,YES,2026-03,UP
TREEHOUSE,2026-Q1,M1_M2_DISAGREE,UP,65.00,SELL PUTS,SMALL_POSITION,After Month 2 (recovery signal),2026-01,DOWN,4.9,NO,2026-02,UP,50.5,YES,2026-03,DOWN
TRENT,2026-Q1,M1_M2_DISAGREE,UP,65.00,SELL PUTS,SMALL_POSITION,After Month 2 (recovery signal),2026-01,DOWN,67.2,NO,2026-02,UP,18.7,YES,2026-03,DOWN
TRIDENT,2026-Q1,M1_M2_DISAGREE,UP,65.00,SELL PUTS,SMALL_POSITION,After Month 2 (recovery signal),2026-01,DOWN,16.0,NO,2026-02,UP,9.6,NO,2026-03,DOWN
TRIVENI,2026-Q1,M1_M2_DISAGREE,UP,65.00,SELL PUTS,SMALL_POSITION,After Month 2 (recovery signal),2026-01,DOWN,25.8,NO,2026-02,UP,29.7,YES,2026-03,DOWN
TRUALT,2025-Q4,M1_M2_DISAGREE,UP,65.00,SELL PUTS,SMALL_POSITION,After Month 2 (recovery signal),2025-10,DOWN,91.8,NO,2025-11,UP,0.7,YES,2025-12,DOWN
TRUALT,2026-Q1,M1_M2_DISAGREE,UP,65.00,SELL PUTS,SMALL_POSITION,After Month 2 (recovery signal),2026-01,DOWN,23.6,NO,2026-02,UP,17.6,YES,2026-03,UP
TTL,2026-Q1,M1_M2_DISAGREE,UP,65.00,SELL PUTS,SMALL_POSITION,After Month 2 (recovery signal),2026-01,DOWN,45.6,NO,2026-02,UP,65.0,YES,2026-03,DOWN
TVSMOTOR,2026-Q1,M1_M2_DISAGREE,UP,65.00,SELL PUTS,SMALL_POSITION,After Month 2 (recovery signal),2026-01,DOWN,13.8,NO,2026-02,UP,40.4,YES,2026-03,DOWN
TVSSCS,2026-Q1,M1_M2_DISAGREE,UP,65.00,SELL PUTS,SMALL_POSITION,After Month 2 (recovery signal),2026-01,DOWN,57.4,NO,2026-02,UP,40.0,YES,2026-03,DOWN
TVSSRICHAK,2026-Q1,M1_M2_DISAGREE,UP,65.00,SELL PUTS,SMALL_POSITION,After Month 2 (recovery signal),2026-01,DOWN,20.8,NO,2026-02,UP,14.4,NO,2026-03,DOWN
TVTODAY,2026-Q1,M1_M2_DISAGREE,UP,65.00,SELL PUTS,SMALL_POSITION,After Month 2 (recovery signal),2026-01,DOWN,49.3,NO,2026-02,UP,13.6,YES,2026-03,DOWN
UBL,2026-Q1,M1_M2_DISAGREE,UP,65.00,SELL PUTS,SMALL_POSITION,After Month 2 (recovery signal),2026-01,DOWN,74.2,NO,2026-02,UP,63.8,YES,2026-03,UP
UCOBANK,2026-Q1,M1_M2_DISAGREE,UP,65.00,SELL PUTS,SMALL_POSITION,After Month 2 (recovery signal),2026-01,DOWN,14.8,NO,2026-02,UP,36.2,YES,2026-03,DOWN
UDS,2026-Q1,M1_M2_DISAGREE,UP,65.00,SELL PUTS,SMALL_POSITION,After Month 2 (recovery signal),2026-01,DOWN,91.9,NO,2026-02,UP,22.9,YES,2026-03,DOWN
UEL,2025-Q4,M1_M2_DISAGREE,UP,65.00,SELL PUTS,SMALL_POSITION,After Month 2 (recovery signal),2025-10,DOWN,68.4,NO,2025-11,UP,39.6,YES,2025-12,UP
UEL,2026-Q1,M1_M2_DISAGREE,UP,65.00,SELL PUTS,SMALL_POSITION,After Month 2 (recovery signal),2026-01,DOWN,36.8,NO,2026-02,UP,57.5,YES,2026-03,DOWN
UFBL,2026-Q1,M1_M2_DISAGREE,UP,65.00,SELL PUTS,SMALL_POSITION,After Month 2 (recovery signal),2026-01,DOWN,52.3,NO,2026-02,UP,66.1,YES,2026-03,DOWN
UFLEX,2026-Q1,M1_M2_DISAGREE,UP,65.00,SELL PUTS,SMALL_POSITION,After Month 2 (recovery signal),2026-01,DOWN,62.9,NO,2026-02,UP,28.1,YES,2026-03,DOWN
UFO,2025-Q4,M1_M2_DISAGREE,UP,65.00,SELL PUTS,SMALL_POSITION,After Month 2 (recovery signal),2025-10,DOWN,16.3,YES,2025-11,UP,48.0,YES,2025-12,UP
UMESLTD,2025-Q4,M1_M2_DISAGREE,UP,65.00,SELL PUTS,SMALL_POSITION,After Month 2 (recovery signal),2025-10,DOWN,27.3,NO,2025-11,UP,30.0,NO,2025-12,FLAT
UNIECOM,2025-Q4,M1_M2_DISAGREE,UP,65.00,SELL PUTS,SMALL_POSITION,After Month 2 (recovery signal),2025-10,DOWN,74.6,NO,2025-11,UP,14.0,NO,2025-12,DOWN
UNIECOM,2026-Q1,M1_M2_DISAGREE,UP,65.00,SELL PUTS,SMALL_POSITION,After Month 2 (recovery signal),2026-01,DOWN,79.7,NO,2026-02,UP,12.1,YES,2026-03,DOWN
UNIENTER,2026-Q1,M1_M2_DISAGREE,UP,65.00,SELL PUTS,SMALL_POSITION,After Month 2 (recovery signal),2026-01,DOWN,74.9,NO,2026-02,UP,34.3,NO,2026-03,DOWN
UNIINFO,2025-Q4,M1_M2_DISAGREE,UP,65.00,SELL PUTS,SMALL_POSITION,After Month 2 (recovery signal),2025-10,DOWN,49.4,NO,2025-11,UP,36.2,YES,2025-12,DOWN
UNIMECH,2026-Q1,M1_M2_DISAGREE,UP,65.00,SELL PUTS,SMALL_POSITION,After Month 2 (recovery signal),2026-01,DOWN,28.8,NO,2026-02,UP,10.6,NO,2026-03,DOWN
UNIONGOLD,2025-Q4,M1_M2_DISAGREE,UP,65.00,SELL PUTS,SMALL_POSITION,After Month 2 (recovery signal),2025-10,DOWN,28.4,YES,2025-11,UP,25.0,YES,2025-12,UP
UNIPARTS,2026-Q1,M1_M2_DISAGREE,UP,65.00,SELL PUTS,SMALL_POSITION,After Month 2 (recovery signal),2026-01,DOWN,52.7,NO,2026-02,UP,17.0,YES,2026-03,DOWN
UNITDSPR,2026-Q1,M1_M2_DISAGREE,UP,65.00,SELL PUTS,SMALL_POSITION,After Month 2 (recovery signal),2026-01,DOWN,48.2,NO,2026-02,UP,12.6,YES,2026-03,DOWN
UNITECH,2026-Q1,M1_M2_DISAGREE,UP,65.00,SELL PUTS,SMALL_POSITION,After Month 2 (recovery signal),2026-01,DOWN,74.9,NO,2026-02,UP,32.4,YES,2026-03,DOWN
UNITEDTEA,2025-Q4,M1_M2_DISAGREE,UP,65.00,SELL PUTS,SMALL_POSITION,After Month 2 (recovery signal),2025-10,DOWN,44.7,NO,2025-11,UP,28.5,YES,2025-12,UP
UNIVASTU,2025-Q4,M1_M2_DISAGREE,UP,65.00,SELL PUTS,SMALL_POSITION,After Month 2 (recovery signal),2025-10,DOWN,79.1,NO,2025-11,UP,26.0,NO,2025-12,DOWN
UNIVASTU,2026-Q1,M1_M2_DISAGREE,UP,65.00,SELL PUTS,SMALL_POSITION,After Month 2 (recovery signal),2026-01,DOWN,67.8,NO,2026-02,UP,17.8,YES,2026-03,UP
UNIVPHOTO,2026-Q1,M1_M2_DISAGREE,UP,65.00,SELL PUTS,SMALL_POSITION,After Month 2 (recovery signal),2026-01,DOWN,57.1,NO,2026-02,UP,97.8,YES,2026-03,UP
UNOMINDA,2025-Q4,M1_M2_DISAGREE,UP,65.00,SELL PUTS,SMALL_POSITION,After Month 2 (recovery signal),2025-10,DOWN,32.2,NO,2025-11,UP,48.0,YES,2025-12,DOWN
UNOMINDA,2026-Q1,M1_M2_DISAGREE,UP,65.00,SELL PUTS,SMALL_POSITION,After Month 2 (recovery signal),2026-01,DOWN,40.5,NO,2026-02,UP,0.8,NO,2026-03,DOWN
USHAMART,2026-Q1,M1_M2_DISAGREE,UP,65.00,SELL PUTS,SMALL_POSITION,After Month 2 (recovery signal),2026-01,DOWN,66.1,NO,2026-02,UP,16.6,YES,2026-03,UP
USK,2026-Q1,M1_M2_DISAGREE,UP,65.00,SELL PUTS,SMALL_POSITION,After Month 2 (recovery signal),2026-01,DOWN,41.9,NO,2026-02,UP,70.2,YES,2026-03,DOWN
UTIAMC,2026-Q1,M1_M2_DISAGREE,UP,65.00,SELL PUTS,SMALL_POSITION,After Month 2 (recovery signal),2026-01,DOWN,75.9,NO,2026-02,UP,12.0,YES,2026-03,DOWN
UTKARSHBNK,2026-Q1,M1_M2_DISAGREE,UP,65.00,SELL PUTS,SMALL_POSITION,After Month 2 (recovery signal),2026-01,DOWN,54.4,NO,2026-02,UP,6.9,YES,2026-03,DOWN
UTLSOLAR,2025-Q4,M1_M2_DISAGREE,UP,65.00,SELL PUTS,SMALL_POSITION,After Month 2 (recovery signal),2025-11,DOWN,42.6,NO,2025-12,UP,34.8,YES,NOT YET CLOSED,
UYFINCORP,2026-Q1,M1_M2_DISAGREE,UP,65.00,SELL PUTS,SMALL_POSITION,After Month 2 (recovery signal),2026-01,DOWN,63.9,NO,2026-02,UP,51.3,YES,2026-03,DOWN
V2RETAIL,2026-Q1,M1_M2_DISAGREE,UP,65.00,SELL PUTS,SMALL_POSITION,After Month 2 (recovery signal),2026-01,DOWN,60.5,NO,2026-02,UP,7.2,NO,2026-03,DOWN
VADILALIND,2026-Q1,M1_M2_DISAGREE,UP,65.00,SELL PUTS,SMALL_POSITION,After Month 2 (recovery signal),2026-01,DOWN,62.1,NO,2026-02,UP,46.7,YES,2026-03,DOWN
VASWANI,2026-Q1,M1_M2_DISAGREE,UP,65.00,SELL PUTS,SMALL_POSITION,After Month 2 (recovery signal),2026-01,DOWN,74.2,NO,2026-02,UP,70.4,YES,2026-03,FLAT
VCL,2025-Q4,M1_M2_DISAGREE,UP,65.00,SELL PUTS,SMALL_POSITION,After Month 2 (recovery signal),2025-10,DOWN,16.7,NO,2025-11,UP,96.8,YES,2025-12,DOWN
VENUSPIPES,2025-Q4,M1_M2_DISAGREE,UP,65.00,SELL PUTS,SMALL_POSITION,After Month 2 (recovery signal),2025-10,DOWN,24.8,NO,2025-11,UP,6.5,YES,2025-12,DOWN
VENUSPIPES,2026-Q1,M1_M2_DISAGREE,UP,65.00,SELL PUTS,SMALL_POSITION,After Month 2 (recovery signal),2026-01,DOWN,52.3,NO,2026-02,UP,35.0,YES,2026-03,DOWN
VENUSREM,2025-Q4,M1_M2_DISAGREE,UP,65.00,SELL PUTS,SMALL_POSITION,After Month 2 (recovery signal),2025-10,DOWN,20.8,NO,2025-11,UP,81.6,YES,2025-12,UP
VERTOZ,2025-Q4,M1_M2_DISAGREE,UP,65.00,SELL PUTS,SMALL_POSITION,After Month 2 (recovery signal),2025-10,DOWN,62.9,NO,2025-11,UP,26.0,YES,2025-12,DOWN
VETO,2026-Q1,M1_M2_DISAGREE,UP,65.00,SELL PUTS,SMALL_POSITION,After Month 2 (recovery signal),2026-01,DOWN,79.8,NO,2026-02,UP,7.4,YES,2026-03,DOWN
VGL,2025-Q4,M1_M2_DISAGREE,UP,65.00,SELL PUTS,SMALL_POSITION,After Month 2 (recovery signal),2025-10,DOWN,61.3,NO,2025-11,UP,39.4,YES,2025-12,UP
VGL,2026-Q1,M1_M2_DISAGREE,UP,65.00,SELL PUTS,SMALL_POSITION,After Month 2 (recovery signal),2026-01,DOWN,67.8,NO,2026-02,UP,13.1,YES,2026-03,DOWN
VHL,2026-Q1,M1_M2_DISAGREE,UP,65.00,SELL PUTS,SMALL_POSITION,After Month 2 (recovery signal),2026-01,DOWN,46.6,NO,2026-02,UP,4.8,YES,2026-03,DOWN
VHLTD,2026-Q1,M1_M2_DISAGREE,UP,65.00,SELL PUTS,SMALL_POSITION,After Month 2 (recovery signal),2026-01,DOWN,38.9,NO,2026-02,UP,44.7,YES,2026-03,DOWN
VIDHIING,2025-Q4,M1_M2_DISAGREE,UP,65.00,SELL PUTS,SMALL_POSITION,After Month 2 (recovery signal),2025-10,DOWN,50.4,NO,2025-11,UP,34.9,YES,2025-12,DOWN
VIDYAWIRES,2026-Q1,M1_M2_DISAGREE,UP,65.00,SELL PUTS,SMALL_POSITION,After Month 2 (recovery signal),2026-01,DOWN,41.8,NO,2026-02,UP,59.6,YES,2026-03,UP
VIJAYA,2025-Q4,M1_M2_DISAGREE,UP,65.00,SELL PUTS,SMALL_POSITION,After Month 2 (recovery signal),2025-10,DOWN,21.4,NO,2025-11,UP,8.0,YES,2025-12,DOWN
VIJAYA,2026-Q1,M1_M2_DISAGREE,UP,65.00,SELL PUTS,SMALL_POSITION,After Month 2 (recovery signal),2026-01,DOWN,66.8,NO,2026-02,UP,31.1,YES,2026-03,DOWN
VIMTALABS,2026-Q1,M1_M2_DISAGREE,UP,65.00,SELL PUTS,SMALL_POSITION,After Month 2 (recovery signal),2026-01,DOWN,85.0,NO,2026-02,UP,40.9,YES,2026-03,DOWN
VINCOFE,2026-Q1,M1_M2_DISAGREE,UP,65.00,SELL PUTS,SMALL_POSITION,After Month 2 (recovery signal),2026-01,DOWN,24.9,NO,2026-02,UP,15.4,NO,2026-03,DOWN
VINDHYATEL,2025-Q4,M1_M2_DISAGREE,UP,65.00,SELL PUTS,SMALL_POSITION,After Month 2 (recovery signal),2025-10,DOWN,29.7,NO,2025-11,UP,55.1,YES,2025-12,DOWN
VINNY,2026-Q1,M1_M2_DISAGREE,UP,65.00,SELL PUTS,SMALL_POSITION,After Month 2 (recovery signal),2026-01,DOWN,68.0,NO,2026-02,UP,2.3,YES,2026-03,UP
VIPULLTD,2025-Q4,M1_M2_DISAGREE,UP,65.00,SELL PUTS,SMALL_POSITION,After Month 2 (recovery signal),2025-10,DOWN,69.9,NO,2025-11,UP,9.9,YES,2025-12,UP
VISAKAIND,2026-Q1,M1_M2_DISAGREE,UP,65.00,SELL PUTS,SMALL_POSITION,After Month 2 (recovery signal),2026-01,DOWN,59.7,NO,2026-02,UP,13.0,NO,2026-03,DOWN
VISASTEEL,2026-Q1,M1_M2_DISAGREE,UP,65.00,SELL PUTS,SMALL_POSITION,After Month 2 (recovery signal),2026-01,DOWN,91.7,NO,2026-02,UP,32.2,NO,2026-03,DOWN
VISHNU,2026-Q1,M1_M2_DISAGREE,UP,65.00,SELL PUTS,SMALL_POSITION,After Month 2 (recovery signal),2026-01,DOWN,30.7,NO,2026-02,UP,22.6,NO,2026-03,UP
VIYASH,2026-Q1,M1_M2_DISAGREE,UP,65.00,SELL PUTS,SMALL_POSITION,After Month 2 (recovery signal),2026-01,DOWN,6.1,YES,2026-02,UP,24.5,YES,2026-03,DOWN
VLEGOV,2025-Q4,M1_M2_DISAGREE,UP,65.00,SELL PUTS,SMALL_POSITION,After Month 2 (recovery signal),2025-10,DOWN,61.1,NO,2025-11,UP,10.2,NO,2025-12,DOWN
VLEGOV,2026-Q1,M1_M2_DISAGREE,UP,65.00,SELL PUTS,SMALL_POSITION,After Month 2 (recovery signal),2026-01,DOWN,81.1,NO,2026-02,UP,13.0,YES,2026-03,DOWN
VLSFINANCE,2025-Q4,M1_M2_DISAGREE,UP,65.00,SELL PUTS,SMALL_POSITION,After Month 2 (recovery signal),2025-10,DOWN,11.2,YES,2025-11,UP,78.0,YES,2025-12,DOWN
VOLTAMP,2026-Q1,M1_M2_DISAGREE,UP,65.00,SELL PUTS,SMALL_POSITION,After Month 2 (recovery signal),2026-01,DOWN,42.1,NO,2026-02,UP,80.1,YES,2026-03,DOWN
VOLTAS,2026-Q1,M1_M2_DISAGREE,UP,65.00,SELL PUTS,SMALL_POSITION,After Month 2 (recovery signal),2026-01,DOWN,15.7,NO,2026-02,UP,73.4,YES,2026-03,DOWN
VPRPL,2026-Q1,M1_M2_DISAGREE,UP,65.00,SELL PUTS,SMALL_POSITION,After Month 2 (recovery signal),2026-01,DOWN,70.8,NO,2026-02,UP,5.9,NO,2026-03,DOWN
VRAJ,2026-Q1,M1_M2_DISAGREE,UP,65.00,SELL PUTS,SMALL_POSITION,After Month 2 (recovery signal),2026-01,DOWN,38.2,NO,2026-02,UP,27.3,YES,2026-03,DOWN
VSSL,2026-Q1,M1_M2_DISAGREE,UP,65.00,SELL PUTS,SMALL_POSITION,After Month 2 (recovery signal),2026-01,DOWN,70.7,NO,2026-02,UP,6.9,YES,2026-03,DOWN
VSTIND,2026-Q1,M1_M2_DISAGREE,UP,65.00,SELL PUTS,SMALL_POSITION,After Month 2 (recovery signal),2026-01,DOWN,74.9,NO,2026-02,UP,4.0,NO,2026-03,DOWN
VSTTILLERS,2026-Q1,M1_M2_DISAGREE,UP,65.00,SELL PUTS,SMALL_POSITION,After Month 2 (recovery signal),2026-01,DOWN,68.6,NO,2026-02,UP,27.1,YES,2026-03,DOWN
WAAREEENER,2026-Q1,M1_M2_DISAGREE,UP,65.00,SELL PUTS,SMALL_POSITION,After Month 2 (recovery signal),2026-01,DOWN,30.1,NO,2026-02,UP,13.5,NO,2026-03,UP
WABAG,2025-Q4,M1_M2_DISAGREE,UP,65.00,SELL PUTS,SMALL_POSITION,After Month 2 (recovery signal),2025-10,DOWN,60.2,NO,2025-11,UP,54.5,NO,2025-12,DOWN
WABAG,2026-Q1,M1_M2_DISAGREE,UP,65.00,SELL PUTS,SMALL_POSITION,After Month 2 (recovery signal),2026-01,DOWN,79.0,NO,2026-02,UP,60.8,YES,2026-03,UP
WAKEFIT,2026-Q1,M1_M2_DISAGREE,UP,65.00,SELL PUTS,SMALL_POSITION,After Month 2 (recovery signal),2026-01,DOWN,7.2,NO,2026-02,UP,9.4,YES,2026-03,DOWN
WALCHANNAG,2025-Q4,M1_M2_DISAGREE,UP,65.00,SELL PUTS,SMALL_POSITION,After Month 2 (recovery signal),2025-10,DOWN,20.7,NO,2025-11,UP,14.1,NO,2025-12,UP
WANBURY,2026-Q1,M1_M2_DISAGREE,UP,65.00,SELL PUTS,SMALL_POSITION,After Month 2 (recovery signal),2026-01,DOWN,22.6,NO,2026-02,UP,69.8,YES,2026-03,DOWN
WCIL,2026-Q1,M1_M2_DISAGREE,UP,65.00,SELL PUTS,SMALL_POSITION,After Month 2 (recovery signal),2026-01,DOWN,56.8,NO,2026-02,UP,7.2,YES,2026-03,DOWN
WEALTH,2026-Q1,M1_M2_DISAGREE,UP,65.00,SELL PUTS,SMALL_POSITION,After Month 2 (recovery signal),2026-01,DOWN,56.3,NO,2026-02,UP,35.2,YES,2026-03,FLAT
WEIZMANIND,2026-Q1,M1_M2_DISAGREE,UP,65.00,SELL PUTS,SMALL_POSITION,After Month 2 (recovery signal),2026-01,DOWN,92.5,NO,2026-02,UP,25.3,YES,2026-03,DOWN
WEL,2026-Q1,M1_M2_DISAGREE,UP,65.00,SELL PUTS,SMALL_POSITION,After Month 2 (recovery signal),2026-01,DOWN,46.3,NO,2026-02,UP,20.3,YES,2026-03,UP
WELCORP,2026-Q1,M1_M2_DISAGREE,UP,65.00,SELL PUTS,SMALL_POSITION,After Month 2 (recovery signal),2026-01,DOWN,79.6,NO,2026-02,UP,74.8,YES,2026-03,UP
WELENT,2026-Q1,M1_M2_DISAGREE,UP,65.00,SELL PUTS,SMALL_POSITION,After Month 2 (recovery signal),2026-01,DOWN,54.1,NO,2026-02,UP,19.1,YES,2026-03,UP
WELINV,2026-Q1,M1_M2_DISAGREE,UP,65.00,SELL PUTS,SMALL_POSITION,After Month 2 (recovery signal),2026-01,DOWN,70.5,NO,2026-02,UP,21.1,YES,2026-03,UP
WELSPUNLIV,2026-Q1,M1_M2_DISAGREE,UP,65.00,SELL PUTS,SMALL_POSITION,After Month 2 (recovery signal),2026-01,DOWN,30.7,NO,2026-02,UP,0.0,NO,2026-03,DOWN
WENDT,2026-Q1,M1_M2_DISAGREE,UP,65.00,SELL PUTS,SMALL_POSITION,After Month 2 (recovery signal),2026-01,DOWN,66.6,NO,2026-02,UP,13.4,YES,2026-03,DOWN
WESTLIFE,2026-Q1,M1_M2_DISAGREE,UP,65.00,SELL PUTS,SMALL_POSITION,After Month 2 (recovery signal),2026-01,DOWN,69.6,NO,2026-02,UP,0.2,YES,2026-03,DOWN
WHEELS,2026-Q1,M1_M2_DISAGREE,UP,65.00,SELL PUTS,SMALL_POSITION,After Month 2 (recovery signal),2026-01,DOWN,51.8,NO,2026-02,UP,69.6,YES,2026-03,UP
WHIRLPOOL,2026-Q1,M1_M2_DISAGREE,UP,65.00,SELL PUTS,SMALL_POSITION,After Month 2 (recovery signal),2026-01,DOWN,79.9,NO,2026-02,UP,68.9,YES,2026-03,DOWN
WINSOME,2025-Q4,M1_M2_DISAGREE,UP,65.00,SELL PUTS,SMALL_POSITION,After Month 2 (recovery signal),2025-10,DOWN,47.1,NO,2025-11,UP,69.2,YES,2025-12,DOWN
WINSOME,2026-Q1,M1_M2_DISAGREE,UP,65.00,SELL PUTS,SMALL_POSITION,After Month 2 (recovery signal),2026-01,DOWN,87.0,NO,2026-02,UP,5.6,YES,2026-03,UP
WOCKPHARMA,2026-Q1,M1_M2_DISAGREE,UP,65.00,SELL PUTS,SMALL_POSITION,After Month 2 (recovery signal),2026-01,DOWN,25.8,NO,2026-02,UP,4.3,NO,2026-03,DOWN
WSTCSTPAPR,2026-Q1,M1_M2_DISAGREE,UP,65.00,SELL PUTS,SMALL_POSITION,After Month 2 (recovery signal),2026-01,DOWN,34.8,NO,2026-02,UP,35.2,YES,2026-03,DOWN
XTGLOBAL,2026-Q1,M1_M2_DISAGREE,UP,65.00,SELL PUTS,SMALL_POSITION,After Month 2 (recovery signal),2026-01,DOWN,64.2,NO,2026-02,UP,86.5,YES,2026-03,DOWN
YASHO,2025-Q4,M1_M2_DISAGREE,UP,65.00,SELL PUTS,SMALL_POSITION,After Month 2 (recovery signal),2025-10,DOWN,50.3,NO,2025-11,UP,0.8,NO,2025-12,DOWN
YASHO,2026-Q1,M1_M2_DISAGREE,UP,65.00,SELL PUTS,SMALL_POSITION,After Month 2 (recovery signal),2026-01,DOWN,62.7,NO,2026-02,UP,68.0,YES,2026-03,DOWN
YATHARTH,2026-Q1,M1_M2_DISAGREE,UP,65.00,SELL PUTS,SMALL_POSITION,After Month 2 (recovery signal),2026-01,DOWN,60.1,NO,2026-02,UP,79.5,YES,2026-03,UP
ZEEL,2025-Q4,M1_M2_DISAGREE,UP,65.00,SELL PUTS,SMALL_POSITION,After Month 2 (recovery signal),2025-10,DOWN,80.8,NO,2025-11,UP,8.3,YES,2025-12,DOWN
ZEEL,2026-Q1,M1_M2_DISAGREE,UP,65.00,SELL PUTS,SMALL_POSITION,After Month 2 (recovery signal),2026-01,DOWN,37.8,NO,2026-02,UP,19.6,YES,2026-03,DOWN
ZEEMEDIA,2026-Q1,M1_M2_DISAGREE,UP,65.00,SELL PUTS,SMALL_POSITION,After Month 2 (recovery signal),2026-01,DOWN,48.8,NO,2026-02,UP,21.4,YES,2026-03,DOWN
ZENITHEXPO,2025-Q4,M1_M2_DISAGREE,UP,65.00,SELL PUTS,SMALL_POSITION,After Month 2 (recovery signal),2025-10,DOWN,44.0,NO,2025-11,UP,48.4,YES,2025-12,DOWN
ZENITHSTL,2026-Q1,M1_M2_DISAGREE,UP,65.00,SELL PUTS,SMALL_POSITION,After Month 2 (recovery signal),2026-01,DOWN,64.5,NO,2026-02,UP,47.5,YES,2026-03,DOWN
ZENTEC,2025-Q4,M1_M2_DISAGREE,UP,65.00,SELL PUTS,SMALL_POSITION,After Month 2 (recovery signal),2025-10,DOWN,43.0,NO,2025-11,UP,15.1,NO,2025-12,DOWN
ZFCVINDIA,2025-Q4,M1_M2_DISAGREE,UP,65.00,SELL PUTS,SMALL_POSITION,After Month 2 (recovery signal),2025-10,DOWN,54.2,NO,2025-11,UP,68.0,YES,2025-12,UP
ZFCVINDIA,2026-Q1,M1_M2_DISAGREE,UP,65.00,SELL PUTS,SMALL_POSITION,After Month 2 (recovery signal),2026-01,DOWN,1.7,YES,2026-02,UP,5.1,YES,2026-03,DOWN
ZODIAC,2026-Q1,M1_M2_DISAGREE,UP,65.00,SELL PUTS,SMALL_POSITION,After Month 2 (recovery signal),2026-01,DOWN,71.4,NO,2026-02,UP,19.1,NO,2026-03,UP
ZUARI,2025-Q4,M1_M2_DISAGREE,UP,65.00,SELL PUTS,SMALL_POSITION,After Month 2 (recovery signal),2025-10,DOWN,45.7,NO,2025-11,UP,29.0,YES,2025-12,UP
ZUARIIND,2025-Q4,M1_M2_DISAGREE,UP,65.00,SELL PUTS,SMALL_POSITION,After Month 2 (recovery signal),2025-10,DOWN,47.7,NO,2025-11,UP,22.1,NO,2025-12,DOWN
ZYDUSLIFE,2026-Q1,M1_M2_DISAGREE,UP,65.00,SELL PUTS,SMALL_POSITION,After Month 2 (recovery signal),2026-01,DOWN,42.1,NO,2026-02,UP,49.9,YES,2026-03,DOWN
3IINFO-RE,2025-Q4,M1_ONLY,DOWN,64.65,SELL CALLS,WATCHLIST,After Month 1 closes,2025-10,DOWN,71.5,NO,NOT YET CLOSED,,0.0,,NOT YET CLOSED,
AARVEEDEN,2025-Q4,M1_ONLY,DOWN,64.65,SELL CALLS,WATCHLIST,After Month 1 closes,2025-10,DOWN,74.9,NO,NOT YET CLOSED,,0.0,,NOT YET CLOSED,
ABSL10BANK,2026-Q1,M1_ONLY,DOWN,64.65,SELL CALLS,WATCHLIST,After Month 1 closes,2026-03,DOWN,39.1,NO,NOT YET CLOSED,,0.0,,NOT YET CLOSED,
ACC,2025-Q4,M1_ONLY,UP,64.65,SELL PUTS,WATCHLIST,After Month 1 closes,2025-10,UP,50.5,YES,2025-11,FLAT,38.4,NO,2025-12,DOWN
AEPL,2026-Q1,M1_ONLY,UP,64.65,SELL PUTS,WATCHLIST,After Month 1 closes,2026-03,UP,38.2,NO,NOT YET CLOSED,,0.0,,NOT YET CLOSED,
AEQUS,2025-Q4,M1_ONLY,DOWN,64.65,SELL CALLS,WATCHLIST,After Month 1 closes,2025-12,DOWN,9.6,NO,NOT YET CLOSED,,0.0,,NOT YET CLOSED,
AGARWALEYE,2026-Q1,M1_ONLY,DOWN,64.65,SELL CALLS,WATCHLIST,After Month 1 closes,2026-01,DOWN,64.6,NO,2026-02,FLAT,47.3,YES,2026-03,DOWN
ANMOL,2025-Q4,M1_ONLY,DOWN,64.65,SELL CALLS,WATCHLIST,After Month 1 closes,2025-10,DOWN,30.9,NO,2025-11,FLAT,17.8,NO,2025-12,DOWN
AONESILVER,2026-Q1,M1_ONLY,DOWN,64.65,SELL CALLS,WATCHLIST,After Month 1 closes,2026-03,DOWN,58.2,NO,NOT YET CLOSED,,0.0,,NOT YET CLOSED,
AONETOTAL,2026-Q1,M1_ONLY,DOWN,64.65,SELL CALLS,WATCHLIST,After Month 1 closes,2026-01,DOWN,41.2,NO,2026-02,FLAT,17.1,NO,2026-03,DOWN
ARVEE,2025-Q4,M1_ONLY,UP,64.65,SELL PUTS,WATCHLIST,After Month 1 closes,2025-10,UP,34.6,YES,2025-11,FLAT,16.7,NO,2025-12,UP
BANARISUG,2025-Q4,M1_ONLY,DOWN,64.65,SELL CALLS,WATCHLIST,After Month 1 closes,2025-10,DOWN,11.6,NO,2025-11,FLAT,1.5,NO,2025-12,UP
BANARISUG,2026-Q1,M1_ONLY,DOWN,64.65,SELL CALLS,WATCHLIST,After Month 1 closes,2026-01,DOWN,19.3,NO,2026-02,FLAT,6.9,YES,2026-03,UP
BANK10ADD,2026-Q1,M1_ONLY,DOWN,64.65,SELL CALLS,WATCHLIST,After Month 1 closes,2026-03,DOWN,6.0,NO,NOT YET CLOSED,,0.0,,NOT YET CLOSED,
BANKADD,2025-Q4,M1_ONLY,DOWN,64.65,SELL CALLS,WATCHLIST,After Month 1 closes,2025-12,DOWN,36.8,NO,NOT YET CLOSED,,0.0,,NOT YET CLOSED,
BANKBETA,2025-Q4,M1_ONLY,DOWN,64.65,SELL CALLS,WATCHLIST,After Month 1 closes,2025-12,DOWN,7.6,NO,NOT YET CLOSED,,0.0,,NOT YET CLOSED,
BARBEQUE,2025-Q4,M1_ONLY,DOWN,64.65,SELL CALLS,WATCHLIST,After Month 1 closes,2025-10,DOWN,22.0,NO,NOT YET CLOSED,,0.0,,NOT YET CLOSED,
BOSCH-HCIL,2025-Q4,M1_ONLY,DOWN,64.65,SELL CALLS,WATCHLIST,After Month 1 closes,2025-12,DOWN,4.1,NO,NOT YET CLOSED,,0.0,,NOT YET CLOSED,
CLSEL,2025-Q4,M1_ONLY,UP,64.65,SELL PUTS,WATCHLIST,After Month 1 closes,2025-10,UP,24.7,YES,2025-11,FLAT,55.4,NO,2025-12,UP
CNL,2025-Q4,M1_ONLY,DOWN,64.65,SELL CALLS,WATCHLIST,After Month 1 closes,2025-12,DOWN,38.9,NO,NOT YET CLOSED,,0.0,,NOT YET CLOSED,
CONSUMER,2025-Q4,M1_ONLY,UP,64.65,SELL PUTS,WATCHLIST,After Month 1 closes,2025-10,UP,35.8,YES,2025-11,FLAT,18.2,NO,2025-12,UP
CORONA,2025-Q4,M1_ONLY,DOWN,64.65,SELL CALLS,WATCHLIST,After Month 1 closes,2025-12,DOWN,54.0,NO,NOT YET CLOSED,,0.0,,NOT YET CLOSED,
DBSTOCKBRO,2025-Q4,M1_ONLY,DOWN,64.65,SELL CALLS,WATCHLIST,After Month 1 closes,2025-10,DOWN,21.2,NO,2025-11,FLAT,28.5,NO,2025-12,FLAT
DIAMONDYD,2026-Q1,M1_ONLY,DOWN,64.65,SELL CALLS,WATCHLIST,After Month 1 closes,2026-01,DOWN,28.6,NO,2026-02,FLAT,38.4,NO,2026-03,DOWN
DIVIDEND,2025-Q4,M1_ONLY,UP,64.65,SELL PUTS,WATCHLIST,After Month 1 closes,2025-12,UP,63.1,YES,NOT YET CLOSED,,0.0,,NOT YET CLOSED,
DIVIDEND,2026-Q1,M1_ONLY,UP,64.65,SELL PUTS,WATCHLIST,After Month 1 closes,2026-01,UP,14.5,YES,2026-02,FLAT,47.3,NO,2026-03,DOWN
ECAPINSURE,2025-Q4,M1_ONLY,UP,64.65,SELL PUTS,WATCHLIST,After Month 1 closes,2025-10,UP,47.0,YES,2025-11,FLAT,37.4,YES,2025-12,UP
EGOLD,2026-Q1,M1_ONLY,UP,64.65,SELL PUTS,WATCHLIST,After Month 1 closes,2026-01,UP,63.5,YES,2026-02,FLAT,31.2,YES,2026-03,DOWN
EQUAL200,2025-Q4,M1_ONLY,UP,64.65,SELL PUTS,WATCHLIST,After Month 1 closes,2025-10,UP,45.9,YES,2025-11,FLAT,9.9,YES,2025-12,DOWN
FSC,2025-Q4,M1_ONLY,UP,64.65,SELL PUTS,WATCHLIST,After Month 1 closes,2025-10,UP,50.9,YES,NOT YET CLOSED,,0.0,,NOT YET CLOSED,
GANGAFORGE,2026-Q1,M1_ONLY,UP,64.65,SELL PUTS,WATCHLIST,After Month 1 closes,2026-01,UP,27.5,NO,2026-02,FLAT,44.4,NO,2026-03,DOWN
GILT5BETA,2025-Q4,M1_ONLY,UP,64.65,SELL PUTS,WATCHLIST,After Month 1 closes,2025-12,UP,42.8,NO,NOT YET CLOSED,,0.0,,NOT YET CLOSED,
GKSL,2025-Q4,M1_ONLY,DOWN,64.65,SELL CALLS,WATCHLIST,After Month 1 closes,2025-12,DOWN,74.2,NO,NOT YET CLOSED,,0.0,,NOT YET CLOSED,
GODHA,2025-Q4,M1_ONLY,DOWN,64.65,SELL CALLS,WATCHLIST,After Month 1 closes,2025-10,DOWN,50.0,NO,NOT YET CLOSED,,0.0,,NOT YET CLOSED,
GOLDADD,2025-Q4,M1_ONLY,UP,64.65,SELL PUTS,WATCHLIST,After Month 1 closes,2025-12,UP,26.1,YES,NOT YET CLOSED,,0.0,,NOT YET CLOSED,
GOLDBETA,2025-Q4,M1_ONLY,DOWN,64.65,SELL CALLS,WATCHLIST,After Month 1 closes,2025-12,DOWN,19.9,YES,NOT YET CLOSED,,0.0,,NOT YET CLOSED,
GOLDBND,2025-Q4,M1_ONLY,UP,64.65,SELL PUTS,WATCHLIST,After Month 1 closes,2025-12,UP,13.5,NO,NOT YET CLOSED,,0.0,,NOT YET CLOSED,
GROWW,2026-Q1,M1_ONLY,UP,64.65,SELL PUTS,WATCHLIST,After Month 1 closes,2026-01,UP,65.2,YES,2026-02,FLAT,45.7,NO,2026-03,DOWN
GROWWCAPM,2025-Q4,M1_ONLY,DOWN,64.65,SELL CALLS,WATCHLIST,After Month 1 closes,2025-12,DOWN,6.7,NO,NOT YET CLOSED,,0.0,,NOT YET CLOSED,
GROWWDEFNC,2026-Q1,M1_ONLY,UP,64.65,SELL PUTS,WATCHLIST,After Month 1 closes,2026-01,UP,42.5,YES,2026-02,FLAT,20.1,NO,2026-03,DOWN
GROWWLOVOL,2026-Q1,M1_ONLY,DOWN,64.65,SELL CALLS,WATCHLIST,After Month 1 closes,2026-01,DOWN,7.5,NO,2026-02,FLAT,19.4,YES,2026-03,FLAT
GROWWMETAL,2025-Q4,M1_ONLY,DOWN,64.65,SELL CALLS,WATCHLIST,After Month 1 closes,2025-12,DOWN,36.9,YES,NOT YET CLOSED,,0.0,,NOT YET CLOSED,
GROWWMOM50,2025-Q4,M1_ONLY,UP,64.65,SELL PUTS,WATCHLIST,After Month 1 closes,2025-10,UP,65.4,YES,2025-11,FLAT,46.7,YES,2025-12,DOWN
GRSE,2026-Q1,M1_ONLY,UP,64.65,SELL PUTS,WATCHLIST,After Month 1 closes,2026-01,UP,50.1,YES,2026-02,FLAT,74.9,NO,2026-03,DOWN
HAVISHA,2026-Q1,M1_ONLY,DOWN,64.65,SELL CALLS,WATCHLIST,After Month 1 closes,2026-01,DOWN,35.0,NO,2026-02,FLAT,16.7,YES,2026-03,DOWN
HCC-RE1,2025-Q4,M1_ONLY,UP,64.65,SELL PUTS,WATCHLIST,After Month 1 closes,2025-12,UP,29.2,NO,NOT YET CLOSED,,0.0,,NOT YET CLOSED,
HCG-RE,2026-Q1,M1_ONLY,DOWN,64.65,SELL CALLS,WATCHLIST,After Month 1 closes,2026-03,DOWN,49.1,NO,NOT YET CLOSED,,0.0,,NOT YET CLOSED,
HEUBACHIND,2026-Q1,M1_ONLY,DOWN,64.65,SELL CALLS,WATCHLIST,After Month 1 closes,2026-01,DOWN,65.7,NO,NOT YET CLOSED,,0.0,,NOT YET CLOSED,
HILTON-RE1,2026-Q1,M1_ONLY,DOWN,64.65,SELL CALLS,WATCHLIST,After Month 1 closes,2026-01,DOWN,64.6,NO,NOT YET CLOSED,,0.0,,NOT YET CLOSED,
HILTON-RE2,2026-Q1,M1_ONLY,DOWN,64.65,SELL CALLS,WATCHLIST,After Month 1 closes,2026-03,DOWN,10.7,NO,NOT YET CLOSED,,0.0,,NOT YET CLOSED,
HNGSNGBEES,2026-Q1,M1_ONLY,UP,64.65,SELL PUTS,WATCHLIST,After Month 1 closes,2026-01,UP,75.0,YES,2026-02,FLAT,34.2,NO,2026-03,DOWN
ICICIAMC,2025-Q4,M1_ONLY,UP,64.65,SELL PUTS,WATCHLIST,After Month 1 closes,2025-12,UP,31.5,YES,NOT YET CLOSED,,0.0,,NOT YET CLOSED,
IEL,2025-Q4,M1_ONLY,UP,64.65,SELL PUTS,WATCHLIST,After Month 1 closes,2025-10,UP,12.3,NO,NOT YET CLOSED,,0.0,,NOT YET CLOSED,
INA,2026-Q1,M1_ONLY,DOWN,64.65,SELL CALLS,WATCHLIST,After Month 1 closes,2026-03,DOWN,38.4,NO,NOT YET CLOSED,,0.0,,NOT YET CLOSED,
INDO-RE2,2025-Q4,M1_ONLY,DOWN,64.65,SELL CALLS,WATCHLIST,After Month 1 closes,2025-12,DOWN,49.1,NO,NOT YET CLOSED,,0.0,,NOT YET CLOSED,
INFIBEAM,2026-Q1,M1_ONLY,DOWN,64.65,SELL CALLS,WATCHLIST,After Month 1 closes,2026-01,DOWN,19.3,NO,2026-02,FLAT,52.4,YES,NOT YET CLOSED,
ITADD,2025-Q4,M1_ONLY,UP,64.65,SELL PUTS,WATCHLIST,After Month 1 closes,2025-12,UP,42.8,NO,NOT YET CLOSED,,0.0,,NOT YET CLOSED,
ITBETA,2025-Q4,M1_ONLY,DOWN,64.65,SELL CALLS,WATCHLIST,After Month 1 closes,2025-12,DOWN,23.4,NO,NOT YET CLOSED,,0.0,,NOT YET CLOSED,
KNAGRI,2025-Q4,M1_ONLY,DOWN,64.65,SELL CALLS,WATCHLIST,After Month 1 closes,2025-12,DOWN,29.1,YES,NOT YET CLOSED,,0.0,,NOT YET CLOSED,
KOTYARK,2026-Q1,M1_ONLY,UP,64.65,SELL PUTS,WATCHLIST,After Month 1 closes,2026-03,UP,55.6,YES,NOT YET CLOSED,,0.0,,NOT YET CLOSED,
KSHINTL,2025-Q4,M1_ONLY,DOWN,64.65,SELL CALLS,WATCHLIST,After Month 1 closes,2025-12,DOWN,33.0,NO,NOT YET CLOSED,,0.0,,NOT YET CLOSED,
LEMERITE,2025-Q4,M1_ONLY,DOWN,64.65,SELL CALLS,WATCHLIST,After Month 1 closes,2025-12,DOWN,46.5,NO,NOT YET CLOSED,,0.0,,NOT YET CLOSED,
LICMFGOLD,2026-Q1,M1_ONLY,UP,64.65,SELL PUTS,WATCHLIST,After Month 1 closes,2026-01,UP,57.2,YES,2026-02,FLAT,23.4,NO,2026-03,DOWN
LIQUID,2025-Q4,M1_ONLY,DOWN,64.65,SELL CALLS,WATCHLIST,After Month 1 closes,2025-10,DOWN,0.0,NO,2025-11,FLAT,100.0,YES,2025-12,DOWN
LIQUID,2026-Q1,M1_ONLY,DOWN,64.65,SELL CALLS,WATCHLIST,After Month 1 closes,2026-01,DOWN,0.0,NO,2026-02,FLAT,100.0,YES,2026-03,FLAT
LIQUIDETF,2026-Q1,M1_ONLY,UP,64.65,SELL PUTS,WATCHLIST,After Month 1 closes,2026-01,UP,0.0,NO,2026-02,FLAT,50.0,YES,2026-03,FLAT
LIQUIDIETF,2025-Q4,M1_ONLY,UP,64.65,SELL PUTS,WATCHLIST,After Month 1 closes,2025-10,UP,0.0,NO,2025-11,FLAT,50.0,YES,2025-12,DOWN
LTGILTBEES,2025-Q4,M1_ONLY,UP,64.65,SELL PUTS,WATCHLIST,After Month 1 closes,2025-10,UP,64.0,YES,2025-11,FLAT,14.2,YES,2025-12,UP
MADHAV,2025-Q4,M1_ONLY,UP,64.65,SELL PUTS,WATCHLIST,After Month 1 closes,2025-10,UP,36.6,NO,2025-11,FLAT,5.9,YES,2025-12,UP
MALUPAPER,2025-Q4,M1_ONLY,DOWN,64.65,SELL CALLS,WATCHLIST,After Month 1 closes,2025-10,DOWN,0.3,YES,2025-11,FLAT,8.3,NO,2025-12,DOWN
MANGCHEFER,2025-Q4,M1_ONLY,DOWN,64.65,SELL CALLS,WATCHLIST,After Month 1 closes,2025-10,DOWN,55.9,NO,NOT YET CLOSED,,0.0,,NOT YET CLOSED,
MARSONS,2026-Q1,M1_ONLY,DOWN,64.65,SELL CALLS,WATCHLIST,After Month 1 closes,2026-03,DOWN,16.3,NO,NOT YET CLOSED,,0.0,,NOT YET CLOSED,
MEESHO,2025-Q4,M1_ONLY,UP,64.65,SELL PUTS,WATCHLIST,After Month 1 closes,2025-12,UP,17.4,YES,NOT YET CLOSED,,0.0,,NOT YET CLOSED,
MODEFENCE,2026-Q1,M1_ONLY,UP,64.65,SELL PUTS,WATCHLIST,After Month 1 closes,2026-01,UP,32.1,YES,2026-02,FLAT,17.7,NO,2026-03,DOWN
MODINATUR,2025-Q4,M1_ONLY,DOWN,64.65,SELL CALLS,WATCHLIST,After Month 1 closes,2025-12,DOWN,34.7,NO,NOT YET CLOSED,,0.0,,NOT YET CLOSED,
MOGSEC,2025-Q4,M1_ONLY,UP,64.65,SELL PUTS,WATCHLIST,After Month 1 closes,2025-10,UP,58.1,YES,2025-11,FLAT,62.7,YES,2025-12,DOWN
MOMNC,2025-Q4,M1_ONLY,UP,64.65,SELL PUTS,WATCHLIST,After Month 1 closes,2025-12,UP,5.1,YES,NOT YET CLOSED,,0.0,,NOT YET CLOSED,
MOMNC,2026-Q1,M1_ONLY,DOWN,64.65,SELL CALLS,WATCHLIST,After Month 1 closes,2026-01,DOWN,12.9,NO,2026-02,FLAT,25.3,YES,2026-03,DOWN
MOQUALITY,2026-Q1,M1_ONLY,DOWN,64.65,SELL CALLS,WATCHLIST,After Month 1 closes,2026-01,DOWN,7.0,NO,2026-02,FLAT,16.0,NO,2026-03,DOWN
MOSERVICE,2026-Q1,M1_ONLY,DOWN,64.65,SELL CALLS,WATCHLIST,After Month 1 closes,2026-01,DOWN,24.4,NO,2026-02,FLAT,3.6,NO,2026-03,DOWN
MSCIADD,2025-Q4,M1_ONLY,DOWN,64.65,SELL CALLS,WATCHLIST,After Month 1 closes,2025-12,DOWN,62.2,NO,NOT YET CLOSED,,0.0,,NOT YET CLOSED,
NBIFIN,2026-Q1,M1_ONLY,DOWN,64.65,SELL CALLS,WATCHLIST,After Month 1 closes,2026-01,DOWN,49.0,NO,2026-02,FLAT,27.0,NO,2026-03,DOWN
NEPHROPLUS,2025-Q4,M1_ONLY,DOWN,64.65,SELL CALLS,WATCHLIST,After Month 1 closes,2025-12,DOWN,40.6,NO,NOT YET CLOSED,,0.0,,NOT YET CLOSED,
NEXT50BETA,2025-Q4,M1_ONLY,UP,64.65,SELL PUTS,WATCHLIST,After Month 1 closes,2025-12,UP,5.6,NO,NOT YET CLOSED,,0.0,,NOT YET CLOSED,
NIFTYADD,2025-Q4,M1_ONLY,DOWN,64.65,SELL CALLS,WATCHLIST,After Month 1 closes,2025-12,DOWN,4.0,NO,NOT YET CLOSED,,0.0,,NOT YET CLOSED,
NINSYS,2025-Q4,M1_ONLY,UP,64.65,SELL PUTS,WATCHLIST,After Month 1 closes,2025-10,UP,31.1,NO,2025-11,FLAT,37.4,NO,2025-12,DOWN
OMNI,2026-Q1,M1_ONLY,UP,64.65,SELL PUTS,WATCHLIST,After Month 1 closes,2026-03,UP,26.1,YES,NOT YET CLOSED,,0.0,,NOT YET CLOSED,
ORBTEXP,2025-Q4,M1_ONLY,UP,64.65,SELL PUTS,WATCHLIST,After Month 1 closes,2025-10,UP,44.1,YES,2025-11,FLAT,50.1,NO,2025-12,UP
ORIENTALTL,2025-Q4,M1_ONLY,UP,64.65,SELL PUTS,WATCHLIST,After Month 1 closes,2025-10,UP,6.5,YES,2025-11,FLAT,66.0,NO,2025-12,UP
PARAS,2026-Q1,M1_ONLY,UP,64.65,SELL PUTS,WATCHLIST,After Month 1 closes,2026-01,UP,28.0,YES,2026-02,FLAT,76.1,NO,2026-03,DOWN
PARKHOSPS,2025-Q4,M1_ONLY,DOWN,64.65,SELL CALLS,WATCHLIST,After Month 1 closes,2025-12,DOWN,43.0,NO,NOT YET CLOSED,,0.0,,NOT YET CLOSED,
PATANJALI,2025-Q4,M1_ONLY,UP,64.65,SELL PUTS,WATCHLIST,After Month 1 closes,2025-10,UP,57.8,YES,2025-11,FLAT,95.8,NO,2025-12,DOWN
PATELEG-RE,2025-Q4,M1_ONLY,DOWN,64.65,SELL CALLS,WATCHLIST,After Month 1 closes,2025-12,DOWN,40.7,NO,NOT YET CLOSED,,0.0,,NOT YET CLOSED,
PAUSHAKLTD,2025-Q4,M1_ONLY,UP,64.65,SELL PUTS,WATCHLIST,After Month 1 closes,2025-12,UP,27.2,NO,NOT YET CLOSED,,0.0,,NOT YET CLOSED,
QUAL30IETF,2025-Q4,M1_ONLY,UP,64.65,SELL PUTS,WATCHLIST,After Month 1 closes,2025-10,UP,71.7,YES,2025-11,FLAT,5.7,YES,2025-12,UP
RESPONIND,2025-Q4,M1_ONLY,UP,64.65,SELL PUTS,WATCHLIST,After Month 1 closes,2025-10,UP,26.8,YES,2025-11,FLAT,39.2,YES,2025-12,DOWN
RUDRA,2025-Q4,M1_ONLY,DOWN,64.65,SELL CALLS,WATCHLIST,After Month 1 closes,2025-12,DOWN,24.2,NO,NOT YET CLOSED,,0.0,,NOT YET CLOSED,
SANGINITA,2025-Q4,M1_ONLY,UP,64.65,SELL PUTS,WATCHLIST,After Month 1 closes,2025-10,UP,29.9,NO,2025-11,FLAT,4.7,YES,2025-12,UP
SBIMIDMOM,2026-Q1,M1_ONLY,DOWN,64.65,SELL CALLS,WATCHLIST,After Month 1 closes,2026-03,DOWN,72.0,NO,NOT YET CLOSED,,0.0,,NOT YET CLOSED,
SEDEMAC,2026-Q1,M1_ONLY,DOWN,64.65,SELL CALLS,WATCHLIST,After Month 1 closes,2026-03,DOWN,30.9,NO,NOT YET CLOSED,,0.0,,NOT YET CLOSED,
SEQUENT,2026-Q1,M1_ONLY,DOWN,64.65,SELL CALLS,WATCHLIST,After Month 1 closes,2026-01,DOWN,30.6,NO,NOT YET CLOSED,,0.0,,NOT YET CLOSED,
SHRENIK,2025-Q4,M1_ONLY,UP,64.65,SELL PUTS,WATCHLIST,After Month 1 closes,2025-10,UP,0.0,NO,2025-11,FLAT,4.8,YES,2025-12,DOWN
SILVERBND,2025-Q4,M1_ONLY,UP,64.65,SELL PUTS,WATCHLIST,After Month 1 closes,2025-12,UP,57.9,YES,NOT YET CLOSED,,0.0,,NOT YET CLOSED,
SKFINDUS,2025-Q4,M1_ONLY,DOWN,64.65,SELL CALLS,WATCHLIST,After Month 1 closes,2025-12,DOWN,6.8,NO,NOT YET CLOSED,,0.0,,NOT YET CLOSED,
SMALLADD,2025-Q4,M1_ONLY,UP,64.65,SELL PUTS,WATCHLIST,After Month 1 closes,2025-12,UP,13.0,YES,NOT YET CLOSED,,0.0,,NOT YET CLOSED,
SNXT50BETA,2025-Q4,M1_ONLY,DOWN,64.65,SELL CALLS,WATCHLIST,After Month 1 closes,2025-12,DOWN,34.2,NO,NOT YET CLOSED,,0.0,,NOT YET CLOSED,
SRTL,2026-Q1,M1_ONLY,DOWN,64.65,SELL CALLS,WATCHLIST,After Month 1 closes,2026-03,DOWN,62.9,NO,NOT YET CLOSED,,0.0,,NOT YET CLOSED,
STALL-RE,2026-Q1,M1_ONLY,DOWN,64.65,SELL CALLS,WATCHLIST,After Month 1 closes,2026-02,DOWN,73.6,NO,NOT YET CLOSED,,0.0,,NOT YET CLOSED,
SUNDARMHLD,2025-Q4,M1_ONLY,UP,64.65,SELL PUTS,WATCHLIST,After Month 1 closes,2025-10,UP,57.0,YES,NOT YET CLOSED,,0.0,,NOT YET CLOSED,
SWANCORP,2025-Q4,M1_ONLY,UP,64.65,SELL PUTS,WATCHLIST,After Month 1 closes,2025-10,UP,21.4,YES,2025-11,FLAT,41.9,NO,2025-12,UP
SWSOLAR,2025-Q4,M1_ONLY,DOWN,64.65,SELL CALLS,WATCHLIST,After Month 1 closes,2025-10,DOWN,66.8,NO,2025-11,FLAT,17.5,YES,2025-12,DOWN
TARMAT,2025-Q4,M1_ONLY,UP,64.65,SELL PUTS,WATCHLIST,After Month 1 closes,2025-10,UP,4.5,YES,2025-11,FLAT,8.6,YES,2025-12,DOWN
TEAMLEASE,2025-Q4,M1_ONLY,DOWN,64.65,SELL CALLS,WATCHLIST,After Month 1 closes,2025-10,DOWN,63.0,NO,2025-11,FLAT,15.5,NO,2025-12,DOWN
TIMKEN,2025-Q4,M1_ONLY,UP,64.65,SELL PUTS,WATCHLIST,After Month 1 closes,2025-10,UP,59.1,YES,2025-11,FLAT,2.1,YES,2025-12,DOWN
TOP100CASE,2025-Q4,M1_ONLY,UP,64.65,SELL PUTS,WATCHLIST,After Month 1 closes,2025-10,UP,20.5,YES,2025-11,FLAT,27.3,NO,2025-12,UP
TOP20,2025-Q4,M1_ONLY,DOWN,64.65,SELL CALLS,WATCHLIST,After Month 1 closes,2025-12,DOWN,52.9,NO,NOT YET CLOSED,,0.0,,NOT YET CLOSED,
TTL,2025-Q4,M1_ONLY,DOWN,64.65,SELL CALLS,WATCHLIST,After Month 1 closes,2025-10,DOWN,56.6,NO,2025-11,FLAT,29.7,NO,2025-12,DOWN
UTINEXT50,2025-Q4,M1_ONLY,UP,64.65,SELL PUTS,WATCHLIST,After Month 1 closes,2025-10,UP,32.3,YES,2025-11,FLAT,0.3,NO,2025-12,UP
VIDYAWIRES,2025-Q4,M1_ONLY,DOWN,64.65,SELL CALLS,WATCHLIST,After Month 1 closes,2025-12,DOWN,21.6,NO,NOT YET CLOSED,,0.0,,NOT YET CLOSED,
VITAL,2026-Q1,M1_ONLY,DOWN,64.65,SELL CALLS,WATCHLIST,After Month 1 closes,2026-03,DOWN,55.2,NO,NOT YET CLOSED,,0.0,,NOT YET CLOSED,
WAKEFIT,2025-Q4,M1_ONLY,DOWN,64.65,SELL CALLS,WATCHLIST,After Month 1 closes,2025-12,DOWN,40.4,NO,NOT YET CLOSED,,0.0,,NOT YET CLOSED,
WILLAMAGOR,2025-Q4,M1_ONLY,UP,64.65,SELL PUTS,WATCHLIST,After Month 1 closes,2025-10,UP,9.5,YES,2025-11,FLAT,48.8,NO,2025-12,DOWN
WORTH,2025-Q4,M1_ONLY,UP,64.65,SELL PUTS,WATCHLIST,After Month 1 closes,2025-10,UP,70.2,YES,NOT YET CLOSED,,0.0,,NOT YET CLOSED,
